# Blender 5.2.0 LTS
# www.blender.org
o demo5_background.002
v 4.154394 5.841140 -0.043151
v 4.154395 5.848712 -0.049904
v 4.154395 5.841140 -0.049904
v 4.154394 5.841140 -0.043151
v 4.154395 5.848712 -0.043151
v 4.154395 5.848712 -0.049904
v 4.154395 5.841140 3.620999
v 4.154395 5.848712 -0.043151
v 4.154394 5.841140 -0.043151
v 4.154395 5.914207 -0.049906
v 4.154395 5.848712 -0.049904
v 4.154395 5.848712 -0.043151
v 4.154395 5.841140 3.620999
v 4.154395 5.848713 3.620999
v 4.154395 5.848712 -0.043151
v 4.154395 5.841140 3.627116
v 4.154395 5.848713 3.620999
v 4.154395 5.841140 3.620999
v 4.154395 5.841140 3.627116
v 4.154395 5.848713 3.627116
v 4.154395 5.848713 3.620999
v 4.154395 5.914207 3.627116
v 4.154395 5.848713 3.620999
v 4.154395 5.848713 3.627116
v 4.154395 5.914207 3.627116
v 4.154395 5.914207 3.620999
v 4.154395 5.848713 3.620999
v 4.154395 5.914207 3.620999
v 4.154395 5.848712 -0.043151
v 4.154395 5.848713 3.620999
v 4.154395 5.921522 3.627116
v 4.154395 5.914207 3.620999
v 4.154395 5.914207 3.627116
v 4.154395 5.921522 3.627116
v 4.154395 5.921522 3.620999
v 4.154395 5.914207 3.620999
v 4.154395 5.914207 -0.049906
v 4.154395 5.848712 -0.043151
v 4.154395 5.914207 -0.043149
v 4.154395 5.914207 3.620999
v 4.154395 5.914207 -0.043149
v 4.154395 5.848712 -0.043151
v 4.154395 5.921522 3.620999
v 4.154395 5.914207 -0.043149
v 4.154395 5.914207 3.620999
v 4.154395 5.921521 -0.049904
v 4.154395 5.914207 -0.049906
v 4.154395 5.914207 -0.043149
v 4.154395 5.921522 3.620999
v 4.154395 5.921521 -0.043151
v 4.154395 5.914207 -0.043149
v 4.154395 5.921521 -0.049904
v 4.154395 5.914207 -0.043149
v 4.154395 5.921521 -0.043151
v 3.732960 5.848713 -0.049904
v 3.732960 5.841140 -0.043151
v 3.732960 5.841140 -0.049904
v 3.732960 5.848713 -0.049904
v 3.732960 5.848713 -0.043149
v 3.732960 5.841140 -0.043151
v 3.732960 5.914207 -0.049904
v 3.732960 5.848713 -0.043149
v 3.732960 5.848713 -0.049904
v 3.732960 5.848713 3.620999
v 3.732960 5.841140 -0.043151
v 3.732960 5.848713 -0.043149
v 3.732960 5.848713 3.620999
v 3.732960 5.841141 3.620999
v 3.732960 5.841140 -0.043151
v 3.732960 5.841141 3.627116
v 3.732960 5.841141 3.620999
v 3.732960 5.848713 3.620999
v 3.732960 5.841141 3.627116
v 3.732960 5.848713 3.620999
v 3.732960 5.848713 3.627116
v 3.732960 5.848713 3.627116
v 3.732960 5.848713 3.620999
v 3.732960 5.914207 3.620999
v 3.732960 5.914207 3.620999
v 3.732960 5.848713 3.620999
v 3.732960 5.848713 -0.043149
v 3.732960 5.848713 3.627116
v 3.732960 5.914207 3.620999
v 3.732960 5.914207 3.627116
v 3.732960 5.921522 3.627117
v 3.732960 5.914207 3.627116
v 3.732960 5.914207 3.620999
v 3.732960 5.921522 3.627117
v 3.732960 5.914207 3.620999
v 3.732960 5.921522 3.621000
v 3.732960 5.914207 -0.049904
v 3.732960 5.914207 -0.043149
v 3.732960 5.848713 -0.043149
v 3.732960 5.914207 3.620999
v 3.732960 5.848713 -0.043149
v 3.732960 5.914207 -0.043149
v 3.732960 5.921522 3.621000
v 3.732960 5.914207 3.620999
v 3.732960 5.914207 -0.043149
v 3.732960 5.921521 -0.049904
v 3.732960 5.914207 -0.043149
v 3.732960 5.914207 -0.049904
v 3.732960 5.921522 3.621000
v 3.732960 5.914207 -0.043149
v 3.732960 5.921521 -0.043149
v 3.732960 5.921521 -0.049904
v 3.732960 5.921521 -0.043149
v 3.732960 5.914207 -0.043149
v 4.154395 5.848712 -0.049904
v 4.134998 5.841140 -0.049904
v 4.154395 5.841140 -0.049904
v 4.154395 5.848712 -0.049904
v 4.134998 5.848713 -0.049904
v 4.134998 5.841140 -0.049904
v 4.154395 5.914207 -0.049906
v 4.134998 5.848713 -0.049904
v 4.154395 5.848712 -0.049904
v 3.746868 5.841140 -0.049904
v 4.134998 5.841140 -0.049904
v 4.134998 5.848713 -0.049904
v 4.154395 5.914207 -0.049906
v 4.134998 5.914207 -0.049906
v 4.134998 5.848713 -0.049904
v 4.154395 5.921521 -0.049904
v 4.134998 5.914207 -0.049906
v 4.154395 5.914207 -0.049906
v 4.154395 5.921521 -0.049904
v 4.134998 5.921521 -0.049904
v 4.134998 5.914207 -0.049906
v 3.746869 5.921521 -0.049904
v 4.134998 5.914207 -0.049906
v 4.134998 5.921521 -0.049904
v 3.746868 5.841140 -0.049904
v 4.134998 5.848713 -0.049904
v 3.746869 5.848713 -0.049904
v 3.746869 5.848713 -0.049904
v 4.134998 5.848713 -0.049904
v 4.134998 5.914207 -0.049906
v 3.732960 5.841140 -0.049904
v 3.746868 5.841140 -0.049904
v 3.746869 5.848713 -0.049904
v 3.732960 5.841140 -0.049904
v 3.746869 5.848713 -0.049904
v 3.732960 5.848713 -0.049904
v 3.746869 5.921521 -0.049904
v 3.746869 5.914207 -0.049904
v 4.134998 5.914207 -0.049906
v 3.746869 5.848713 -0.049904
v 4.134998 5.914207 -0.049906
v 3.746869 5.914207 -0.049904
v 3.732960 5.848713 -0.049904
v 3.746869 5.848713 -0.049904
v 3.746869 5.914207 -0.049904
v 3.732960 5.921521 -0.049904
v 3.746869 5.914207 -0.049904
v 3.746869 5.921521 -0.049904
v 3.732960 5.848713 -0.049904
v 3.746869 5.914207 -0.049904
v 3.732960 5.914207 -0.049904
v 3.732960 5.921521 -0.049904
v 3.732960 5.914207 -0.049904
v 3.746869 5.914207 -0.049904
v 4.154395 5.921521 -0.043151
v 4.134998 5.921521 -0.049904
v 4.154395 5.921521 -0.049904
v 4.154395 5.921521 -0.043151
v 4.134998 5.921521 -0.043151
v 4.134998 5.921521 -0.049904
v 4.154395 5.921522 3.620999
v 4.134998 5.921521 -0.043151
v 4.154395 5.921521 -0.043151
v 3.746869 5.921521 -0.049904
v 4.134998 5.921521 -0.049904
v 4.134998 5.921521 -0.043151
v 4.154395 5.921522 3.620999
v 4.134998 5.921522 3.620999
v 4.134998 5.921521 -0.043151
v 4.154395 5.921522 3.627116
v 4.134998 5.921522 3.620999
v 4.154395 5.921522 3.620999
v 4.154395 5.921522 3.627116
v 4.134998 5.921522 3.627116
v 4.134998 5.921522 3.620999
v 3.746868 5.921522 3.627117
v 4.134998 5.921522 3.620999
v 4.134998 5.921522 3.627116
v 3.746868 5.921522 3.627117
v 3.746869 5.921522 3.621000
v 4.134998 5.921522 3.620999
v 3.746869 5.921522 3.621000
v 4.134998 5.921521 -0.043151
v 4.134998 5.921522 3.620999
v 3.732960 5.921522 3.627117
v 3.746869 5.921522 3.621000
v 3.746868 5.921522 3.627117
v 3.732960 5.921522 3.627117
v 3.732960 5.921522 3.621000
v 3.746869 5.921522 3.621000
v 3.746869 5.921521 -0.049904
v 4.134998 5.921521 -0.043151
v 3.746869 5.921521 -0.043149
v 3.746869 5.921522 3.621000
v 3.746869 5.921521 -0.043149
v 4.134998 5.921521 -0.043151
v 3.732960 5.921522 3.621000
v 3.746869 5.921521 -0.043149
v 3.746869 5.921522 3.621000
v 3.732960 5.921521 -0.049904
v 3.746869 5.921521 -0.049904
v 3.746869 5.921521 -0.043149
v 3.732960 5.921522 3.621000
v 3.732960 5.921521 -0.043149
v 3.746869 5.921521 -0.043149
v 3.732960 5.921521 -0.049904
v 3.746869 5.921521 -0.043149
v 3.732960 5.921521 -0.043149
v 4.154395 5.914207 3.627116
v 4.134998 5.921522 3.627116
v 4.154395 5.921522 3.627116
v 4.154395 5.914207 3.627116
v 4.134998 5.914207 3.627116
v 4.134998 5.921522 3.627116
v 4.154395 5.848713 3.627116
v 4.134998 5.914207 3.627116
v 4.154395 5.914207 3.627116
v 3.746868 5.921522 3.627117
v 4.134998 5.921522 3.627116
v 4.134998 5.914207 3.627116
v 4.154395 5.848713 3.627116
v 4.134998 5.848713 3.627116
v 4.134998 5.914207 3.627116
v 4.154395 5.841140 3.627116
v 4.134998 5.848713 3.627116
v 4.154395 5.848713 3.627116
v 4.154395 5.841140 3.627116
v 4.134998 5.841140 3.627116
v 4.134998 5.848713 3.627116
v 3.746869 5.841141 3.627116
v 4.134998 5.848713 3.627116
v 4.134998 5.841140 3.627116
v 3.746868 5.921522 3.627117
v 4.134998 5.914207 3.627116
v 3.746868 5.914207 3.627116
v 3.746868 5.914207 3.627116
v 4.134998 5.914207 3.627116
v 4.134998 5.848713 3.627116
v 3.732960 5.921522 3.627117
v 3.746868 5.921522 3.627117
v 3.746868 5.914207 3.627116
v 3.732960 5.921522 3.627117
v 3.746868 5.914207 3.627116
v 3.732960 5.914207 3.627116
v 3.746869 5.841141 3.627116
v 3.746868 5.848713 3.627116
v 4.134998 5.848713 3.627116
v 3.746868 5.914207 3.627116
v 4.134998 5.848713 3.627116
v 3.746868 5.848713 3.627116
v 3.732960 5.914207 3.627116
v 3.746868 5.914207 3.627116
v 3.746868 5.848713 3.627116
v 3.732960 5.841141 3.627116
v 3.746868 5.848713 3.627116
v 3.746869 5.841141 3.627116
v 3.732960 5.914207 3.627116
v 3.746868 5.848713 3.627116
v 3.732960 5.848713 3.627116
v 3.732960 5.841141 3.627116
v 3.732960 5.848713 3.627116
v 3.746868 5.848713 3.627116
v 4.154395 5.841140 3.620999
v 4.134998 5.841140 3.627116
v 4.154395 5.841140 3.627116
v 4.154395 5.841140 3.620999
v 4.134998 5.841140 3.620999
v 4.134998 5.841140 3.627116
v 4.154394 5.841140 -0.043151
v 4.134998 5.841140 3.620999
v 4.154395 5.841140 3.620999
v 3.746869 5.841141 3.620999
v 4.134998 5.841140 3.627116
v 4.134998 5.841140 3.620999
v 3.746869 5.841141 3.620999
v 3.746869 5.841141 3.627116
v 4.134998 5.841140 3.627116
v 4.154394 5.841140 -0.043151
v 4.134998 5.841140 -0.043151
v 4.134998 5.841140 3.620999
v 3.746869 5.841141 3.620999
v 4.134998 5.841140 3.620999
v 4.134998 5.841140 -0.043151
v 4.154395 5.841140 -0.049904
v 4.134998 5.841140 -0.043151
v 4.154394 5.841140 -0.043151
v 4.154395 5.841140 -0.049904
v 4.134998 5.841140 -0.049904
v 4.134998 5.841140 -0.043151
v 3.746868 5.841140 -0.049904
v 4.134998 5.841140 -0.043151
v 4.134998 5.841140 -0.049904
v 3.746868 5.841140 -0.049904
v 3.746868 5.841140 -0.043151
v 4.134998 5.841140 -0.043151
v 3.746869 5.841141 3.620999
v 4.134998 5.841140 -0.043151
v 3.746868 5.841140 -0.043151
v 3.732960 5.841140 -0.049904
v 3.746868 5.841140 -0.043151
v 3.746868 5.841140 -0.049904
v 3.732960 5.841140 -0.049904
v 3.732960 5.841140 -0.043151
v 3.746868 5.841140 -0.043151
v 3.732960 5.841141 3.620999
v 3.746868 5.841140 -0.043151
v 3.732960 5.841140 -0.043151
v 3.732960 5.841141 3.620999
v 3.746869 5.841141 3.620999
v 3.746868 5.841140 -0.043151
v 3.732960 5.841141 3.620999
v 3.746869 5.841141 3.627116
v 3.746869 5.841141 3.620999
v 3.732960 5.841141 3.620999
v 3.732960 5.841141 3.627116
v 3.746869 5.841141 3.627116
v 4.154395 5.932116 -0.043151
v 4.154395 5.935663 -0.049904
v 4.154395 5.932116 -0.049906
v 4.154395 5.932116 -0.043151
v 4.154395 5.935663 -0.043149
v 4.154395 5.935663 -0.049904
v 4.154396 5.932116 3.620999
v 4.154395 5.935663 -0.043149
v 4.154395 5.932116 -0.043151
v 4.154395 6.544416 -0.049904
v 4.154395 5.935663 -0.049904
v 4.154395 5.935663 -0.043149
v 4.154395 6.544416 -0.049904
v 4.154395 5.935663 -0.043149
v 4.154395 6.544416 -0.043151
v 4.154395 6.553121 -0.049904
v 4.154395 6.544416 -0.049904
v 4.154395 6.544416 -0.043151
v 4.154395 6.553121 -0.049904
v 4.154395 6.544416 -0.043151
v 4.154395 6.553121 -0.043151
v 4.154396 6.553122 3.620999
v 4.154395 6.553121 -0.043151
v 4.154395 6.544416 -0.043151
v 4.154396 6.544416 3.620999
v 4.154395 6.544416 -0.043151
v 4.154395 5.935663 -0.043149
v 4.154396 6.553122 3.620999
v 4.154395 6.544416 -0.043151
v 4.154396 6.544416 3.620999
v 4.154396 6.553122 3.627116
v 4.154396 6.553122 3.620999
v 4.154396 6.544416 3.620999
v 4.154396 6.553122 3.627116
v 4.154396 6.544416 3.620999
v 4.154395 6.544416 3.627116
v 4.154396 6.544416 3.620999
v 4.154395 5.935663 -0.043149
v 4.154396 5.935663 3.620999
v 4.154395 6.544416 3.627116
v 4.154396 6.544416 3.620999
v 4.154396 5.935663 3.620999
v 4.154395 6.544416 3.627116
v 4.154396 5.935663 3.620999
v 4.154395 5.935663 3.627115
v 4.154395 5.932116 3.627116
v 4.154395 5.935663 3.627115
v 4.154396 5.935663 3.620999
v 4.154395 5.932116 3.627116
v 4.154396 5.935663 3.620999
v 4.154396 5.932116 3.620999
v 4.154396 5.932116 3.620999
v 4.154396 5.935663 3.620999
v 4.154395 5.935663 -0.043149
v 3.732960 5.935663 -0.049904
v 3.732960 5.932116 -0.043151
v 3.732960 5.932116 -0.049906
v 3.732960 5.935663 -0.049904
v 3.732960 5.935663 -0.043149
v 3.732960 5.932116 -0.043151
v 3.732960 5.935664 3.621000
v 3.732960 5.932116 -0.043151
v 3.732960 5.935663 -0.043149
v 3.732960 6.544416 -0.049904
v 3.732960 5.935663 -0.043149
v 3.732960 5.935663 -0.049904
v 3.732960 6.544416 -0.049904
v 3.732960 6.544416 -0.043149
v 3.732960 5.935663 -0.043149
v 3.732960 6.553121 -0.049904
v 3.732960 6.544416 -0.043149
v 3.732960 6.544416 -0.049904
v 3.732960 6.553121 -0.049904
v 3.732960 6.553121 -0.043149
v 3.732960 6.544416 -0.043149
v 3.732961 6.553122 3.621000
v 3.732960 6.544416 -0.043149
v 3.732960 6.553121 -0.043149
v 3.732961 6.544416 3.621000
v 3.732960 5.935663 -0.043149
v 3.732960 6.544416 -0.043149
v 3.732961 6.553122 3.621000
v 3.732961 6.544416 3.621000
v 3.732960 6.544416 -0.043149
v 3.732960 6.553122 3.627117
v 3.732961 6.544416 3.621000
v 3.732961 6.553122 3.621000
v 3.732960 6.553122 3.627117
v 3.732960 6.544416 3.627117
v 3.732961 6.544416 3.621000
v 3.732960 5.935664 3.627117
v 3.732961 6.544416 3.621000
v 3.732960 6.544416 3.627117
v 3.732961 6.544416 3.621000
v 3.732960 5.935664 3.621000
v 3.732960 5.935663 -0.043149
v 3.732960 5.935664 3.627117
v 3.732960 5.935664 3.621000
v 3.732961 6.544416 3.621000
v 3.732960 5.932116 3.627116
v 3.732960 5.935664 3.621000
v 3.732960 5.935664 3.627117
v 3.732960 5.932116 3.627116
v 3.732960 5.932116 3.620999
v 3.732960 5.935664 3.621000
v 3.732960 5.935664 3.621000
v 3.732960 5.932116 3.620999
v 3.732960 5.932116 -0.043151
v 4.154395 5.935663 -0.049904
v 4.134998 5.932116 -0.049906
v 4.154395 5.932116 -0.049906
v 4.154395 5.935663 -0.049904
v 4.134998 5.935663 -0.049904
v 4.134998 5.932116 -0.049906
v 4.154395 6.544416 -0.049904
v 4.134998 5.935663 -0.049904
v 4.154395 5.935663 -0.049904
v 3.746868 5.932116 -0.049906
v 4.134998 5.932116 -0.049906
v 4.134998 5.935663 -0.049904
v 4.154395 6.544416 -0.049904
v 4.134998 6.544416 -0.049904
v 4.134998 5.935663 -0.049904
v 4.154395 6.553121 -0.049904
v 4.134998 6.544416 -0.049904
v 4.154395 6.544416 -0.049904
v 4.154395 6.553121 -0.049904
v 4.134998 6.553120 -0.049904
v 4.134998 6.544416 -0.049904
v 3.746869 6.553121 -0.049904
v 4.134998 6.544416 -0.049904
v 4.134998 6.553120 -0.049904
v 3.746868 5.932116 -0.049906
v 4.134998 5.935663 -0.049904
v 3.746868 5.935663 -0.049904
v 3.746868 5.935663 -0.049904
v 4.134998 5.935663 -0.049904
v 4.134998 6.544416 -0.049904
v 3.732960 5.932116 -0.049906
v 3.746868 5.932116 -0.049906
v 3.746868 5.935663 -0.049904
v 3.732960 5.932116 -0.049906
v 3.746868 5.935663 -0.049904
v 3.732960 5.935663 -0.049904
v 3.746869 6.553121 -0.049904
v 3.746869 6.544416 -0.049904
v 4.134998 6.544416 -0.049904
v 3.746868 5.935663 -0.049904
v 4.134998 6.544416 -0.049904
v 3.746869 6.544416 -0.049904
v 3.732960 5.935663 -0.049904
v 3.746868 5.935663 -0.049904
v 3.746869 6.544416 -0.049904
v 3.732960 6.553121 -0.049904
v 3.746869 6.544416 -0.049904
v 3.746869 6.553121 -0.049904
v 3.732960 5.935663 -0.049904
v 3.746869 6.544416 -0.049904
v 3.732960 6.544416 -0.049904
v 3.732960 6.553121 -0.049904
v 3.732960 6.544416 -0.049904
v 3.746869 6.544416 -0.049904
v 4.154395 6.553121 -0.043151
v 4.134998 6.553120 -0.049904
v 4.154395 6.553121 -0.049904
v 4.154395 6.553121 -0.043151
v 4.134998 6.553120 -0.043151
v 4.134998 6.553120 -0.049904
v 4.154396 6.553122 3.620999
v 4.134998 6.553120 -0.043151
v 4.154395 6.553121 -0.043151
v 3.746869 6.553121 -0.049904
v 4.134998 6.553120 -0.049904
v 4.134998 6.553120 -0.043151
v 4.154396 6.553122 3.620999
v 4.134999 6.553121 3.620999
v 4.134998 6.553120 -0.043151
v 4.154396 6.553122 3.627116
v 4.134999 6.553121 3.620999
v 4.154396 6.553122 3.620999
v 4.154396 6.553122 3.627116
v 4.134999 6.553121 3.627116
v 4.134999 6.553121 3.620999
v 3.746869 6.553122 3.627117
v 4.134999 6.553121 3.620999
v 4.134999 6.553121 3.627116
v 3.746869 6.553122 3.627117
v 3.746870 6.553122 3.621000
v 4.134999 6.553121 3.620999
v 3.746870 6.553122 3.621000
v 4.134998 6.553120 -0.043151
v 4.134999 6.553121 3.620999
v 3.732960 6.553122 3.627117
v 3.746870 6.553122 3.621000
v 3.746869 6.553122 3.627117
v 3.732960 6.553122 3.627117
v 3.732961 6.553122 3.621000
v 3.746870 6.553122 3.621000
v 3.746869 6.553121 -0.049904
v 4.134998 6.553120 -0.043151
v 3.746869 6.553121 -0.043149
v 3.746870 6.553122 3.621000
v 3.746869 6.553121 -0.043149
v 4.134998 6.553120 -0.043151
v 3.732961 6.553122 3.621000
v 3.746869 6.553121 -0.043149
v 3.746870 6.553122 3.621000
v 3.732960 6.553121 -0.049904
v 3.746869 6.553121 -0.049904
v 3.746869 6.553121 -0.043149
v 3.732961 6.553122 3.621000
v 3.732960 6.553121 -0.043149
v 3.746869 6.553121 -0.043149
v 3.732960 6.553121 -0.049904
v 3.746869 6.553121 -0.043149
v 3.732960 6.553121 -0.043149
v 4.154395 6.544416 3.627116
v 4.134999 6.553121 3.627116
v 4.154396 6.553122 3.627116
v 4.154395 6.544416 3.627116
v 4.134999 6.544416 3.627116
v 4.134999 6.553121 3.627116
v 4.154395 5.935663 3.627115
v 4.134999 6.544416 3.627116
v 4.154395 6.544416 3.627116
v 3.746869 6.553122 3.627117
v 4.134999 6.553121 3.627116
v 4.134999 6.544416 3.627116
v 4.154395 5.935663 3.627115
v 4.134998 5.935663 3.627115
v 4.134999 6.544416 3.627116
v 4.154395 5.932116 3.627116
v 4.134998 5.935663 3.627115
v 4.154395 5.935663 3.627115
v 4.154395 5.932116 3.627116
v 4.134998 5.932116 3.627116
v 4.134998 5.935663 3.627115
v 3.746869 5.932116 3.627116
v 4.134998 5.935663 3.627115
v 4.134998 5.932116 3.627116
v 3.746869 6.553122 3.627117
v 4.134999 6.544416 3.627116
v 3.746869 6.544416 3.627117
v 3.746869 6.544416 3.627117
v 4.134999 6.544416 3.627116
v 4.134998 5.935663 3.627115
v 3.732960 6.553122 3.627117
v 3.746869 6.553122 3.627117
v 3.746869 6.544416 3.627117
v 3.732960 6.553122 3.627117
v 3.746869 6.544416 3.627117
v 3.732960 6.544416 3.627117
v 3.746869 5.932116 3.627116
v 3.746869 5.935664 3.627117
v 4.134998 5.935663 3.627115
v 3.746869 6.544416 3.627117
v 4.134998 5.935663 3.627115
v 3.746869 5.935664 3.627117
v 3.732960 6.544416 3.627117
v 3.746869 6.544416 3.627117
v 3.746869 5.935664 3.627117
v 3.732960 5.932116 3.627116
v 3.746869 5.935664 3.627117
v 3.746869 5.932116 3.627116
v 3.732960 6.544416 3.627117
v 3.746869 5.935664 3.627117
v 3.732960 5.935664 3.627117
v 3.732960 5.932116 3.627116
v 3.732960 5.935664 3.627117
v 3.746869 5.935664 3.627117
v 4.154396 5.932116 3.620999
v 4.134998 5.932116 3.627116
v 4.154395 5.932116 3.627116
v 4.154396 5.932116 3.620999
v 4.134999 5.932116 3.620999
v 4.134998 5.932116 3.627116
v 4.154395 5.932116 -0.043151
v 4.134999 5.932116 3.620999
v 4.154396 5.932116 3.620999
v 3.746870 5.932116 3.620999
v 4.134998 5.932116 3.627116
v 4.134999 5.932116 3.620999
v 3.746870 5.932116 3.620999
v 3.746869 5.932116 3.627116
v 4.134998 5.932116 3.627116
v 4.154395 5.932116 -0.043151
v 4.134997 5.932116 -0.043151
v 4.134999 5.932116 3.620999
v 3.746870 5.932116 3.620999
v 4.134999 5.932116 3.620999
v 4.134997 5.932116 -0.043151
v 4.154395 5.932116 -0.049906
v 4.134997 5.932116 -0.043151
v 4.154395 5.932116 -0.043151
v 4.154395 5.932116 -0.049906
v 4.134998 5.932116 -0.049906
v 4.134997 5.932116 -0.043151
v 3.746868 5.932116 -0.049906
v 4.134997 5.932116 -0.043151
v 4.134998 5.932116 -0.049906
v 3.746868 5.932116 -0.049906
v 3.746868 5.932116 -0.043151
v 4.134997 5.932116 -0.043151
v 3.746870 5.932116 3.620999
v 4.134997 5.932116 -0.043151
v 3.746868 5.932116 -0.043151
v 3.732960 5.932116 -0.049906
v 3.746868 5.932116 -0.043151
v 3.746868 5.932116 -0.049906
v 3.732960 5.932116 -0.049906
v 3.732960 5.932116 -0.043151
v 3.746868 5.932116 -0.043151
v 3.732960 5.932116 3.620999
v 3.746868 5.932116 -0.043151
v 3.732960 5.932116 -0.043151
v 3.732960 5.932116 3.620999
v 3.746870 5.932116 3.620999
v 3.746868 5.932116 -0.043151
v 3.732960 5.932116 3.620999
v 3.746869 5.932116 3.627116
v 3.746870 5.932116 3.620999
v 3.732960 5.932116 3.620999
v 3.732960 5.932116 3.627116
v 3.746869 5.932116 3.627116
v 0.266761 5.841079 -0.043134
v 0.266761 5.847115 -0.049888
v 0.266761 5.841079 -0.049890
v 0.266761 5.841079 -0.043134
v 0.266761 5.847115 -0.043134
v 0.266761 5.847115 -0.049888
v 0.266761 5.841079 3.621015
v 0.266761 5.847115 -0.043134
v 0.266761 5.841079 -0.043134
v 0.266761 5.913927 -0.049888
v 0.266761 5.847115 -0.049888
v 0.266761 5.847115 -0.043134
v 0.266761 5.841079 3.621015
v 0.266761 5.847115 3.621015
v 0.266761 5.847115 -0.043134
v 0.266761 5.841079 3.627132
v 0.266761 5.847115 3.621015
v 0.266761 5.841079 3.621015
v 0.266761 5.841079 3.627132
v 0.266761 5.847115 3.627133
v 0.266761 5.847115 3.621015
v 0.266761 5.913927 3.627132
v 0.266761 5.847115 3.621015
v 0.266761 5.847115 3.627133
v 0.266761 5.913927 3.627132
v 0.266761 5.913927 3.621015
v 0.266761 5.847115 3.621015
v 0.266761 5.913927 3.621015
v 0.266761 5.847115 -0.043134
v 0.266761 5.847115 3.621015
v 0.266761 5.921461 3.627132
v 0.266761 5.913927 3.621015
v 0.266761 5.913927 3.627132
v 0.266761 5.921461 3.627132
v 0.266761 5.921461 3.621015
v 0.266761 5.913927 3.621015
v 0.266761 5.913927 -0.049888
v 0.266761 5.847115 -0.043134
v 0.266761 5.913927 -0.043134
v 0.266761 5.913927 3.621015
v 0.266761 5.913927 -0.043134
v 0.266761 5.847115 -0.043134
v 0.266761 5.921461 3.621015
v 0.266761 5.913927 -0.043134
v 0.266761 5.913927 3.621015
v 0.266761 5.921461 -0.049888
v 0.266761 5.913927 -0.049888
v 0.266761 5.913927 -0.043134
v 0.266761 5.921461 3.621015
v 0.266761 5.921461 -0.043134
v 0.266761 5.913927 -0.043134
v 0.266761 5.921461 -0.049888
v 0.266761 5.913927 -0.043134
v 0.266761 5.921461 -0.043134
v -0.154674 5.847115 -0.049888
v -0.154674 5.841080 -0.043134
v -0.154674 5.841080 -0.049890
v -0.154674 5.847115 -0.049888
v -0.154674 5.847115 -0.043134
v -0.154674 5.841080 -0.043134
v -0.154674 5.913927 -0.049888
v -0.154674 5.847115 -0.043134
v -0.154674 5.847115 -0.049888
v -0.154674 5.847116 3.621015
v -0.154674 5.841080 -0.043134
v -0.154674 5.847115 -0.043134
v -0.154674 5.847116 3.621015
v -0.154674 5.841080 3.621015
v -0.154674 5.841080 -0.043134
v -0.154674 5.841080 3.627132
v -0.154674 5.841080 3.621015
v -0.154674 5.847116 3.621015
v -0.154674 5.841080 3.627132
v -0.154674 5.847116 3.621015
v -0.154674 5.847116 3.627133
v -0.154674 5.847116 3.627133
v -0.154674 5.847116 3.621015
v -0.154673 5.913927 3.621015
v -0.154673 5.913927 3.621015
v -0.154674 5.847116 3.621015
v -0.154674 5.847115 -0.043134
v -0.154674 5.847116 3.627133
v -0.154673 5.913927 3.621015
v -0.154674 5.913927 3.627132
v -0.154674 5.921461 3.627132
v -0.154674 5.913927 3.627132
v -0.154673 5.913927 3.621015
v -0.154674 5.921461 3.627132
v -0.154673 5.913927 3.621015
v -0.154673 5.921461 3.621015
v -0.154674 5.913927 -0.049888
v -0.154674 5.913927 -0.043134
v -0.154674 5.847115 -0.043134
v -0.154673 5.913927 3.621015
v -0.154674 5.847115 -0.043134
v -0.154674 5.913927 -0.043134
v -0.154673 5.921461 3.621015
v -0.154673 5.913927 3.621015
v -0.154674 5.913927 -0.043134
v -0.154674 5.921461 -0.049888
v -0.154674 5.913927 -0.043134
v -0.154674 5.913927 -0.049888
v -0.154673 5.921461 3.621015
v -0.154674 5.913927 -0.043134
v -0.154674 5.921461 -0.043134
v -0.154674 5.921461 -0.049888
v -0.154674 5.921461 -0.043134
v -0.154674 5.913927 -0.043134
v 0.266761 5.847115 -0.049888
v 0.247364 5.841079 -0.049890
v 0.266761 5.841079 -0.049890
v 0.266761 5.847115 -0.049888
v 0.247364 5.847115 -0.049888
v 0.247364 5.841079 -0.049890
v 0.266761 5.913927 -0.049888
v 0.247364 5.847115 -0.049888
v 0.266761 5.847115 -0.049888
v -0.140765 5.841080 -0.049890
v 0.247364 5.841079 -0.049890
v 0.247364 5.847115 -0.049888
v 0.266761 5.913927 -0.049888
v 0.247364 5.913927 -0.049888
v 0.247364 5.847115 -0.049888
v 0.266761 5.921461 -0.049888
v 0.247364 5.913927 -0.049888
v 0.266761 5.913927 -0.049888
v 0.266761 5.921461 -0.049888
v 0.247364 5.921461 -0.049888
v 0.247364 5.913927 -0.049888
v -0.140765 5.921461 -0.049888
v 0.247364 5.913927 -0.049888
v 0.247364 5.921461 -0.049888
v -0.140765 5.841080 -0.049890
v 0.247364 5.847115 -0.049888
v -0.140765 5.847115 -0.049888
v -0.140765 5.847115 -0.049888
v 0.247364 5.847115 -0.049888
v 0.247364 5.913927 -0.049888
v -0.154674 5.841080 -0.049890
v -0.140765 5.841080 -0.049890
v -0.140765 5.847115 -0.049888
v -0.154674 5.841080 -0.049890
v -0.140765 5.847115 -0.049888
v -0.154674 5.847115 -0.049888
v -0.140765 5.921461 -0.049888
v -0.140765 5.913927 -0.049888
v 0.247364 5.913927 -0.049888
v -0.140765 5.847115 -0.049888
v 0.247364 5.913927 -0.049888
v -0.140765 5.913927 -0.049888
v -0.154674 5.847115 -0.049888
v -0.140765 5.847115 -0.049888
v -0.140765 5.913927 -0.049888
v -0.154674 5.921461 -0.049888
v -0.140765 5.913927 -0.049888
v -0.140765 5.921461 -0.049888
v -0.154674 5.847115 -0.049888
v -0.140765 5.913927 -0.049888
v -0.154674 5.913927 -0.049888
v -0.154674 5.921461 -0.049888
v -0.154674 5.913927 -0.049888
v -0.140765 5.913927 -0.049888
v 0.266761 5.921461 -0.043134
v 0.247364 5.921461 -0.049888
v 0.266761 5.921461 -0.049888
v 0.266761 5.921461 -0.043134
v 0.247364 5.921461 -0.043134
v 0.247364 5.921461 -0.049888
v 0.266761 5.921461 3.621015
v 0.247364 5.921461 -0.043134
v 0.266761 5.921461 -0.043134
v -0.140765 5.921461 -0.049888
v 0.247364 5.921461 -0.049888
v 0.247364 5.921461 -0.043134
v 0.266761 5.921461 3.621015
v 0.247365 5.921461 3.621015
v 0.247364 5.921461 -0.043134
v 0.266761 5.921461 3.627132
v 0.247365 5.921461 3.621015
v 0.266761 5.921461 3.621015
v 0.266761 5.921461 3.627132
v 0.247364 5.921461 3.627132
v 0.247365 5.921461 3.621015
v -0.140765 5.921461 3.627132
v 0.247365 5.921461 3.621015
v 0.247364 5.921461 3.627132
v -0.140765 5.921461 3.627132
v -0.140765 5.921461 3.621015
v 0.247365 5.921461 3.621015
v -0.140765 5.921461 3.621015
v 0.247364 5.921461 -0.043134
v 0.247365 5.921461 3.621015
v -0.154674 5.921461 3.627132
v -0.140765 5.921461 3.621015
v -0.140765 5.921461 3.627132
v -0.154674 5.921461 3.627132
v -0.154673 5.921461 3.621015
v -0.140765 5.921461 3.621015
v -0.140765 5.921461 -0.049888
v 0.247364 5.921461 -0.043134
v -0.140765 5.921461 -0.043134
v -0.140765 5.921461 3.621015
v -0.140765 5.921461 -0.043134
v 0.247364 5.921461 -0.043134
v -0.154673 5.921461 3.621015
v -0.140765 5.921461 -0.043134
v -0.140765 5.921461 3.621015
v -0.154674 5.921461 -0.049888
v -0.140765 5.921461 -0.049888
v -0.140765 5.921461 -0.043134
v -0.154673 5.921461 3.621015
v -0.154674 5.921461 -0.043134
v -0.140765 5.921461 -0.043134
v -0.154674 5.921461 -0.049888
v -0.140765 5.921461 -0.043134
v -0.154674 5.921461 -0.043134
v 0.266761 5.913927 3.627132
v 0.247364 5.921461 3.627132
v 0.266761 5.921461 3.627132
v 0.266761 5.913927 3.627132
v 0.247364 5.913927 3.627132
v 0.247364 5.921461 3.627132
v 0.266761 5.847115 3.627133
v 0.247364 5.913927 3.627132
v 0.266761 5.913927 3.627132
v -0.140765 5.921461 3.627132
v 0.247364 5.921461 3.627132
v 0.247364 5.913927 3.627132
v 0.266761 5.847115 3.627133
v 0.247364 5.847115 3.627133
v 0.247364 5.913927 3.627132
v 0.266761 5.841079 3.627132
v 0.247364 5.847115 3.627133
v 0.266761 5.847115 3.627133
v 0.266761 5.841079 3.627132
v 0.247364 5.841079 3.627132
v 0.247364 5.847115 3.627133
v -0.140765 5.841080 3.627132
v 0.247364 5.847115 3.627133
v 0.247364 5.841079 3.627132
v -0.140765 5.921461 3.627132
v 0.247364 5.913927 3.627132
v -0.140765 5.913927 3.627132
v -0.140765 5.913927 3.627132
v 0.247364 5.913927 3.627132
v 0.247364 5.847115 3.627133
v -0.154674 5.921461 3.627132
v -0.140765 5.921461 3.627132
v -0.140765 5.913927 3.627132
v -0.154674 5.921461 3.627132
v -0.140765 5.913927 3.627132
v -0.154674 5.913927 3.627132
v -0.140765 5.841080 3.627132
v -0.140765 5.847116 3.627133
v 0.247364 5.847115 3.627133
v -0.140765 5.913927 3.627132
v 0.247364 5.847115 3.627133
v -0.140765 5.847116 3.627133
v -0.154674 5.913927 3.627132
v -0.140765 5.913927 3.627132
v -0.140765 5.847116 3.627133
v -0.154674 5.841080 3.627132
v -0.140765 5.847116 3.627133
v -0.140765 5.841080 3.627132
v -0.154674 5.913927 3.627132
v -0.140765 5.847116 3.627133
v -0.154674 5.847116 3.627133
v -0.154674 5.841080 3.627132
v -0.154674 5.847116 3.627133
v -0.140765 5.847116 3.627133
v 0.266761 5.841079 3.621015
v 0.247364 5.841079 3.627132
v 0.266761 5.841079 3.627132
v 0.266761 5.841079 3.621015
v 0.247364 5.841079 3.621015
v 0.247364 5.841079 3.627132
v 0.266761 5.841079 -0.043134
v 0.247364 5.841079 3.621015
v 0.266761 5.841079 3.621015
v -0.140765 5.841080 3.621015
v 0.247364 5.841079 3.627132
v 0.247364 5.841079 3.621015
v -0.140765 5.841080 3.621015
v -0.140765 5.841080 3.627132
v 0.247364 5.841079 3.627132
v 0.266761 5.841079 -0.043134
v 0.247364 5.841079 -0.043134
v 0.247364 5.841079 3.621015
v -0.140765 5.841080 3.621015
v 0.247364 5.841079 3.621015
v 0.247364 5.841079 -0.043134
v 0.266761 5.841079 -0.049890
v 0.247364 5.841079 -0.043134
v 0.266761 5.841079 -0.043134
v 0.266761 5.841079 -0.049890
v 0.247364 5.841079 -0.049890
v 0.247364 5.841079 -0.043134
v -0.140765 5.841080 -0.049890
v 0.247364 5.841079 -0.043134
v 0.247364 5.841079 -0.049890
v -0.140765 5.841080 -0.049890
v -0.140765 5.841080 -0.043134
v 0.247364 5.841079 -0.043134
v -0.140765 5.841080 3.621015
v 0.247364 5.841079 -0.043134
v -0.140765 5.841080 -0.043134
v -0.154674 5.841080 -0.049890
v -0.140765 5.841080 -0.043134
v -0.140765 5.841080 -0.049890
v -0.154674 5.841080 -0.049890
v -0.154674 5.841080 -0.043134
v -0.140765 5.841080 -0.043134
v -0.154674 5.841080 3.621015
v -0.140765 5.841080 -0.043134
v -0.154674 5.841080 -0.043134
v -0.154674 5.841080 3.621015
v -0.140765 5.841080 3.621015
v -0.140765 5.841080 -0.043134
v -0.154674 5.841080 3.621015
v -0.140765 5.841080 3.627132
v -0.140765 5.841080 3.621015
v -0.154674 5.841080 3.621015
v -0.154674 5.841080 3.627132
v -0.140765 5.841080 3.627132
v 0.266761 5.932055 -0.043134
v 0.266761 5.937651 -0.049888
v 0.266761 5.932055 -0.049890
v 0.266761 5.932055 -0.043134
v 0.266761 5.937651 -0.043134
v 0.266761 5.937651 -0.049888
v 0.266761 5.932055 3.621015
v 0.266761 5.937651 -0.043134
v 0.266761 5.932055 -0.043134
v 0.266761 6.545087 -0.049890
v 0.266761 5.937651 -0.049888
v 0.266761 5.937651 -0.043134
v 0.266761 5.932055 3.621015
v 0.266761 5.937651 3.621016
v 0.266761 5.937651 -0.043134
v 0.266761 5.932055 3.627132
v 0.266761 5.937651 3.621016
v 0.266761 5.932055 3.621015
v 0.266761 5.932055 3.627132
v 0.266761 5.937651 3.627133
v 0.266761 5.937651 3.621016
v 0.266761 6.545087 3.627133
v 0.266761 5.937651 3.621016
v 0.266761 5.937651 3.627133
v 0.266761 6.545087 3.627133
v 0.266762 6.545087 3.621016
v 0.266761 5.937651 3.621016
v 0.266762 6.545087 3.621016
v 0.266761 5.937651 -0.043134
v 0.266761 5.937651 3.621016
v 0.266761 6.553061 3.627132
v 0.266762 6.545087 3.621016
v 0.266761 6.545087 3.627133
v 0.266761 6.553061 3.627132
v 0.266762 6.553061 3.621015
v 0.266762 6.545087 3.621016
v 0.266761 6.545087 -0.049890
v 0.266761 5.937651 -0.043134
v 0.266761 6.545087 -0.043134
v 0.266762 6.545087 3.621016
v 0.266761 6.545087 -0.043134
v 0.266761 5.937651 -0.043134
v 0.266762 6.553061 3.621015
v 0.266761 6.545087 -0.043134
v 0.266762 6.545087 3.621016
v 0.266761 6.553061 -0.049889
v 0.266761 6.545087 -0.049890
v 0.266761 6.545087 -0.043134
v 0.266762 6.553061 3.621015
v 0.266761 6.553061 -0.043135
v 0.266761 6.545087 -0.043134
v 0.266761 6.553061 -0.049889
v 0.266761 6.545087 -0.043134
v 0.266761 6.553061 -0.043135
v -0.154674 5.937652 -0.049887
v -0.154674 5.932055 -0.043134
v -0.154674 5.932055 -0.049888
v -0.154674 5.937652 -0.049887
v -0.154674 5.937652 -0.043134
v -0.154674 5.932055 -0.043134
v -0.154673 6.545087 -0.049888
v -0.154674 5.937652 -0.043134
v -0.154674 5.937652 -0.049887
v -0.154673 5.937652 3.621016
v -0.154674 5.932055 -0.043134
v -0.154674 5.937652 -0.043134
v -0.154673 5.937652 3.621016
v -0.154673 5.932055 3.621015
v -0.154674 5.932055 -0.043134
v -0.154674 5.932055 3.627132
v -0.154673 5.932055 3.621015
v -0.154673 5.937652 3.621016
v -0.154674 5.932055 3.627132
v -0.154673 5.937652 3.621016
v -0.154674 5.937652 3.627133
v -0.154674 5.937652 3.627133
v -0.154673 5.937652 3.621016
v -0.154673 6.545087 3.621016
v -0.154673 6.545087 3.621016
v -0.154673 5.937652 3.621016
v -0.154674 5.937652 -0.043134
v -0.154674 5.937652 3.627133
v -0.154673 6.545087 3.621016
v -0.154673 6.545088 3.627133
v -0.154673 6.553061 3.627132
v -0.154673 6.545088 3.627133
v -0.154673 6.545087 3.621016
v -0.154673 6.553061 3.627132
v -0.154673 6.545087 3.621016
v -0.154673 6.553061 3.621015
v -0.154673 6.545087 -0.049888
v -0.154674 6.545087 -0.043134
v -0.154674 5.937652 -0.043134
v -0.154673 6.545087 3.621016
v -0.154674 5.937652 -0.043134
v -0.154674 6.545087 -0.043134
v -0.154673 6.553061 3.621015
v -0.154673 6.545087 3.621016
v -0.154674 6.545087 -0.043134
v -0.154673 6.553061 -0.049888
v -0.154674 6.545087 -0.043134
v -0.154673 6.545087 -0.049888
v -0.154673 6.553061 3.621015
v -0.154674 6.545087 -0.043134
v -0.154674 6.553061 -0.043135
v -0.154673 6.553061 -0.049888
v -0.154674 6.553061 -0.043135
v -0.154674 6.545087 -0.043134
v 0.266761 5.937651 -0.049888
v 0.247364 5.932055 -0.049890
v 0.266761 5.932055 -0.049890
v 0.266761 5.937651 -0.049888
v 0.247364 5.937651 -0.049888
v 0.247364 5.932055 -0.049890
v 0.266761 6.545087 -0.049890
v 0.247364 5.937651 -0.049888
v 0.266761 5.937651 -0.049888
v -0.140765 5.932055 -0.049888
v 0.247364 5.932055 -0.049890
v 0.247364 5.937651 -0.049888
v 0.266761 6.545087 -0.049890
v 0.247365 6.545087 -0.049890
v 0.247364 5.937651 -0.049888
v 0.266761 6.553061 -0.049889
v 0.247365 6.545087 -0.049890
v 0.266761 6.545087 -0.049890
v 0.266761 6.553061 -0.049889
v 0.247365 6.553061 -0.049889
v 0.247365 6.545087 -0.049890
v -0.140765 6.553061 -0.049888
v 0.247365 6.545087 -0.049890
v 0.247365 6.553061 -0.049889
v -0.140765 5.932055 -0.049888
v 0.247364 5.937651 -0.049888
v -0.140765 5.937652 -0.049887
v -0.140765 5.937652 -0.049887
v 0.247364 5.937651 -0.049888
v 0.247365 6.545087 -0.049890
v -0.154674 5.932055 -0.049888
v -0.140765 5.932055 -0.049888
v -0.140765 5.937652 -0.049887
v -0.154674 5.932055 -0.049888
v -0.140765 5.937652 -0.049887
v -0.154674 5.937652 -0.049887
v -0.140765 6.553061 -0.049888
v -0.140765 6.545087 -0.049888
v 0.247365 6.545087 -0.049890
v -0.140765 5.937652 -0.049887
v 0.247365 6.545087 -0.049890
v -0.140765 6.545087 -0.049888
v -0.154674 5.937652 -0.049887
v -0.140765 5.937652 -0.049887
v -0.140765 6.545087 -0.049888
v -0.154673 6.553061 -0.049888
v -0.140765 6.545087 -0.049888
v -0.140765 6.553061 -0.049888
v -0.154674 5.937652 -0.049887
v -0.140765 6.545087 -0.049888
v -0.154673 6.545087 -0.049888
v -0.154673 6.553061 -0.049888
v -0.154673 6.545087 -0.049888
v -0.140765 6.545087 -0.049888
v 0.266761 6.553061 -0.043135
v 0.247365 6.553061 -0.049889
v 0.266761 6.553061 -0.049889
v 0.266761 6.553061 -0.043135
v 0.247364 6.553061 -0.043135
v 0.247365 6.553061 -0.049889
v 0.266762 6.553061 3.621015
v 0.247364 6.553061 -0.043135
v 0.266761 6.553061 -0.043135
v -0.140765 6.553061 -0.049888
v 0.247365 6.553061 -0.049889
v 0.247364 6.553061 -0.043135
v 0.266762 6.553061 3.621015
v 0.247365 6.553061 3.621015
v 0.247364 6.553061 -0.043135
v 0.266761 6.553061 3.627132
v 0.247365 6.553061 3.621015
v 0.266762 6.553061 3.621015
v 0.266761 6.553061 3.627132
v 0.247365 6.553061 3.627132
v 0.247365 6.553061 3.621015
v -0.140765 6.553061 3.627132
v 0.247365 6.553061 3.621015
v 0.247365 6.553061 3.627132
v -0.140765 6.553061 3.627132
v -0.140764 6.553061 3.621015
v 0.247365 6.553061 3.621015
v -0.140764 6.553061 3.621015
v 0.247364 6.553061 -0.043135
v 0.247365 6.553061 3.621015
v -0.154673 6.553061 3.627132
v -0.140764 6.553061 3.621015
v -0.140765 6.553061 3.627132
v -0.154673 6.553061 3.627132
v -0.154673 6.553061 3.621015
v -0.140764 6.553061 3.621015
v -0.140765 6.553061 -0.049888
v 0.247364 6.553061 -0.043135
v -0.140765 6.553061 -0.043135
v -0.140764 6.553061 3.621015
v -0.140765 6.553061 -0.043135
v 0.247364 6.553061 -0.043135
v -0.154673 6.553061 3.621015
v -0.140765 6.553061 -0.043135
v -0.140764 6.553061 3.621015
v -0.154673 6.553061 -0.049888
v -0.140765 6.553061 -0.049888
v -0.140765 6.553061 -0.043135
v -0.154673 6.553061 3.621015
v -0.154674 6.553061 -0.043135
v -0.140765 6.553061 -0.043135
v -0.154673 6.553061 -0.049888
v -0.140765 6.553061 -0.043135
v -0.154674 6.553061 -0.043135
v 0.266761 6.545087 3.627133
v 0.247365 6.553061 3.627132
v 0.266761 6.553061 3.627132
v 0.266761 6.545087 3.627133
v 0.247365 6.545087 3.627133
v 0.247365 6.553061 3.627132
v 0.266761 5.937651 3.627133
v 0.247365 6.545087 3.627133
v 0.266761 6.545087 3.627133
v -0.140765 6.553061 3.627132
v 0.247365 6.553061 3.627132
v 0.247365 6.545087 3.627133
v 0.266761 5.937651 3.627133
v 0.247364 5.937651 3.627133
v 0.247365 6.545087 3.627133
v 0.266761 5.932055 3.627132
v 0.247364 5.937651 3.627133
v 0.266761 5.937651 3.627133
v 0.266761 5.932055 3.627132
v 0.247364 5.932055 3.627132
v 0.247364 5.937651 3.627133
v -0.140765 5.932055 3.627132
v 0.247364 5.937651 3.627133
v 0.247364 5.932055 3.627132
v -0.140765 6.553061 3.627132
v 0.247365 6.545087 3.627133
v -0.140765 6.545087 3.627133
v -0.140765 6.545087 3.627133
v 0.247365 6.545087 3.627133
v 0.247364 5.937651 3.627133
v -0.154673 6.553061 3.627132
v -0.140765 6.553061 3.627132
v -0.140765 6.545087 3.627133
v -0.154673 6.553061 3.627132
v -0.140765 6.545087 3.627133
v -0.154673 6.545088 3.627133
v -0.140765 5.932055 3.627132
v -0.140765 5.937652 3.627133
v 0.247364 5.937651 3.627133
v -0.140765 6.545087 3.627133
v 0.247364 5.937651 3.627133
v -0.140765 5.937652 3.627133
v -0.154673 6.545088 3.627133
v -0.140765 6.545087 3.627133
v -0.140765 5.937652 3.627133
v -0.154674 5.932055 3.627132
v -0.140765 5.937652 3.627133
v -0.140765 5.932055 3.627132
v -0.154673 6.545088 3.627133
v -0.140765 5.937652 3.627133
v -0.154674 5.937652 3.627133
v -0.154674 5.932055 3.627132
v -0.154674 5.937652 3.627133
v -0.140765 5.937652 3.627133
v 0.266761 5.932055 3.621015
v 0.247364 5.932055 3.627132
v 0.266761 5.932055 3.627132
v 0.266761 5.932055 3.621015
v 0.247365 5.932055 3.621015
v 0.247364 5.932055 3.627132
v 0.266761 5.932055 -0.043134
v 0.247365 5.932055 3.621015
v 0.266761 5.932055 3.621015
v -0.140765 5.932055 3.621015
v 0.247364 5.932055 3.627132
v 0.247365 5.932055 3.621015
v -0.140765 5.932055 3.621015
v -0.140765 5.932055 3.627132
v 0.247364 5.932055 3.627132
v 0.266761 5.932055 -0.043134
v 0.247364 5.932055 -0.043134
v 0.247365 5.932055 3.621015
v -0.140765 5.932055 3.621015
v 0.247365 5.932055 3.621015
v 0.247364 5.932055 -0.043134
v 0.266761 5.932055 -0.049890
v 0.247364 5.932055 -0.043134
v 0.266761 5.932055 -0.043134
v 0.266761 5.932055 -0.049890
v 0.247364 5.932055 -0.049890
v 0.247364 5.932055 -0.043134
v -0.140765 5.932055 -0.049888
v 0.247364 5.932055 -0.043134
v 0.247364 5.932055 -0.049890
v -0.140765 5.932055 -0.049888
v -0.140765 5.932055 -0.043134
v 0.247364 5.932055 -0.043134
v -0.140765 5.932055 3.621015
v 0.247364 5.932055 -0.043134
v -0.140765 5.932055 -0.043134
v -0.154674 5.932055 -0.049888
v -0.140765 5.932055 -0.043134
v -0.140765 5.932055 -0.049888
v -0.154674 5.932055 -0.049888
v -0.154674 5.932055 -0.043134
v -0.140765 5.932055 -0.043134
v -0.154673 5.932055 3.621015
v -0.140765 5.932055 -0.043134
v -0.154674 5.932055 -0.043134
v -0.154673 5.932055 3.621015
v -0.140765 5.932055 3.621015
v -0.140765 5.932055 -0.043134
v -0.154673 5.932055 3.621015
v -0.140765 5.932055 3.627132
v -0.140765 5.932055 3.621015
v -0.154673 5.932055 3.621015
v -0.154674 5.932055 3.627132
v -0.140765 5.932055 3.627132
v -3.635034 5.841079 -0.043134
v -3.635033 5.846456 -0.049888
v -3.635033 5.841079 -0.049889
v -3.635034 5.841079 -0.043134
v -3.635033 5.846456 -0.043133
v -3.635033 5.846456 -0.049888
v -3.635033 5.841079 3.621015
v -3.635033 5.846456 -0.043133
v -3.635034 5.841079 -0.043134
v -3.635033 5.915975 -0.049888
v -3.635033 5.846456 -0.049888
v -3.635033 5.846456 -0.043133
v -3.635033 5.841079 3.621015
v -3.635033 5.846456 3.621015
v -3.635033 5.846456 -0.043133
v -3.635033 5.841079 3.627132
v -3.635033 5.846456 3.621015
v -3.635033 5.841079 3.621015
v -3.635033 5.841079 3.627132
v -3.635033 5.846456 3.627132
v -3.635033 5.846456 3.621015
v -3.635033 5.915976 3.627132
v -3.635033 5.846456 3.621015
v -3.635033 5.846456 3.627132
v -3.635033 5.915976 3.627132
v -3.635033 5.915976 3.621015
v -3.635033 5.846456 3.621015
v -3.635033 5.915976 3.621015
v -3.635033 5.846456 -0.043133
v -3.635033 5.846456 3.621015
v -3.635033 5.921461 3.627132
v -3.635033 5.915976 3.621015
v -3.635033 5.915976 3.627132
v -3.635033 5.921461 3.627132
v -3.635033 5.921461 3.621015
v -3.635033 5.915976 3.621015
v -3.635033 5.915975 -0.049888
v -3.635033 5.846456 -0.043133
v -3.635033 5.915975 -0.043134
v -3.635033 5.915976 3.621015
v -3.635033 5.915975 -0.043134
v -3.635033 5.846456 -0.043133
v -3.635033 5.921461 3.621015
v -3.635033 5.915975 -0.043134
v -3.635033 5.915976 3.621015
v -3.635033 5.921460 -0.049889
v -3.635033 5.915975 -0.049888
v -3.635033 5.915975 -0.043134
v -3.635033 5.921461 3.621015
v -3.635033 5.921460 -0.043134
v -3.635033 5.915975 -0.043134
v -3.635033 5.921460 -0.049889
v -3.635033 5.915975 -0.043134
v -3.635033 5.921460 -0.043134
v -4.056468 5.846457 -0.049888
v -4.056468 5.841079 -0.043134
v -4.056468 5.841079 -0.049889
v -4.056468 5.846457 -0.049888
v -4.056468 5.846457 -0.043133
v -4.056468 5.841079 -0.043134
v -4.056468 5.915976 -0.049888
v -4.056468 5.846457 -0.043133
v -4.056468 5.846457 -0.049888
v -4.056467 5.846457 3.621015
v -4.056468 5.841079 -0.043134
v -4.056468 5.846457 -0.043133
v -4.056467 5.846457 3.621015
v -4.056468 5.841079 3.621015
v -4.056468 5.841079 -0.043134
v -4.056468 5.841079 3.627132
v -4.056468 5.841079 3.621015
v -4.056467 5.846457 3.621015
v -4.056468 5.841079 3.627132
v -4.056467 5.846457 3.621015
v -4.056468 5.846457 3.627132
v -4.056468 5.846457 3.627132
v -4.056467 5.846457 3.621015
v -4.056467 5.915976 3.621016
v -4.056467 5.915976 3.621016
v -4.056467 5.846457 3.621015
v -4.056468 5.846457 -0.043133
v -4.056468 5.846457 3.627132
v -4.056467 5.915976 3.621016
v -4.056468 5.915976 3.627133
v -4.056468 5.921461 3.627133
v -4.056468 5.915976 3.627133
v -4.056467 5.915976 3.621016
v -4.056468 5.921461 3.627133
v -4.056467 5.915976 3.621016
v -4.056467 5.921461 3.621016
v -4.056468 5.915976 -0.049888
v -4.056468 5.915976 -0.043133
v -4.056468 5.846457 -0.043133
v -4.056467 5.915976 3.621016
v -4.056468 5.846457 -0.043133
v -4.056468 5.915976 -0.043133
v -4.056467 5.921461 3.621016
v -4.056467 5.915976 3.621016
v -4.056468 5.915976 -0.043133
v -4.056468 5.921461 -0.049889
v -4.056468 5.915976 -0.043133
v -4.056468 5.915976 -0.049888
v -4.056467 5.921461 3.621016
v -4.056468 5.915976 -0.043133
v -4.056468 5.921461 -0.043133
v -4.056468 5.921461 -0.049889
v -4.056468 5.921461 -0.043133
v -4.056468 5.915976 -0.043133
v -3.635033 5.846456 -0.049888
v -3.654430 5.841079 -0.049889
v -3.635033 5.841079 -0.049889
v -3.635033 5.846456 -0.049888
v -3.654430 5.846456 -0.049888
v -3.654430 5.841079 -0.049889
v -3.635033 5.915975 -0.049888
v -3.654430 5.846456 -0.049888
v -3.635033 5.846456 -0.049888
v -4.042559 5.841079 -0.049889
v -3.654430 5.841079 -0.049889
v -3.654430 5.846456 -0.049888
v -3.635033 5.915975 -0.049888
v -3.654429 5.915976 -0.049888
v -3.654430 5.846456 -0.049888
v -3.635033 5.921460 -0.049889
v -3.654429 5.915976 -0.049888
v -3.635033 5.915975 -0.049888
v -3.635033 5.921460 -0.049889
v -3.654429 5.921461 -0.049889
v -3.654429 5.915976 -0.049888
v -4.042559 5.921461 -0.049889
v -3.654429 5.915976 -0.049888
v -3.654429 5.921461 -0.049889
v -4.042559 5.841079 -0.049889
v -3.654430 5.846456 -0.049888
v -4.042559 5.846457 -0.049888
v -4.042559 5.846457 -0.049888
v -3.654430 5.846456 -0.049888
v -3.654429 5.915976 -0.049888
v -4.056468 5.841079 -0.049889
v -4.042559 5.841079 -0.049889
v -4.042559 5.846457 -0.049888
v -4.056468 5.841079 -0.049889
v -4.042559 5.846457 -0.049888
v -4.056468 5.846457 -0.049888
v -4.042559 5.921461 -0.049889
v -4.042559 5.915976 -0.049888
v -3.654429 5.915976 -0.049888
v -4.042559 5.846457 -0.049888
v -3.654429 5.915976 -0.049888
v -4.042559 5.915976 -0.049888
v -4.056468 5.846457 -0.049888
v -4.042559 5.846457 -0.049888
v -4.042559 5.915976 -0.049888
v -4.056468 5.921461 -0.049889
v -4.042559 5.915976 -0.049888
v -4.042559 5.921461 -0.049889
v -4.056468 5.846457 -0.049888
v -4.042559 5.915976 -0.049888
v -4.056468 5.915976 -0.049888
v -4.056468 5.921461 -0.049889
v -4.056468 5.915976 -0.049888
v -4.042559 5.915976 -0.049888
v -3.635033 5.921460 -0.043134
v -3.654429 5.921461 -0.049889
v -3.635033 5.921460 -0.049889
v -3.635033 5.921460 -0.043134
v -3.654430 5.921461 -0.043134
v -3.654429 5.921461 -0.049889
v -3.635033 5.921461 3.621015
v -3.654430 5.921461 -0.043134
v -3.635033 5.921460 -0.043134
v -4.042559 5.921461 -0.049889
v -3.654429 5.921461 -0.049889
v -3.654430 5.921461 -0.043134
v -3.635033 5.921461 3.621015
v -3.654429 5.921461 3.621015
v -3.654430 5.921461 -0.043134
v -3.635033 5.921461 3.627132
v -3.654429 5.921461 3.621015
v -3.635033 5.921461 3.621015
v -3.635033 5.921461 3.627132
v -3.654430 5.921461 3.627132
v -3.654429 5.921461 3.621015
v -4.042559 5.921461 3.627133
v -3.654429 5.921461 3.621015
v -3.654430 5.921461 3.627132
v -4.042559 5.921461 3.627133
v -4.042559 5.921461 3.621016
v -3.654429 5.921461 3.621015
v -4.042559 5.921461 3.621016
v -3.654430 5.921461 -0.043134
v -3.654429 5.921461 3.621015
v -4.056468 5.921461 3.627133
v -4.042559 5.921461 3.621016
v -4.042559 5.921461 3.627133
v -4.056468 5.921461 3.627133
v -4.056467 5.921461 3.621016
v -4.042559 5.921461 3.621016
v -4.042559 5.921461 -0.049889
v -3.654430 5.921461 -0.043134
v -4.042559 5.921461 -0.043133
v -4.042559 5.921461 3.621016
v -4.042559 5.921461 -0.043133
v -3.654430 5.921461 -0.043134
v -4.056467 5.921461 3.621016
v -4.042559 5.921461 -0.043133
v -4.042559 5.921461 3.621016
v -4.056468 5.921461 -0.049889
v -4.042559 5.921461 -0.049889
v -4.042559 5.921461 -0.043133
v -4.056467 5.921461 3.621016
v -4.056468 5.921461 -0.043133
v -4.042559 5.921461 -0.043133
v -4.056468 5.921461 -0.049889
v -4.042559 5.921461 -0.043133
v -4.056468 5.921461 -0.043133
v -3.635033 5.915976 3.627132
v -3.654430 5.921461 3.627132
v -3.635033 5.921461 3.627132
v -3.635033 5.915976 3.627132
v -3.654430 5.915976 3.627132
v -3.654430 5.921461 3.627132
v -3.635033 5.846456 3.627132
v -3.654430 5.915976 3.627132
v -3.635033 5.915976 3.627132
v -4.042559 5.921461 3.627133
v -3.654430 5.921461 3.627132
v -3.654430 5.915976 3.627132
v -3.635033 5.846456 3.627132
v -3.654430 5.846456 3.627132
v -3.654430 5.915976 3.627132
v -3.635033 5.841079 3.627132
v -3.654430 5.846456 3.627132
v -3.635033 5.846456 3.627132
v -3.635033 5.841079 3.627132
v -3.654430 5.841079 3.627132
v -3.654430 5.846456 3.627132
v -4.042559 5.841079 3.627132
v -3.654430 5.846456 3.627132
v -3.654430 5.841079 3.627132
v -4.042559 5.921461 3.627133
v -3.654430 5.915976 3.627132
v -4.042559 5.915976 3.627133
v -4.042559 5.915976 3.627133
v -3.654430 5.915976 3.627132
v -3.654430 5.846456 3.627132
v -4.056468 5.921461 3.627133
v -4.042559 5.921461 3.627133
v -4.042559 5.915976 3.627133
v -4.056468 5.921461 3.627133
v -4.042559 5.915976 3.627133
v -4.056468 5.915976 3.627133
v -4.042559 5.841079 3.627132
v -4.042559 5.846457 3.627132
v -3.654430 5.846456 3.627132
v -4.042559 5.915976 3.627133
v -3.654430 5.846456 3.627132
v -4.042559 5.846457 3.627132
v -4.056468 5.915976 3.627133
v -4.042559 5.915976 3.627133
v -4.042559 5.846457 3.627132
v -4.056468 5.841079 3.627132
v -4.042559 5.846457 3.627132
v -4.042559 5.841079 3.627132
v -4.056468 5.915976 3.627133
v -4.042559 5.846457 3.627132
v -4.056468 5.846457 3.627132
v -4.056468 5.841079 3.627132
v -4.056468 5.846457 3.627132
v -4.042559 5.846457 3.627132
v -3.635033 5.841079 3.621015
v -3.654430 5.841079 3.627132
v -3.635033 5.841079 3.627132
v -3.635033 5.841079 3.621015
v -3.654430 5.841079 3.621015
v -3.654430 5.841079 3.627132
v -3.635034 5.841079 -0.043134
v -3.654430 5.841079 3.621015
v -3.635033 5.841079 3.621015
v -4.042559 5.841079 3.621015
v -3.654430 5.841079 3.627132
v -3.654430 5.841079 3.621015
v -4.042559 5.841079 3.621015
v -4.042559 5.841079 3.627132
v -3.654430 5.841079 3.627132
v -3.635034 5.841079 -0.043134
v -3.654430 5.841079 -0.043134
v -3.654430 5.841079 3.621015
v -4.042559 5.841079 3.621015
v -3.654430 5.841079 3.621015
v -3.654430 5.841079 -0.043134
v -3.635033 5.841079 -0.049889
v -3.654430 5.841079 -0.043134
v -3.635034 5.841079 -0.043134
v -3.635033 5.841079 -0.049889
v -3.654430 5.841079 -0.049889
v -3.654430 5.841079 -0.043134
v -4.042559 5.841079 -0.049889
v -3.654430 5.841079 -0.043134
v -3.654430 5.841079 -0.049889
v -4.042559 5.841079 -0.049889
v -4.042559 5.841079 -0.043134
v -3.654430 5.841079 -0.043134
v -4.042559 5.841079 3.621015
v -3.654430 5.841079 -0.043134
v -4.042559 5.841079 -0.043134
v -4.056468 5.841079 -0.049889
v -4.042559 5.841079 -0.043134
v -4.042559 5.841079 -0.049889
v -4.056468 5.841079 -0.049889
v -4.056468 5.841079 -0.043134
v -4.042559 5.841079 -0.043134
v -4.056468 5.841079 3.621015
v -4.042559 5.841079 -0.043134
v -4.056468 5.841079 -0.043134
v -4.056468 5.841079 3.621015
v -4.042559 5.841079 3.621015
v -4.042559 5.841079 -0.043134
v -4.056468 5.841079 3.621015
v -4.042559 5.841079 3.627132
v -4.042559 5.841079 3.621015
v -4.056468 5.841079 3.621015
v -4.056468 5.841079 3.627132
v -4.042559 5.841079 3.627132
v -3.635033 5.932054 -0.043134
v -3.635033 5.938237 -0.049889
v -3.635033 5.932055 -0.049889
v -3.635033 5.932054 -0.043134
v -3.635033 5.938237 -0.043133
v -3.635033 5.938237 -0.049889
v -3.635033 5.932055 3.621015
v -3.635033 5.938237 -0.043133
v -3.635033 5.932054 -0.043134
v -3.635033 6.546404 -0.049888
v -3.635033 5.938237 -0.049889
v -3.635033 5.938237 -0.043133
v -3.635033 5.932055 3.621015
v -3.635033 5.938237 3.621015
v -3.635033 5.938237 -0.043133
v -3.635033 5.932055 3.627132
v -3.635033 5.938237 3.621015
v -3.635033 5.932055 3.621015
v -3.635033 5.932055 3.627132
v -3.635033 5.938237 3.627132
v -3.635033 5.938237 3.621015
v -3.635033 6.546404 3.627131
v -3.635033 5.938237 3.621015
v -3.635033 5.938237 3.627132
v -3.635033 6.546404 3.627131
v -3.635032 6.546404 3.621014
v -3.635033 5.938237 3.621015
v -3.635032 6.546404 3.621014
v -3.635033 5.938237 -0.043133
v -3.635033 5.938237 3.621015
v -3.635033 6.553060 3.627132
v -3.635032 6.546404 3.621014
v -3.635033 6.546404 3.627131
v -3.635033 6.553060 3.627132
v -3.635032 6.553060 3.621015
v -3.635032 6.546404 3.621014
v -3.635033 6.546404 -0.049888
v -3.635033 5.938237 -0.043133
v -3.635033 6.546404 -0.043135
v -3.635032 6.546404 3.621014
v -3.635033 6.546404 -0.043135
v -3.635033 5.938237 -0.043133
v -3.635032 6.553060 3.621015
v -3.635033 6.546404 -0.043135
v -3.635032 6.546404 3.621014
v -3.635033 6.553060 -0.049889
v -3.635033 6.546404 -0.049888
v -3.635033 6.546404 -0.043135
v -3.635032 6.553060 3.621015
v -3.635033 6.553060 -0.043135
v -3.635033 6.546404 -0.043135
v -3.635033 6.553060 -0.049889
v -3.635033 6.546404 -0.043135
v -3.635033 6.553060 -0.043135
v -4.056468 5.938237 -0.049889
v -4.056468 5.932055 -0.043134
v -4.056468 5.932055 -0.049889
v -4.056468 5.938237 -0.049889
v -4.056468 5.938237 -0.043133
v -4.056468 5.932055 -0.043134
v -4.056467 6.546404 -0.049888
v -4.056468 5.938237 -0.043133
v -4.056468 5.938237 -0.049889
v -4.056468 5.938237 3.621015
v -4.056468 5.932055 -0.043134
v -4.056468 5.938237 -0.043133
v -4.056468 5.938237 3.621015
v -4.056468 5.932055 3.621015
v -4.056468 5.932055 -0.043134
v -4.056468 5.932055 3.627132
v -4.056468 5.932055 3.621015
v -4.056468 5.938237 3.621015
v -4.056468 5.932055 3.627132
v -4.056468 5.938237 3.621015
v -4.056468 5.938237 3.627132
v -4.056468 5.938237 3.627132
v -4.056468 5.938237 3.621015
v -4.056467 6.546404 3.621016
v -4.056467 6.546404 3.621016
v -4.056468 5.938237 3.621015
v -4.056468 5.938237 -0.043133
v -4.056468 5.938237 3.627132
v -4.056467 6.546404 3.621016
v -4.056468 6.546404 3.627133
v -4.056468 6.553060 3.627133
v -4.056468 6.546404 3.627133
v -4.056467 6.546404 3.621016
v -4.056468 6.553060 3.627133
v -4.056467 6.546404 3.621016
v -4.056467 6.553060 3.621016
v -4.056467 6.546404 -0.049888
v -4.056468 6.546404 -0.043131
v -4.056468 5.938237 -0.043133
v -4.056467 6.546404 3.621016
v -4.056468 5.938237 -0.043133
v -4.056468 6.546404 -0.043131
v -4.056467 6.553060 3.621016
v -4.056467 6.546404 3.621016
v -4.056468 6.546404 -0.043131
v -4.056467 6.553060 -0.049888
v -4.056468 6.546404 -0.043131
v -4.056467 6.546404 -0.049888
v -4.056467 6.553060 3.621016
v -4.056468 6.546404 -0.043131
v -4.056468 6.553060 -0.043134
v -4.056467 6.553060 -0.049888
v -4.056468 6.553060 -0.043134
v -4.056468 6.546404 -0.043131
v -3.635033 5.938237 -0.049889
v -3.654429 5.932055 -0.049889
v -3.635033 5.932055 -0.049889
v -3.635033 5.938237 -0.049889
v -3.654430 5.938237 -0.049889
v -3.654429 5.932055 -0.049889
v -3.635033 6.546404 -0.049888
v -3.654430 5.938237 -0.049889
v -3.635033 5.938237 -0.049889
v -4.042559 5.932055 -0.049889
v -3.654429 5.932055 -0.049889
v -3.654430 5.938237 -0.049889
v -3.635033 6.546404 -0.049888
v -3.654429 6.546404 -0.049888
v -3.654430 5.938237 -0.049889
v -3.635033 6.553060 -0.049889
v -3.654429 6.546404 -0.049888
v -3.635033 6.546404 -0.049888
v -3.635033 6.553060 -0.049889
v -3.654429 6.553060 -0.049889
v -3.654429 6.546404 -0.049888
v -4.042559 6.553060 -0.049888
v -3.654429 6.546404 -0.049888
v -3.654429 6.553060 -0.049889
v -4.042559 5.932055 -0.049889
v -3.654430 5.938237 -0.049889
v -4.042559 5.938237 -0.049889
v -4.042559 5.938237 -0.049889
v -3.654430 5.938237 -0.049889
v -3.654429 6.546404 -0.049888
v -4.056468 5.932055 -0.049889
v -4.042559 5.932055 -0.049889
v -4.042559 5.938237 -0.049889
v -4.056468 5.932055 -0.049889
v -4.042559 5.938237 -0.049889
v -4.056468 5.938237 -0.049889
v -4.042559 6.553060 -0.049888
v -4.042559 6.546404 -0.049888
v -3.654429 6.546404 -0.049888
v -4.042559 5.938237 -0.049889
v -3.654429 6.546404 -0.049888
v -4.042559 6.546404 -0.049888
v -4.056468 5.938237 -0.049889
v -4.042559 5.938237 -0.049889
v -4.042559 6.546404 -0.049888
v -4.056467 6.553060 -0.049888
v -4.042559 6.546404 -0.049888
v -4.042559 6.553060 -0.049888
v -4.056468 5.938237 -0.049889
v -4.042559 6.546404 -0.049888
v -4.056467 6.546404 -0.049888
v -4.056467 6.553060 -0.049888
v -4.056467 6.546404 -0.049888
v -4.042559 6.546404 -0.049888
v -3.635033 6.553060 -0.043135
v -3.654429 6.553060 -0.049889
v -3.635033 6.553060 -0.049889
v -3.635033 6.553060 -0.043135
v -3.654430 6.553060 -0.043135
v -3.654429 6.553060 -0.049889
v -3.635032 6.553060 3.621015
v -3.654430 6.553060 -0.043135
v -3.635033 6.553060 -0.043135
v -4.042559 6.553060 -0.049888
v -3.654429 6.553060 -0.049889
v -3.654430 6.553060 -0.043135
v -3.635032 6.553060 3.621015
v -3.654429 6.553060 3.621015
v -3.654430 6.553060 -0.043135
v -3.635033 6.553060 3.627132
v -3.654429 6.553060 3.621015
v -3.635032 6.553060 3.621015
v -3.635033 6.553060 3.627132
v -3.654429 6.553060 3.627132
v -3.654429 6.553060 3.621015
v -4.042559 6.553060 3.627133
v -3.654429 6.553060 3.621015
v -3.654429 6.553060 3.627132
v -4.042559 6.553060 3.627133
v -4.042559 6.553060 3.621016
v -3.654429 6.553060 3.621015
v -4.042559 6.553060 3.621016
v -3.654430 6.553060 -0.043135
v -3.654429 6.553060 3.621015
v -4.056468 6.553060 3.627133
v -4.042559 6.553060 3.621016
v -4.042559 6.553060 3.627133
v -4.056468 6.553060 3.627133
v -4.056467 6.553060 3.621016
v -4.042559 6.553060 3.621016
v -4.042559 6.553060 -0.049888
v -3.654430 6.553060 -0.043135
v -4.042559 6.553060 -0.043134
v -4.042559 6.553060 3.621016
v -4.042559 6.553060 -0.043134
v -3.654430 6.553060 -0.043135
v -4.056467 6.553060 3.621016
v -4.042559 6.553060 -0.043134
v -4.042559 6.553060 3.621016
v -4.056467 6.553060 -0.049888
v -4.042559 6.553060 -0.049888
v -4.042559 6.553060 -0.043134
v -4.056467 6.553060 3.621016
v -4.056468 6.553060 -0.043134
v -4.042559 6.553060 -0.043134
v -4.056467 6.553060 -0.049888
v -4.042559 6.553060 -0.043134
v -4.056468 6.553060 -0.043134
v -3.635033 6.546404 3.627131
v -3.654429 6.553060 3.627132
v -3.635033 6.553060 3.627132
v -3.635033 6.546404 3.627131
v -3.654429 6.546404 3.627131
v -3.654429 6.553060 3.627132
v -3.635033 5.938237 3.627132
v -3.654429 6.546404 3.627131
v -3.635033 6.546404 3.627131
v -4.042559 6.553060 3.627133
v -3.654429 6.553060 3.627132
v -3.654429 6.546404 3.627131
v -3.635033 5.938237 3.627132
v -3.654430 5.938237 3.627132
v -3.654429 6.546404 3.627131
v -3.635033 5.932055 3.627132
v -3.654430 5.938237 3.627132
v -3.635033 5.938237 3.627132
v -3.635033 5.932055 3.627132
v -3.654430 5.932055 3.627132
v -3.654430 5.938237 3.627132
v -4.042559 5.932055 3.627132
v -3.654430 5.938237 3.627132
v -3.654430 5.932055 3.627132
v -4.042559 6.553060 3.627133
v -3.654429 6.546404 3.627131
v -4.042559 6.546404 3.627133
v -4.042559 6.546404 3.627133
v -3.654429 6.546404 3.627131
v -3.654430 5.938237 3.627132
v -4.056468 6.553060 3.627133
v -4.042559 6.553060 3.627133
v -4.042559 6.546404 3.627133
v -4.056468 6.553060 3.627133
v -4.042559 6.546404 3.627133
v -4.056468 6.546404 3.627133
v -4.042559 5.932055 3.627132
v -4.042559 5.938237 3.627132
v -3.654430 5.938237 3.627132
v -4.042559 6.546404 3.627133
v -3.654430 5.938237 3.627132
v -4.042559 5.938237 3.627132
v -4.056468 6.546404 3.627133
v -4.042559 6.546404 3.627133
v -4.042559 5.938237 3.627132
v -4.056468 5.932055 3.627132
v -4.042559 5.938237 3.627132
v -4.042559 5.932055 3.627132
v -4.056468 6.546404 3.627133
v -4.042559 5.938237 3.627132
v -4.056468 5.938237 3.627132
v -4.056468 5.932055 3.627132
v -4.056468 5.938237 3.627132
v -4.042559 5.938237 3.627132
v -3.635033 5.932055 3.621015
v -3.654430 5.932055 3.627132
v -3.635033 5.932055 3.627132
v -3.635033 5.932055 3.621015
v -3.654429 5.932055 3.621015
v -3.654430 5.932055 3.627132
v -3.635033 5.932054 -0.043134
v -3.654429 5.932055 3.621015
v -3.635033 5.932055 3.621015
v -4.042559 5.932055 3.621015
v -3.654430 5.932055 3.627132
v -3.654429 5.932055 3.621015
v -4.042559 5.932055 3.621015
v -4.042559 5.932055 3.627132
v -3.654430 5.932055 3.627132
v -3.635033 5.932054 -0.043134
v -3.654430 5.932055 -0.043134
v -3.654429 5.932055 3.621015
v -4.042559 5.932055 3.621015
v -3.654429 5.932055 3.621015
v -3.654430 5.932055 -0.043134
v -3.635033 5.932055 -0.049889
v -3.654430 5.932055 -0.043134
v -3.635033 5.932054 -0.043134
v -3.635033 5.932055 -0.049889
v -3.654429 5.932055 -0.049889
v -3.654430 5.932055 -0.043134
v -4.042559 5.932055 -0.049889
v -3.654430 5.932055 -0.043134
v -3.654429 5.932055 -0.049889
v -4.042559 5.932055 -0.049889
v -4.042559 5.932055 -0.043134
v -3.654430 5.932055 -0.043134
v -4.042559 5.932055 3.621015
v -3.654430 5.932055 -0.043134
v -4.042559 5.932055 -0.043134
v -4.056468 5.932055 -0.049889
v -4.042559 5.932055 -0.043134
v -4.042559 5.932055 -0.049889
v -4.056468 5.932055 -0.049889
v -4.056468 5.932055 -0.043134
v -4.042559 5.932055 -0.043134
v -4.056468 5.932055 3.621015
v -4.042559 5.932055 -0.043134
v -4.056468 5.932055 -0.043134
v -4.056468 5.932055 3.621015
v -4.042559 5.932055 3.621015
v -4.042559 5.932055 -0.043134
v -4.056468 5.932055 3.621015
v -4.042559 5.932055 3.627132
v -4.042559 5.932055 3.621015
v -4.056468 5.932055 3.621015
v -4.056468 5.932055 3.627132
v -4.042559 5.932055 3.627132
v -8.542474 -3.689595 -0.024899
v -8.542471 5.872171 -0.021600
v -8.542471 5.872169 -0.016732
v -7.934811 5.872013 0.436668
v -7.948898 5.878767 0.436669
v -7.934811 5.878767 0.436669
v -7.934811 5.872013 0.436668
v -7.948898 5.872013 0.436668
v -7.948898 5.878767 0.436669
v -7.934815 -3.689751 0.433368
v -7.948898 5.872013 0.436668
v -7.934811 5.872013 0.436668
v -8.527032 5.878767 0.436669
v -7.948898 5.878767 0.436669
v -7.948898 5.872013 0.436668
v -7.934815 -3.689751 0.433368
v -7.948902 -3.689751 0.433368
v -7.948898 5.872013 0.436668
v -7.934815 -3.699087 0.433365
v -7.948902 -3.689751 0.433368
v -7.934815 -3.689751 0.433368
v -7.934815 -3.699087 0.433365
v -7.948902 -3.699087 0.433365
v -7.948902 -3.689751 0.433368
v -8.527036 -3.699086 0.433365
v -7.948902 -3.689751 0.433368
v -7.948902 -3.699087 0.433365
v -8.527036 -3.699086 0.433365
v -8.527035 -3.689750 0.433368
v -7.948902 -3.689751 0.433368
v -8.527035 -3.689750 0.433368
v -7.948898 5.872013 0.436668
v -7.948902 -3.689751 0.433368
v -8.542474 -3.699086 0.433365
v -8.527035 -3.689750 0.433368
v -8.527036 -3.699086 0.433365
v -8.542474 -3.699086 0.433365
v -8.542473 -3.689750 0.433368
v -8.527035 -3.689750 0.433368
v -8.527032 5.878767 0.436669
v -7.948898 5.872013 0.436668
v -8.527032 5.872013 0.436666
v -8.527035 -3.689750 0.433368
v -8.527032 5.872013 0.436666
v -7.948898 5.872013 0.436668
v -8.542473 -3.689750 0.433368
v -8.527032 5.872013 0.436666
v -8.527035 -3.689750 0.433368
v -8.542471 5.878767 0.436669
v -8.527032 5.878767 0.436669
v -8.527032 5.872013 0.436666
v -8.542473 -3.689750 0.433368
v -8.542471 5.872013 0.436666
v -8.527032 5.872013 0.436666
v -8.542471 5.878767 0.436669
v -8.527032 5.872013 0.436666
v -8.542471 5.872013 0.436666
v -7.948898 5.878925 -0.021598
v -7.934811 5.872171 -0.021600
v -7.934811 5.878925 -0.021598
v -7.948898 5.878925 -0.021598
v -7.948898 5.872171 -0.021600
v -7.934811 5.872171 -0.021600
v -8.527032 5.878925 -0.021598
v -7.948898 5.872171 -0.021600
v -7.948898 5.878925 -0.021598
v -7.948902 -3.689595 -0.024899
v -7.934811 5.872171 -0.021600
v -7.948898 5.872171 -0.021600
v -7.948902 -3.689595 -0.024899
v -7.934815 -3.689595 -0.024899
v -7.934811 5.872171 -0.021600
v -7.934815 -3.698931 -0.024902
v -7.934815 -3.689595 -0.024899
v -7.948902 -3.689595 -0.024899
v -7.934815 -3.698931 -0.024902
v -7.948902 -3.689595 -0.024899
v -7.948902 -3.698931 -0.024902
v -7.948902 -3.698931 -0.024902
v -7.948902 -3.689595 -0.024899
v -8.527035 -3.689595 -0.024899
v -8.527035 -3.689595 -0.024899
v -7.948902 -3.689595 -0.024899
v -7.948898 5.872171 -0.021600
v -7.948902 -3.698931 -0.024902
v -8.527035 -3.689595 -0.024899
v -8.527036 -3.698931 -0.024902
v -8.542475 -3.698931 -0.024902
v -8.527036 -3.698931 -0.024902
v -8.527035 -3.689595 -0.024899
v -8.542475 -3.698931 -0.024902
v -8.527035 -3.689595 -0.024899
v -8.542474 -3.689595 -0.024899
v -8.527032 5.878925 -0.021598
v -8.527032 5.872171 -0.021600
v -7.948898 5.872171 -0.021600
v -8.527035 -3.689595 -0.024899
v -7.948898 5.872171 -0.021600
v -8.527032 5.872171 -0.021600
v -8.542474 -3.689595 -0.024899
v -8.527035 -3.689595 -0.024899
v -8.527032 5.872171 -0.021600
v -8.542471 5.878925 -0.021598
v -8.527032 5.872171 -0.021600
v -8.527032 5.878925 -0.021598
v -8.542474 -3.689595 -0.024899
v -8.527032 5.872171 -0.021600
v -8.542471 5.872171 -0.021600
v -8.542471 5.878925 -0.021598
v -8.542471 5.872171 -0.021600
v -8.527032 5.872171 -0.021600
v -7.948898 5.878767 0.436669
v -7.934811 5.878770 0.429019
v -7.934811 5.878767 0.436669
v -7.948898 5.878767 0.436669
v -7.948898 5.878770 0.429019
v -7.934811 5.878770 0.429019
v -8.527032 5.878767 0.436669
v -7.948898 5.878770 0.429019
v -7.948898 5.878767 0.436669
v -7.934811 5.878924 -0.016729
v -7.934811 5.878770 0.429019
v -7.948898 5.878770 0.429019
v -8.527032 5.878767 0.436669
v -8.527032 5.878769 0.429019
v -7.948898 5.878770 0.429019
v -8.542471 5.878767 0.436669
v -8.527032 5.878769 0.429019
v -8.527032 5.878767 0.436669
v -8.542471 5.878767 0.436669
v -8.542471 5.878769 0.429019
v -8.527032 5.878769 0.429019
v -8.542471 5.878924 -0.016729
v -8.527032 5.878769 0.429019
v -8.542471 5.878769 0.429019
v -7.934811 5.878924 -0.016729
v -7.948898 5.878770 0.429019
v -7.948898 5.878924 -0.016729
v -7.948898 5.878924 -0.016729
v -7.948898 5.878770 0.429019
v -8.527032 5.878769 0.429019
v -7.934811 5.878925 -0.021598
v -7.934811 5.878924 -0.016729
v -7.948898 5.878924 -0.016729
v -7.934811 5.878925 -0.021598
v -7.948898 5.878924 -0.016729
v -7.948898 5.878925 -0.021598
v -8.542471 5.878924 -0.016729
v -8.527032 5.878924 -0.016729
v -8.527032 5.878769 0.429019
v -7.948898 5.878924 -0.016729
v -8.527032 5.878769 0.429019
v -8.527032 5.878924 -0.016729
v -7.948898 5.878925 -0.021598
v -7.948898 5.878924 -0.016729
v -8.527032 5.878924 -0.016729
v -8.542471 5.878925 -0.021598
v -8.527032 5.878924 -0.016729
v -8.542471 5.878924 -0.016729
v -7.948898 5.878925 -0.021598
v -8.527032 5.878924 -0.016729
v -8.527032 5.878925 -0.021598
v -8.542471 5.878925 -0.021598
v -8.527032 5.878925 -0.021598
v -8.527032 5.878924 -0.016729
v -8.542471 5.872013 0.436666
v -8.542471 5.878769 0.429019
v -8.542471 5.878767 0.436669
v -8.542471 5.872013 0.436666
v -8.542471 5.872015 0.429017
v -8.542471 5.878769 0.429019
v -8.542473 -3.689750 0.433368
v -8.542471 5.872015 0.429017
v -8.542471 5.872013 0.436666
v -8.542471 5.878924 -0.016729
v -8.542471 5.878769 0.429019
v -8.542471 5.872015 0.429017
v -8.542471 5.878924 -0.016729
v -8.542471 5.872015 0.429017
v -8.542471 5.872169 -0.016732
v -8.542471 5.878925 -0.021598
v -8.542471 5.878924 -0.016729
v -8.542471 5.872169 -0.016732
v -8.542471 5.878925 -0.021598
v -8.542471 5.872169 -0.016732
v -8.542471 5.872171 -0.021600
v -8.542474 -3.689596 -0.020029
v -8.542471 5.872169 -0.016732
v -8.542471 5.872015 0.429017
v -8.542474 -3.689596 -0.020029
v -8.542471 5.872015 0.429017
v -8.542473 -3.689747 0.425720
v -8.542475 -3.698932 -0.020032
v -8.542474 -3.689596 -0.020029
v -8.542473 -3.689747 0.425720
v -8.542475 -3.698931 -0.024902
v -8.542474 -3.689596 -0.020029
v -8.542475 -3.698932 -0.020032
v -8.542475 -3.698931 -0.024902
v -8.542474 -3.689595 -0.024899
v -8.542474 -3.689596 -0.020029
v -8.542474 -3.689595 -0.024899
v -8.542471 5.872169 -0.016732
v -8.542474 -3.689596 -0.020029
v -8.542475 -3.698932 -0.020032
v -8.542473 -3.689747 0.425720
v -8.542474 -3.699084 0.425715
v -8.542474 -3.699086 0.433365
v -8.542474 -3.699084 0.425715
v -8.542473 -3.689747 0.425720
v -8.542474 -3.699086 0.433365
v -8.542473 -3.689747 0.425720
v -8.542473 -3.689750 0.433368
v -8.542473 -3.689750 0.433368
v -8.542473 -3.689747 0.425720
v -8.542471 5.872015 0.429017
v -8.527036 -3.699086 0.433365
v -8.542474 -3.699084 0.425715
v -8.542474 -3.699086 0.433365
v -8.527036 -3.699086 0.433365
v -8.527036 -3.699084 0.425715
v -8.542474 -3.699084 0.425715
v -7.948902 -3.699087 0.433365
v -8.527036 -3.699084 0.425715
v -8.527036 -3.699086 0.433365
v -8.542475 -3.698932 -0.020032
v -8.542474 -3.699084 0.425715
v -8.527036 -3.699084 0.425715
v -7.948902 -3.699087 0.433365
v -7.948902 -3.699084 0.425715
v -8.527036 -3.699084 0.425715
v -7.934815 -3.699087 0.433365
v -7.948902 -3.699084 0.425715
v -7.948902 -3.699087 0.433365
v -7.934815 -3.699087 0.433365
v -7.934815 -3.699084 0.425715
v -7.948902 -3.699084 0.425715
v -7.934815 -3.698933 -0.020032
v -7.948902 -3.699084 0.425715
v -7.934815 -3.699084 0.425715
v -8.542475 -3.698932 -0.020032
v -8.527036 -3.699084 0.425715
v -8.527036 -3.698932 -0.020032
v -8.527036 -3.698932 -0.020032
v -8.527036 -3.699084 0.425715
v -7.948902 -3.699084 0.425715
v -8.542475 -3.698931 -0.024902
v -8.542475 -3.698932 -0.020032
v -8.527036 -3.698932 -0.020032
v -8.542475 -3.698931 -0.024902
v -8.527036 -3.698932 -0.020032
v -8.527036 -3.698931 -0.024902
v -7.934815 -3.698933 -0.020032
v -7.948902 -3.698933 -0.020032
v -7.948902 -3.699084 0.425715
v -8.527036 -3.698932 -0.020032
v -7.948902 -3.699084 0.425715
v -7.948902 -3.698933 -0.020032
v -8.527036 -3.698931 -0.024902
v -8.527036 -3.698932 -0.020032
v -7.948902 -3.698933 -0.020032
v -7.934815 -3.698931 -0.024902
v -7.948902 -3.698933 -0.020032
v -7.934815 -3.698933 -0.020032
v -8.527036 -3.698931 -0.024902
v -7.948902 -3.698933 -0.020032
v -7.948902 -3.698931 -0.024902
v -7.934815 -3.698931 -0.024902
v -7.948902 -3.698931 -0.024902
v -7.948902 -3.698933 -0.020032
v -7.934815 -3.689751 0.433368
v -7.934815 -3.699084 0.425715
v -7.934815 -3.699087 0.433365
v -7.934815 -3.689751 0.433368
v -7.934815 -3.689748 0.425720
v -7.934815 -3.699084 0.425715
v -7.934811 5.872013 0.436668
v -7.934815 -3.689748 0.425720
v -7.934815 -3.689751 0.433368
v -7.934815 -3.689596 -0.020029
v -7.934815 -3.699084 0.425715
v -7.934815 -3.689748 0.425720
v -7.934815 -3.689596 -0.020029
v -7.934815 -3.698933 -0.020032
v -7.934815 -3.699084 0.425715
v -7.934815 -3.689596 -0.020029
v -7.934815 -3.689748 0.425720
v -7.934811 5.872015 0.429017
v -7.934815 -3.689595 -0.024899
v -7.934815 -3.698933 -0.020032
v -7.934815 -3.689596 -0.020029
v -7.934815 -3.689595 -0.024899
v -7.934815 -3.698931 -0.024902
v -7.934815 -3.698933 -0.020032
v -7.934815 -3.689595 -0.024899
v -7.934815 -3.689596 -0.020029
v -7.934811 5.872169 -0.016732
v -7.934815 -3.689596 -0.020029
v -7.934811 5.872015 0.429017
v -7.934811 5.872169 -0.016732
v -7.934811 5.878924 -0.016729
v -7.934811 5.872169 -0.016732
v -7.934811 5.872015 0.429017
v -7.934811 5.878925 -0.021598
v -7.934811 5.872169 -0.016732
v -7.934811 5.878924 -0.016729
v -7.934811 5.878925 -0.021598
v -7.934811 5.872171 -0.021600
v -7.934811 5.872169 -0.016732
v -7.934815 -3.689595 -0.024899
v -7.934811 5.872169 -0.016732
v -7.934811 5.872171 -0.021600
v -7.934811 5.878924 -0.016729
v -7.934811 5.872015 0.429017
v -7.934811 5.878770 0.429019
v -7.934811 5.878767 0.436669
v -7.934811 5.878770 0.429019
v -7.934811 5.872015 0.429017
v -7.934811 5.878767 0.436669
v -7.934811 5.872015 0.429017
v -7.934811 5.872013 0.436668
v -7.934811 5.872013 0.436668
v -7.934811 5.872015 0.429017
v -7.934815 -3.689748 0.425720
v -8.443900 -3.689620 3.637344
v -8.443899 5.872143 3.640642
v -8.443899 5.872141 3.645511
v -7.836240 5.871997 4.062077
v -7.850327 5.878752 4.062079
v -7.836240 5.878752 4.062079
v -7.836240 5.871997 4.062077
v -7.850327 5.871997 4.062077
v -7.850327 5.878752 4.062079
v -7.836243 -3.689766 4.058779
v -7.850327 5.871997 4.062077
v -7.836240 5.871997 4.062077
v -8.428460 5.878752 4.062079
v -7.850327 5.878752 4.062079
v -7.850327 5.871997 4.062077
v -7.836243 -3.689766 4.058779
v -7.850331 -3.689766 4.058779
v -7.850327 5.871997 4.062077
v -7.836243 -3.699102 4.058775
v -7.850331 -3.689766 4.058779
v -7.836243 -3.689766 4.058779
v -7.836243 -3.699102 4.058775
v -7.850331 -3.699102 4.058775
v -7.850331 -3.689766 4.058779
v -8.428463 -3.699102 4.058776
v -7.850331 -3.689766 4.058779
v -7.850331 -3.699102 4.058775
v -8.428463 -3.699102 4.058776
v -8.428462 -3.689766 4.058780
v -7.850331 -3.689766 4.058779
v -8.428462 -3.689766 4.058780
v -7.850327 5.871997 4.062077
v -7.850331 -3.689766 4.058779
v -8.443901 -3.699102 4.058776
v -8.428462 -3.689766 4.058780
v -8.428463 -3.699102 4.058776
v -8.443901 -3.699102 4.058776
v -8.443900 -3.689766 4.058780
v -8.428462 -3.689766 4.058780
v -8.428460 5.878752 4.062079
v -7.850327 5.871997 4.062077
v -8.428460 5.871998 4.062077
v -8.428462 -3.689766 4.058780
v -8.428460 5.871998 4.062077
v -7.850327 5.871997 4.062077
v -8.443900 -3.689766 4.058780
v -8.428460 5.871998 4.062077
v -8.428462 -3.689766 4.058780
v -8.443899 5.878752 4.062079
v -8.428460 5.878752 4.062079
v -8.428460 5.871998 4.062077
v -8.443900 -3.689766 4.058780
v -8.443899 5.871998 4.062077
v -8.428460 5.871998 4.062077
v -8.443899 5.878752 4.062079
v -8.428460 5.871998 4.062077
v -8.443899 5.871998 4.062077
v -7.850327 5.878897 3.640644
v -7.836240 5.872143 3.640642
v -7.836240 5.878897 3.640644
v -7.850327 5.878897 3.640644
v -7.850327 5.872143 3.640642
v -7.836240 5.872143 3.640642
v -8.428460 5.878897 3.640644
v -7.850327 5.872143 3.640642
v -7.850327 5.878897 3.640644
v -7.850331 -3.689621 3.637344
v -7.836240 5.872143 3.640642
v -7.850327 5.872143 3.640642
v -7.850331 -3.689621 3.637344
v -7.836243 -3.689621 3.637344
v -7.836240 5.872143 3.640642
v -7.836243 -3.698957 3.637340
v -7.836243 -3.689621 3.637344
v -7.850331 -3.689621 3.637344
v -7.836243 -3.698957 3.637340
v -7.850331 -3.689621 3.637344
v -7.850331 -3.698957 3.637340
v -7.850331 -3.698957 3.637340
v -7.850331 -3.689621 3.637344
v -8.428462 -3.689620 3.637344
v -8.428462 -3.689620 3.637344
v -7.850331 -3.689621 3.637344
v -7.850327 5.872143 3.640642
v -7.850331 -3.698957 3.637340
v -8.428462 -3.689620 3.637344
v -8.428463 -3.698957 3.637340
v -8.443901 -3.698957 3.637340
v -8.428463 -3.698957 3.637340
v -8.428462 -3.689620 3.637344
v -8.443901 -3.698957 3.637340
v -8.428462 -3.689620 3.637344
v -8.443900 -3.689620 3.637344
v -8.428460 5.878897 3.640644
v -8.428460 5.872143 3.640642
v -7.850327 5.872143 3.640642
v -8.428462 -3.689620 3.637344
v -7.850327 5.872143 3.640642
v -8.428460 5.872143 3.640642
v -8.443900 -3.689620 3.637344
v -8.428462 -3.689620 3.637344
v -8.428460 5.872143 3.640642
v -8.443899 5.878897 3.640644
v -8.428460 5.872143 3.640642
v -8.428460 5.878897 3.640644
v -8.443900 -3.689620 3.637344
v -8.428460 5.872143 3.640642
v -8.443899 5.872143 3.640642
v -8.443899 5.878897 3.640644
v -8.443899 5.872143 3.640642
v -8.428460 5.872143 3.640642
v -7.850327 5.878752 4.062079
v -7.836240 5.878755 4.054429
v -7.836240 5.878752 4.062079
v -7.850327 5.878752 4.062079
v -7.850327 5.878755 4.054429
v -7.836240 5.878755 4.054429
v -8.428460 5.878752 4.062079
v -7.850327 5.878755 4.054429
v -7.850327 5.878752 4.062079
v -7.836240 5.878896 3.645514
v -7.836240 5.878755 4.054429
v -7.850327 5.878755 4.054429
v -8.428460 5.878752 4.062079
v -8.428460 5.878754 4.054429
v -7.850327 5.878755 4.054429
v -8.443899 5.878752 4.062079
v -8.428460 5.878754 4.054429
v -8.428460 5.878752 4.062079
v -8.443899 5.878752 4.062079
v -8.443899 5.878754 4.054429
v -8.428460 5.878754 4.054429
v -8.443899 5.878895 3.645514
v -8.428460 5.878754 4.054429
v -8.443899 5.878754 4.054429
v -7.836240 5.878896 3.645514
v -7.850327 5.878755 4.054429
v -7.850327 5.878896 3.645514
v -7.850327 5.878896 3.645514
v -7.850327 5.878755 4.054429
v -8.428460 5.878754 4.054429
v -7.836240 5.878897 3.640644
v -7.836240 5.878896 3.645514
v -7.850327 5.878896 3.645514
v -7.836240 5.878897 3.640644
v -7.850327 5.878896 3.645514
v -7.850327 5.878897 3.640644
v -8.443899 5.878895 3.645514
v -8.428460 5.878895 3.645514
v -8.428460 5.878754 4.054429
v -7.850327 5.878896 3.645514
v -8.428460 5.878754 4.054429
v -8.428460 5.878895 3.645514
v -7.850327 5.878897 3.640644
v -7.850327 5.878896 3.645514
v -8.428460 5.878895 3.645514
v -8.443899 5.878897 3.640644
v -8.428460 5.878895 3.645514
v -8.443899 5.878895 3.645514
v -7.850327 5.878897 3.640644
v -8.428460 5.878895 3.645514
v -8.428460 5.878897 3.640644
v -8.443899 5.878897 3.640644
v -8.428460 5.878897 3.640644
v -8.428460 5.878895 3.645514
v -8.443899 5.871998 4.062077
v -8.443899 5.878754 4.054429
v -8.443899 5.878752 4.062079
v -8.443899 5.871998 4.062077
v -8.443899 5.872000 4.054427
v -8.443899 5.878754 4.054429
v -8.443900 -3.689766 4.058780
v -8.443899 5.872000 4.054427
v -8.443899 5.871998 4.062077
v -8.443899 5.878895 3.645514
v -8.443899 5.878754 4.054429
v -8.443899 5.872000 4.054427
v -8.443899 5.878895 3.645514
v -8.443899 5.872000 4.054427
v -8.443899 5.872141 3.645511
v -8.443899 5.878897 3.640644
v -8.443899 5.878895 3.645514
v -8.443899 5.872141 3.645511
v -8.443899 5.878897 3.640644
v -8.443899 5.872141 3.645511
v -8.443899 5.872143 3.640642
v -8.443900 -3.689622 3.642214
v -8.443899 5.872141 3.645511
v -8.443899 5.872000 4.054427
v -8.443900 -3.689622 3.642214
v -8.443899 5.872000 4.054427
v -8.443900 -3.689763 4.051130
v -8.443901 -3.698958 3.642209
v -8.443900 -3.689622 3.642214
v -8.443900 -3.689763 4.051130
v -8.443901 -3.698957 3.637340
v -8.443900 -3.689622 3.642214
v -8.443901 -3.698958 3.642209
v -8.443901 -3.698957 3.637340
v -8.443900 -3.689620 3.637344
v -8.443900 -3.689622 3.642214
v -8.443900 -3.689620 3.637344
v -8.443899 5.872141 3.645511
v -8.443900 -3.689622 3.642214
v -8.443901 -3.698958 3.642209
v -8.443900 -3.689763 4.051130
v -8.443901 -3.699100 4.051126
v -8.443901 -3.699102 4.058776
v -8.443901 -3.699100 4.051126
v -8.443900 -3.689763 4.051130
v -8.443901 -3.699102 4.058776
v -8.443900 -3.689763 4.051130
v -8.443900 -3.689766 4.058780
v -8.443900 -3.689766 4.058780
v -8.443900 -3.689763 4.051130
v -8.443899 5.872000 4.054427
v -8.428463 -3.699102 4.058776
v -8.443901 -3.699100 4.051126
v -8.443901 -3.699102 4.058776
v -8.428463 -3.699102 4.058776
v -8.428463 -3.699100 4.051126
v -8.443901 -3.699100 4.051126
v -7.850331 -3.699102 4.058775
v -8.428463 -3.699100 4.051126
v -8.428463 -3.699102 4.058776
v -8.443901 -3.698958 3.642209
v -8.443901 -3.699100 4.051126
v -8.428463 -3.699100 4.051126
v -7.850331 -3.699102 4.058775
v -7.850331 -3.699100 4.051125
v -8.428463 -3.699100 4.051126
v -7.836243 -3.699102 4.058775
v -7.850331 -3.699100 4.051125
v -7.850331 -3.699102 4.058775
v -7.836243 -3.699102 4.058775
v -7.836243 -3.699100 4.051125
v -7.850331 -3.699100 4.051125
v -7.836243 -3.698959 3.642209
v -7.850331 -3.699100 4.051125
v -7.836243 -3.699100 4.051125
v -8.443901 -3.698958 3.642209
v -8.428463 -3.699100 4.051126
v -8.428463 -3.698958 3.642209
v -8.428463 -3.698958 3.642209
v -8.428463 -3.699100 4.051126
v -7.850331 -3.699100 4.051125
v -8.443901 -3.698957 3.637340
v -8.443901 -3.698958 3.642209
v -8.428463 -3.698958 3.642209
v -8.443901 -3.698957 3.637340
v -8.428463 -3.698958 3.642209
v -8.428463 -3.698957 3.637340
v -7.836243 -3.698959 3.642209
v -7.850331 -3.698959 3.642209
v -7.850331 -3.699100 4.051125
v -8.428463 -3.698958 3.642209
v -7.850331 -3.699100 4.051125
v -7.850331 -3.698959 3.642209
v -8.428463 -3.698957 3.637340
v -8.428463 -3.698958 3.642209
v -7.850331 -3.698959 3.642209
v -7.836243 -3.698957 3.637340
v -7.850331 -3.698959 3.642209
v -7.836243 -3.698959 3.642209
v -8.428463 -3.698957 3.637340
v -7.850331 -3.698959 3.642209
v -7.850331 -3.698957 3.637340
v -7.836243 -3.698957 3.637340
v -7.850331 -3.698957 3.637340
v -7.850331 -3.698959 3.642209
v -7.836243 -3.689766 4.058779
v -7.836243 -3.699100 4.051125
v -7.836243 -3.699102 4.058775
v -7.836243 -3.689766 4.058779
v -7.836243 -3.689764 4.051129
v -7.836243 -3.699100 4.051125
v -7.836240 5.871997 4.062077
v -7.836243 -3.689764 4.051129
v -7.836243 -3.689766 4.058779
v -7.836243 -3.689622 3.642214
v -7.836243 -3.699100 4.051125
v -7.836243 -3.689764 4.051129
v -7.836243 -3.689622 3.642214
v -7.836243 -3.698959 3.642209
v -7.836243 -3.699100 4.051125
v -7.836243 -3.689622 3.642214
v -7.836243 -3.689764 4.051129
v -7.836240 5.872000 4.054427
v -7.836243 -3.689621 3.637344
v -7.836243 -3.698959 3.642209
v -7.836243 -3.689622 3.642214
v -7.836243 -3.689621 3.637344
v -7.836243 -3.698957 3.637340
v -7.836243 -3.698959 3.642209
v -7.836243 -3.689621 3.637344
v -7.836243 -3.689622 3.642214
v -7.836240 5.872141 3.645511
v -7.836243 -3.689622 3.642214
v -7.836240 5.872000 4.054427
v -7.836240 5.872141 3.645511
v -7.836240 5.878896 3.645514
v -7.836240 5.872141 3.645511
v -7.836240 5.872000 4.054427
v -7.836240 5.878897 3.640644
v -7.836240 5.872141 3.645511
v -7.836240 5.878896 3.645514
v -7.836240 5.878897 3.640644
v -7.836240 5.872143 3.640642
v -7.836240 5.872141 3.645511
v -7.836243 -3.689621 3.637344
v -7.836240 5.872141 3.645511
v -7.836240 5.872143 3.640642
v -7.836240 5.878896 3.645514
v -7.836240 5.872000 4.054427
v -7.836240 5.878755 4.054429
v -7.836240 5.878752 4.062079
v -7.836240 5.878755 4.054429
v -7.836240 5.872000 4.054427
v -7.836240 5.878752 4.062079
v -7.836240 5.872000 4.054427
v -7.836240 5.871997 4.062077
v -7.836240 5.871997 4.062077
v -7.836240 5.872000 4.054427
v -7.836243 -3.689764 4.051129
v -8.104760 6.553342 7.777403
v -0.187093 6.553339 7.777390
v -0.187093 6.553339 7.782260
v -0.187093 5.840960 8.228470
v -0.180338 5.855046 8.228470
v -0.180338 5.840960 8.228470
v -0.187093 5.840960 8.228470
v -0.187093 5.855046 8.228470
v -0.180338 5.855046 8.228470
v -8.104761 5.840963 8.228483
v -0.187093 5.855046 8.228470
v -0.187093 5.840960 8.228470
v -0.180338 6.537901 8.228470
v -0.180338 5.855046 8.228470
v -0.187093 5.855046 8.228470
v -8.104761 5.840963 8.228483
v -8.104761 5.855050 8.228482
v -0.187093 5.855046 8.228470
v -8.114100 5.840963 8.228482
v -8.104761 5.855050 8.228482
v -8.104761 5.840963 8.228483
v -8.114100 5.840963 8.228482
v -8.114100 5.855050 8.228482
v -8.104761 5.855050 8.228482
v -8.114099 6.537904 8.228482
v -8.104761 5.855050 8.228482
v -8.114100 5.855050 8.228482
v -8.114099 6.537904 8.228482
v -8.104760 6.537904 8.228483
v -8.104761 5.855050 8.228482
v -8.104760 6.537904 8.228483
v -0.187093 5.855046 8.228470
v -8.104761 5.855050 8.228482
v -8.114099 6.553342 8.228482
v -8.104760 6.537904 8.228483
v -8.114099 6.537904 8.228482
v -8.114099 6.553342 8.228482
v -8.104760 6.553342 8.228482
v -8.104760 6.537904 8.228483
v -0.180338 6.537901 8.228470
v -0.187093 5.855046 8.228470
v -0.187092 6.537901 8.228470
v -8.104760 6.537904 8.228483
v -0.187092 6.537901 8.228470
v -0.187093 5.855046 8.228470
v -8.104760 6.553342 8.228482
v -0.187092 6.537901 8.228470
v -8.104760 6.537904 8.228483
v -0.180338 6.553339 8.228470
v -0.180338 6.537901 8.228470
v -0.187092 6.537901 8.228470
v -8.104760 6.553342 8.228482
v -0.187092 6.553339 8.228470
v -0.187092 6.537901 8.228470
v -0.180338 6.553339 8.228470
v -0.187092 6.537901 8.228470
v -0.187092 6.553339 8.228470
v -0.180339 5.855046 7.777390
v -0.187093 5.840960 7.777390
v -0.180339 5.840960 7.777390
v -0.180339 5.855046 7.777390
v -0.187093 5.855046 7.777390
v -0.187093 5.840960 7.777390
v -0.180339 6.537901 7.777390
v -0.187093 5.855046 7.777390
v -0.180339 5.855046 7.777390
v -8.104761 5.855050 7.777402
v -0.187093 5.840960 7.777390
v -0.187093 5.855046 7.777390
v -8.104761 5.855050 7.777402
v -8.104761 5.840963 7.777402
v -0.187093 5.840960 7.777390
v -8.114098 5.840963 7.777402
v -8.104761 5.840963 7.777402
v -8.104761 5.855050 7.777402
v -8.114098 5.840963 7.777402
v -8.104761 5.855050 7.777402
v -8.114098 5.855050 7.777401
v -8.114098 5.855050 7.777401
v -8.104761 5.855050 7.777402
v -8.104760 6.537903 7.777402
v -8.104760 6.537903 7.777402
v -8.104761 5.855050 7.777402
v -0.187093 5.855046 7.777390
v -8.114098 5.855050 7.777401
v -8.104760 6.537903 7.777402
v -8.114097 6.537903 7.777402
v -8.114097 6.553342 7.777402
v -8.114097 6.537903 7.777402
v -8.104760 6.537903 7.777402
v -8.114097 6.553342 7.777402
v -8.104760 6.537903 7.777402
v -8.104760 6.553342 7.777403
v -0.180339 6.537901 7.777390
v -0.187093 6.537901 7.777390
v -0.187093 5.855046 7.777390
v -8.104760 6.537903 7.777402
v -0.187093 5.855046 7.777390
v -0.187093 6.537901 7.777390
v -8.104760 6.553342 7.777403
v -8.104760 6.537903 7.777402
v -0.187093 6.537901 7.777390
v -0.180339 6.553339 7.777390
v -0.187093 6.537901 7.777390
v -0.180339 6.537901 7.777390
v -8.104760 6.553342 7.777403
v -0.187093 6.537901 7.777390
v -0.187093 6.553339 7.777390
v -0.180339 6.553339 7.777390
v -0.187093 6.553339 7.777390
v -0.187093 6.537901 7.777390
v -0.180338 5.855046 8.228470
v -0.180338 5.840960 8.220820
v -0.180338 5.840960 8.228470
v -0.180338 5.855046 8.228470
v -0.180338 5.855046 8.220819
v -0.180338 5.840960 8.220820
v -0.180338 6.537901 8.228470
v -0.180338 5.855046 8.220819
v -0.180338 5.855046 8.228470
v -0.180339 5.840960 7.782260
v -0.180338 5.840960 8.220820
v -0.180338 5.855046 8.220819
v -0.180338 6.537901 8.228470
v -0.180338 6.537901 8.220820
v -0.180338 5.855046 8.220819
v -0.180338 6.553339 8.228470
v -0.180338 6.537901 8.220820
v -0.180338 6.537901 8.228470
v -0.180338 6.553339 8.228470
v -0.180338 6.553339 8.220820
v -0.180338 6.537901 8.220820
v -0.180339 6.553339 7.782260
v -0.180338 6.537901 8.220820
v -0.180338 6.553339 8.220820
v -0.180339 5.840960 7.782260
v -0.180338 5.855046 8.220819
v -0.180339 5.855046 7.782259
v -0.180339 5.855046 7.782259
v -0.180338 5.855046 8.220819
v -0.180338 6.537901 8.220820
v -0.180339 5.840960 7.777390
v -0.180339 5.840960 7.782260
v -0.180339 5.855046 7.782259
v -0.180339 5.840960 7.777390
v -0.180339 5.855046 7.782259
v -0.180339 5.855046 7.777390
v -0.180339 6.553339 7.782260
v -0.180339 6.537901 7.782260
v -0.180338 6.537901 8.220820
v -0.180339 5.855046 7.782259
v -0.180338 6.537901 8.220820
v -0.180339 6.537901 7.782260
v -0.180339 5.855046 7.777390
v -0.180339 5.855046 7.782259
v -0.180339 6.537901 7.782260
v -0.180339 6.553339 7.777390
v -0.180339 6.537901 7.782260
v -0.180339 6.553339 7.782260
v -0.180339 5.855046 7.777390
v -0.180339 6.537901 7.782260
v -0.180339 6.537901 7.777390
v -0.180339 6.553339 7.777390
v -0.180339 6.537901 7.777390
v -0.180339 6.537901 7.782260
v -0.187092 6.553339 8.228470
v -0.180338 6.553339 8.220820
v -0.180338 6.553339 8.228470
v -0.187092 6.553339 8.228470
v -0.187092 6.553339 8.220820
v -0.180338 6.553339 8.220820
v -8.104760 6.553342 8.228482
v -0.187092 6.553339 8.220820
v -0.187092 6.553339 8.228470
v -0.180339 6.553339 7.782260
v -0.180338 6.553339 8.220820
v -0.187092 6.553339 8.220820
v -0.180339 6.553339 7.782260
v -0.187092 6.553339 8.220820
v -0.187093 6.553339 7.782260
v -0.180339 6.553339 7.777390
v -0.180339 6.553339 7.782260
v -0.187093 6.553339 7.782260
v -0.180339 6.553339 7.777390
v -0.187093 6.553339 7.782260
v -0.187093 6.553339 7.777390
v -8.104760 6.553342 7.782272
v -0.187093 6.553339 7.782260
v -0.187092 6.553339 8.220820
v -8.104760 6.553342 7.782272
v -0.187092 6.553339 8.220820
v -8.104760 6.553342 8.220833
v -8.114097 6.553342 7.782272
v -8.104760 6.553342 7.782272
v -8.104760 6.553342 8.220833
v -8.114097 6.553342 7.777402
v -8.104760 6.553342 7.782272
v -8.114097 6.553342 7.782272
v -8.114097 6.553342 7.777402
v -8.104760 6.553342 7.777403
v -8.104760 6.553342 7.782272
v -8.104760 6.553342 7.777403
v -0.187093 6.553339 7.782260
v -8.104760 6.553342 7.782272
v -8.114097 6.553342 7.782272
v -8.104760 6.553342 8.220833
v -8.114099 6.553342 8.220833
v -8.114099 6.553342 8.228482
v -8.114099 6.553342 8.220833
v -8.104760 6.553342 8.220833
v -8.114099 6.553342 8.228482
v -8.104760 6.553342 8.220833
v -8.104760 6.553342 8.228482
v -8.104760 6.553342 8.228482
v -8.104760 6.553342 8.220833
v -0.187092 6.553339 8.220820
v -8.114099 6.537904 8.228482
v -8.114099 6.553342 8.220833
v -8.114099 6.553342 8.228482
v -8.114099 6.537904 8.228482
v -8.114099 6.537903 8.220833
v -8.114099 6.553342 8.220833
v -8.114100 5.855050 8.228482
v -8.114099 6.537903 8.220833
v -8.114099 6.537904 8.228482
v -8.114097 6.553342 7.782272
v -8.114099 6.553342 8.220833
v -8.114099 6.537903 8.220833
v -8.114100 5.855050 8.228482
v -8.114100 5.855050 8.220833
v -8.114099 6.537903 8.220833
v -8.114100 5.840963 8.228482
v -8.114100 5.855050 8.220833
v -8.114100 5.855050 8.228482
v -8.114100 5.840963 8.228482
v -8.114100 5.840963 8.220833
v -8.114100 5.855050 8.220833
v -8.114098 5.840963 7.782272
v -8.114100 5.855050 8.220833
v -8.114100 5.840963 8.220833
v -8.114097 6.553342 7.782272
v -8.114099 6.537903 8.220833
v -8.114097 6.537903 7.782272
v -8.114097 6.537903 7.782272
v -8.114099 6.537903 8.220833
v -8.114100 5.855050 8.220833
v -8.114097 6.553342 7.777402
v -8.114097 6.553342 7.782272
v -8.114097 6.537903 7.782272
v -8.114097 6.553342 7.777402
v -8.114097 6.537903 7.782272
v -8.114097 6.537903 7.777402
v -8.114098 5.840963 7.782272
v -8.114098 5.855050 7.782271
v -8.114100 5.855050 8.220833
v -8.114097 6.537903 7.782272
v -8.114100 5.855050 8.220833
v -8.114098 5.855050 7.782271
v -8.114097 6.537903 7.777402
v -8.114097 6.537903 7.782272
v -8.114098 5.855050 7.782271
v -8.114098 5.840963 7.777402
v -8.114098 5.855050 7.782271
v -8.114098 5.840963 7.782272
v -8.114097 6.537903 7.777402
v -8.114098 5.855050 7.782271
v -8.114098 5.855050 7.777401
v -8.114098 5.840963 7.777402
v -8.114098 5.855050 7.777401
v -8.114098 5.855050 7.782271
v -8.104761 5.840963 8.228483
v -8.114100 5.840963 8.220833
v -8.114100 5.840963 8.228482
v -8.104761 5.840963 8.228483
v -8.104761 5.840963 8.220833
v -8.114100 5.840963 8.220833
v -0.187093 5.840960 8.228470
v -8.104761 5.840963 8.220833
v -8.104761 5.840963 8.228483
v -8.104761 5.840963 7.782272
v -8.114100 5.840963 8.220833
v -8.104761 5.840963 8.220833
v -8.104761 5.840963 7.782272
v -8.114098 5.840963 7.782272
v -8.114100 5.840963 8.220833
v -8.104761 5.840963 7.782272
v -8.104761 5.840963 8.220833
v -0.187093 5.840960 8.220820
v -8.104761 5.840963 7.777402
v -8.114098 5.840963 7.782272
v -8.104761 5.840963 7.782272
v -8.104761 5.840963 7.777402
v -8.114098 5.840963 7.777402
v -8.114098 5.840963 7.782272
v -8.104761 5.840963 7.777402
v -8.104761 5.840963 7.782272
v -0.187093 5.840960 7.782260
v -8.104761 5.840963 7.782272
v -0.187093 5.840960 8.220820
v -0.187093 5.840960 7.782260
v -0.180339 5.840960 7.782260
v -0.187093 5.840960 7.782260
v -0.187093 5.840960 8.220820
v -0.180339 5.840960 7.777390
v -0.187093 5.840960 7.782260
v -0.180339 5.840960 7.782260
v -0.180339 5.840960 7.777390
v -0.187093 5.840960 7.777390
v -0.187093 5.840960 7.782260
v -8.104761 5.840963 7.777402
v -0.187093 5.840960 7.782260
v -0.187093 5.840960 7.777390
v -0.180339 5.840960 7.782260
v -0.187093 5.840960 8.220820
v -0.180338 5.840960 8.220820
v -0.180338 5.840960 8.228470
v -0.180338 5.840960 8.220820
v -0.187093 5.840960 8.220820
v -0.180338 5.840960 8.228470
v -0.187093 5.840960 8.220820
v -0.187093 5.840960 8.228470
v -0.187093 5.840960 8.228470
v -0.187093 5.840960 8.220820
v -8.104761 5.840963 8.220833
v -8.542473 -3.689605 7.782274
v -8.542471 5.872158 7.785571
v -8.542471 5.872156 7.790441
v -7.934812 5.872012 8.207006
v -7.948898 5.878767 8.207008
v -7.934812 5.878767 8.207008
v -7.934812 5.872012 8.207006
v -7.948898 5.872012 8.207006
v -7.948898 5.878767 8.207008
v -7.934815 -3.689751 8.203709
v -7.948898 5.872012 8.207006
v -7.934812 5.872012 8.207006
v -8.527032 5.878767 8.207008
v -7.948898 5.878767 8.207008
v -7.948898 5.872012 8.207006
v -7.934815 -3.689751 8.203709
v -7.948902 -3.689751 8.203709
v -7.948898 5.872012 8.207006
v -7.934815 -3.699087 8.203705
v -7.948902 -3.689751 8.203709
v -7.934815 -3.689751 8.203709
v -7.934815 -3.699087 8.203705
v -7.948902 -3.699087 8.203705
v -7.948902 -3.689751 8.203709
v -8.527035 -3.699087 8.203705
v -7.948902 -3.689751 8.203709
v -7.948902 -3.699087 8.203705
v -8.527035 -3.699087 8.203705
v -8.527034 -3.689750 8.203709
v -7.948902 -3.689751 8.203709
v -8.527034 -3.689750 8.203709
v -7.948898 5.872012 8.207006
v -7.948902 -3.689751 8.203709
v -8.542474 -3.699087 8.203705
v -8.527034 -3.689750 8.203709
v -8.527035 -3.699087 8.203705
v -8.542474 -3.699087 8.203705
v -8.542473 -3.689750 8.203709
v -8.527034 -3.689750 8.203709
v -8.527032 5.878767 8.207008
v -7.948898 5.872012 8.207006
v -8.527032 5.872013 8.207006
v -8.527034 -3.689750 8.203709
v -8.527032 5.872013 8.207006
v -7.948898 5.872012 8.207006
v -8.542473 -3.689750 8.203709
v -8.527032 5.872013 8.207006
v -8.527034 -3.689750 8.203709
v -8.542471 5.878767 8.207008
v -8.527032 5.878767 8.207008
v -8.527032 5.872013 8.207006
v -8.542473 -3.689750 8.203709
v -8.542471 5.872013 8.207006
v -8.527032 5.872013 8.207006
v -8.542471 5.878767 8.207008
v -8.527032 5.872013 8.207006
v -8.542471 5.872013 8.207006
v -7.948898 5.878912 7.785573
v -7.934812 5.872158 7.785570
v -7.934812 5.878912 7.785573
v -7.948898 5.878912 7.785573
v -7.948898 5.872158 7.785570
v -7.934812 5.872158 7.785570
v -8.527032 5.878912 7.785573
v -7.948898 5.872158 7.785570
v -7.948898 5.878912 7.785573
v -7.948902 -3.689605 7.782273
v -7.934812 5.872158 7.785570
v -7.948898 5.872158 7.785570
v -7.948902 -3.689605 7.782273
v -7.934815 -3.689605 7.782273
v -7.934812 5.872158 7.785570
v -7.934815 -3.698942 7.782269
v -7.934815 -3.689605 7.782273
v -7.948902 -3.689605 7.782273
v -7.934815 -3.698942 7.782269
v -7.948902 -3.689605 7.782273
v -7.948902 -3.698942 7.782269
v -7.948902 -3.698942 7.782269
v -7.948902 -3.689605 7.782273
v -8.527034 -3.689605 7.782274
v -8.527034 -3.689605 7.782274
v -7.948902 -3.689605 7.782273
v -7.948898 5.872158 7.785570
v -7.948902 -3.698942 7.782269
v -8.527034 -3.689605 7.782274
v -8.527035 -3.698941 7.782270
v -8.542474 -3.698941 7.782270
v -8.527035 -3.698941 7.782270
v -8.527034 -3.689605 7.782274
v -8.542474 -3.698941 7.782270
v -8.527034 -3.689605 7.782274
v -8.542473 -3.689605 7.782274
v -8.527032 5.878912 7.785573
v -8.527032 5.872158 7.785571
v -7.948898 5.872158 7.785570
v -8.527034 -3.689605 7.782274
v -7.948898 5.872158 7.785570
v -8.527032 5.872158 7.785571
v -8.542473 -3.689605 7.782274
v -8.527034 -3.689605 7.782274
v -8.527032 5.872158 7.785571
v -8.542471 5.878912 7.785573
v -8.527032 5.872158 7.785571
v -8.527032 5.878912 7.785573
v -8.542473 -3.689605 7.782274
v -8.527032 5.872158 7.785571
v -8.542471 5.872158 7.785571
v -8.542471 5.878912 7.785573
v -8.542471 5.872158 7.785571
v -8.527032 5.872158 7.785571
v -7.948898 5.878767 8.207008
v -7.934812 5.878769 8.199359
v -7.934812 5.878767 8.207008
v -7.948898 5.878767 8.207008
v -7.948898 5.878769 8.199359
v -7.934812 5.878769 8.199359
v -8.527032 5.878767 8.207008
v -7.948898 5.878769 8.199359
v -7.948898 5.878767 8.207008
v -7.934812 5.878911 7.790442
v -7.934812 5.878769 8.199359
v -7.948898 5.878769 8.199359
v -8.527032 5.878767 8.207008
v -8.527032 5.878769 8.199359
v -7.948898 5.878769 8.199359
v -8.542471 5.878767 8.207008
v -8.527032 5.878769 8.199359
v -8.527032 5.878767 8.207008
v -8.542471 5.878767 8.207008
v -8.542471 5.878769 8.199359
v -8.527032 5.878769 8.199359
v -8.542471 5.878910 7.790443
v -8.527032 5.878769 8.199359
v -8.542471 5.878769 8.199359
v -7.934812 5.878911 7.790442
v -7.948898 5.878769 8.199359
v -7.948898 5.878911 7.790442
v -7.948898 5.878911 7.790442
v -7.948898 5.878769 8.199359
v -8.527032 5.878769 8.199359
v -7.934812 5.878912 7.785573
v -7.934812 5.878911 7.790442
v -7.948898 5.878911 7.790442
v -7.934812 5.878912 7.785573
v -7.948898 5.878911 7.790442
v -7.948898 5.878912 7.785573
v -8.542471 5.878910 7.790443
v -8.527032 5.878910 7.790443
v -8.527032 5.878769 8.199359
v -7.948898 5.878911 7.790442
v -8.527032 5.878769 8.199359
v -8.527032 5.878910 7.790443
v -7.948898 5.878912 7.785573
v -7.948898 5.878911 7.790442
v -8.527032 5.878910 7.790443
v -8.542471 5.878912 7.785573
v -8.527032 5.878910 7.790443
v -8.542471 5.878910 7.790443
v -7.948898 5.878912 7.785573
v -8.527032 5.878910 7.790443
v -8.527032 5.878912 7.785573
v -8.542471 5.878912 7.785573
v -8.527032 5.878912 7.785573
v -8.527032 5.878910 7.790443
v -8.542471 5.872013 8.207006
v -8.542471 5.878769 8.199359
v -8.542471 5.878767 8.207008
v -8.542471 5.872013 8.207006
v -8.542471 5.872015 8.199356
v -8.542471 5.878769 8.199359
v -8.542473 -3.689750 8.203709
v -8.542471 5.872015 8.199356
v -8.542471 5.872013 8.207006
v -8.542471 5.878910 7.790443
v -8.542471 5.878769 8.199359
v -8.542471 5.872015 8.199356
v -8.542471 5.878910 7.790443
v -8.542471 5.872015 8.199356
v -8.542471 5.872156 7.790441
v -8.542471 5.878912 7.785573
v -8.542471 5.878910 7.790443
v -8.542471 5.872156 7.790441
v -8.542471 5.878912 7.785573
v -8.542471 5.872156 7.790441
v -8.542471 5.872158 7.785571
v -8.542473 -3.689607 7.787142
v -8.542471 5.872156 7.790441
v -8.542471 5.872015 8.199356
v -8.542473 -3.689607 7.787142
v -8.542471 5.872015 8.199356
v -8.542473 -3.689748 8.196059
v -8.542474 -3.698943 7.787139
v -8.542473 -3.689607 7.787142
v -8.542473 -3.689748 8.196059
v -8.542474 -3.698941 7.782270
v -8.542473 -3.689607 7.787142
v -8.542474 -3.698943 7.787139
v -8.542474 -3.698941 7.782270
v -8.542473 -3.689605 7.782274
v -8.542473 -3.689607 7.787142
v -8.542473 -3.689605 7.782274
v -8.542471 5.872156 7.790441
v -8.542473 -3.689607 7.787142
v -8.542474 -3.698943 7.787139
v -8.542473 -3.689748 8.196059
v -8.542474 -3.699084 8.196056
v -8.542474 -3.699087 8.203705
v -8.542474 -3.699084 8.196056
v -8.542473 -3.689748 8.196059
v -8.542474 -3.699087 8.203705
v -8.542473 -3.689748 8.196059
v -8.542473 -3.689750 8.203709
v -8.542473 -3.689750 8.203709
v -8.542473 -3.689748 8.196059
v -8.542471 5.872015 8.199356
v -8.527035 -3.699087 8.203705
v -8.542474 -3.699084 8.196056
v -8.542474 -3.699087 8.203705
v -8.527035 -3.699087 8.203705
v -8.527035 -3.699084 8.196056
v -8.542474 -3.699084 8.196056
v -7.948902 -3.699087 8.203705
v -8.527035 -3.699084 8.196056
v -8.527035 -3.699087 8.203705
v -8.542474 -3.698943 7.787139
v -8.542474 -3.699084 8.196056
v -8.527035 -3.699084 8.196056
v -7.948902 -3.699087 8.203705
v -7.948902 -3.699084 8.196055
v -8.527035 -3.699084 8.196056
v -7.934815 -3.699087 8.203705
v -7.948902 -3.699084 8.196055
v -7.948902 -3.699087 8.203705
v -7.934815 -3.699087 8.203705
v -7.934815 -3.699084 8.196055
v -7.948902 -3.699084 8.196055
v -7.934815 -3.698943 7.787139
v -7.948902 -3.699084 8.196055
v -7.934815 -3.699084 8.196055
v -8.542474 -3.698943 7.787139
v -8.527035 -3.699084 8.196056
v -8.527035 -3.698943 7.787139
v -8.527035 -3.698943 7.787139
v -8.527035 -3.699084 8.196056
v -7.948902 -3.699084 8.196055
v -8.542474 -3.698941 7.782270
v -8.542474 -3.698943 7.787139
v -8.527035 -3.698943 7.787139
v -8.542474 -3.698941 7.782270
v -8.527035 -3.698943 7.787139
v -8.527035 -3.698941 7.782270
v -7.934815 -3.698943 7.787139
v -7.948902 -3.698943 7.787139
v -7.948902 -3.699084 8.196055
v -8.527035 -3.698943 7.787139
v -7.948902 -3.699084 8.196055
v -7.948902 -3.698943 7.787139
v -8.527035 -3.698941 7.782270
v -8.527035 -3.698943 7.787139
v -7.948902 -3.698943 7.787139
v -7.934815 -3.698942 7.782269
v -7.948902 -3.698943 7.787139
v -7.934815 -3.698943 7.787139
v -8.527035 -3.698941 7.782270
v -7.948902 -3.698943 7.787139
v -7.948902 -3.698942 7.782269
v -7.934815 -3.698942 7.782269
v -7.948902 -3.698942 7.782269
v -7.948902 -3.698943 7.787139
v -7.934815 -3.689751 8.203709
v -7.934815 -3.699084 8.196055
v -7.934815 -3.699087 8.203705
v -7.934815 -3.689751 8.203709
v -7.934815 -3.689748 8.196059
v -7.934815 -3.699084 8.196055
v -7.934812 5.872012 8.207006
v -7.934815 -3.689748 8.196059
v -7.934815 -3.689751 8.203709
v -7.934815 -3.689607 7.787142
v -7.934815 -3.699084 8.196055
v -7.934815 -3.689748 8.196059
v -7.934815 -3.689607 7.787142
v -7.934815 -3.698943 7.787139
v -7.934815 -3.699084 8.196055
v -7.934815 -3.689607 7.787142
v -7.934815 -3.689748 8.196059
v -7.934812 5.872015 8.199356
v -7.934815 -3.689605 7.782273
v -7.934815 -3.698943 7.787139
v -7.934815 -3.689607 7.787142
v -7.934815 -3.689605 7.782273
v -7.934815 -3.698942 7.782269
v -7.934815 -3.698943 7.787139
v -7.934815 -3.689605 7.782273
v -7.934815 -3.689607 7.787142
v -7.934812 5.872156 7.790441
v -7.934815 -3.689607 7.787142
v -7.934812 5.872015 8.199356
v -7.934812 5.872156 7.790441
v -7.934812 5.878911 7.790442
v -7.934812 5.872156 7.790441
v -7.934812 5.872015 8.199356
v -7.934812 5.878912 7.785573
v -7.934812 5.872156 7.790441
v -7.934812 5.878911 7.790442
v -7.934812 5.878912 7.785573
v -7.934812 5.872158 7.785570
v -7.934812 5.872156 7.790441
v -7.934815 -3.689605 7.782273
v -7.934812 5.872156 7.790441
v -7.934812 5.872158 7.785570
v -7.934812 5.878911 7.790442
v -7.934812 5.872015 8.199356
v -7.934812 5.878769 8.199359
v -7.934812 5.878767 8.207008
v -7.934812 5.878769 8.199359
v -7.934812 5.872015 8.199356
v -7.934812 5.878767 8.207008
v -7.934812 5.872015 8.199356
v -7.934812 5.872012 8.207006
v -7.934812 5.872012 8.207006
v -7.934812 5.872015 8.199356
v -7.934815 -3.689748 8.196059
v -3.635056 5.841079 4.085833
v -3.635056 5.846456 4.079079
v -3.635056 5.841079 4.079079
v -3.635056 5.841079 4.085833
v -3.635056 5.846456 4.085833
v -3.635056 5.846456 4.079079
v -3.635055 5.841079 7.763792
v -3.635056 5.846456 4.085833
v -3.635056 5.841079 4.085833
v -3.635055 5.915976 4.079078
v -3.635056 5.846456 4.079079
v -3.635056 5.846456 4.085833
v -3.635055 5.841079 7.763792
v -3.635055 5.846457 7.763791
v -3.635056 5.846456 4.085833
v -3.635055 5.841079 7.769908
v -3.635055 5.846457 7.763791
v -3.635055 5.841079 7.763792
v -3.635055 5.841079 7.769908
v -3.635055 5.846457 7.769907
v -3.635055 5.846457 7.763791
v -3.635055 5.915976 7.769907
v -3.635055 5.846457 7.763791
v -3.635055 5.846457 7.769907
v -3.635055 5.915976 7.769907
v -3.635055 5.915976 7.763791
v -3.635055 5.846457 7.763791
v -3.635055 5.915976 7.763791
v -3.635056 5.846456 4.085833
v -3.635055 5.846457 7.763791
v -3.635055 5.921461 7.769907
v -3.635055 5.915976 7.763791
v -3.635055 5.915976 7.769907
v -3.635055 5.921461 7.769907
v -3.635055 5.921461 7.763791
v -3.635055 5.915976 7.763791
v -3.635055 5.915976 4.079078
v -3.635056 5.846456 4.085833
v -3.635055 5.915976 4.085833
v -3.635055 5.915976 7.763791
v -3.635055 5.915976 4.085833
v -3.635056 5.846456 4.085833
v -3.635055 5.921461 7.763791
v -3.635055 5.915976 4.085833
v -3.635055 5.915976 7.763791
v -3.635055 5.921460 4.079079
v -3.635055 5.915976 4.079078
v -3.635055 5.915976 4.085833
v -3.635055 5.921461 7.763791
v -3.635055 5.921460 4.085833
v -3.635055 5.915976 4.085833
v -3.635055 5.921460 4.079079
v -3.635055 5.915976 4.085833
v -3.635055 5.921460 4.085833
v -4.056489 5.846457 4.079079
v -4.056490 5.841079 4.085833
v -4.056489 5.841079 4.079079
v -4.056489 5.846457 4.079079
v -4.056490 5.846457 4.085833
v -4.056490 5.841079 4.085833
v -4.056489 5.915976 4.079079
v -4.056490 5.846457 4.085833
v -4.056489 5.846457 4.079079
v -4.056489 5.846457 7.763791
v -4.056490 5.841079 4.085833
v -4.056490 5.846457 4.085833
v -4.056489 5.846457 7.763791
v -4.056489 5.841079 7.763792
v -4.056490 5.841079 4.085833
v -4.056490 5.841079 7.769908
v -4.056489 5.841079 7.763792
v -4.056489 5.846457 7.763791
v -4.056490 5.841079 7.769908
v -4.056489 5.846457 7.763791
v -4.056490 5.846457 7.769907
v -4.056490 5.846457 7.769907
v -4.056489 5.846457 7.763791
v -4.056489 5.915976 7.763792
v -4.056489 5.915976 7.763792
v -4.056489 5.846457 7.763791
v -4.056490 5.846457 4.085833
v -4.056490 5.846457 7.769907
v -4.056489 5.915976 7.763792
v -4.056490 5.915976 7.769908
v -4.056490 5.921461 7.769907
v -4.056490 5.915976 7.769908
v -4.056489 5.915976 7.763792
v -4.056490 5.921461 7.769907
v -4.056489 5.915976 7.763792
v -4.056489 5.921461 7.763791
v -4.056489 5.915976 4.079079
v -4.056490 5.915976 4.085834
v -4.056490 5.846457 4.085833
v -4.056489 5.915976 7.763792
v -4.056490 5.846457 4.085833
v -4.056490 5.915976 4.085834
v -4.056489 5.921461 7.763791
v -4.056489 5.915976 7.763792
v -4.056490 5.915976 4.085834
v -4.056489 5.921461 4.079079
v -4.056490 5.915976 4.085834
v -4.056489 5.915976 4.079079
v -4.056489 5.921461 7.763791
v -4.056490 5.915976 4.085834
v -4.056490 5.921461 4.085834
v -4.056489 5.921461 4.079079
v -4.056490 5.921461 4.085834
v -4.056490 5.915976 4.085834
v -3.635056 5.846456 4.079079
v -3.654452 5.841079 4.079079
v -3.635056 5.841079 4.079079
v -3.635056 5.846456 4.079079
v -3.654452 5.846456 4.079079
v -3.654452 5.841079 4.079079
v -3.635055 5.915976 4.079078
v -3.654452 5.846456 4.079079
v -3.635056 5.846456 4.079079
v -4.042581 5.841079 4.079079
v -3.654452 5.841079 4.079079
v -3.654452 5.846456 4.079079
v -3.635055 5.915976 4.079078
v -3.654452 5.915976 4.079078
v -3.654452 5.846456 4.079079
v -3.635055 5.921460 4.079079
v -3.654452 5.915976 4.079078
v -3.635055 5.915976 4.079078
v -3.635055 5.921460 4.079079
v -3.654452 5.921460 4.079079
v -3.654452 5.915976 4.079078
v -4.042581 5.921461 4.079079
v -3.654452 5.915976 4.079078
v -3.654452 5.921460 4.079079
v -4.042581 5.841079 4.079079
v -3.654452 5.846456 4.079079
v -4.042581 5.846457 4.079079
v -4.042581 5.846457 4.079079
v -3.654452 5.846456 4.079079
v -3.654452 5.915976 4.079078
v -4.056489 5.841079 4.079079
v -4.042581 5.841079 4.079079
v -4.042581 5.846457 4.079079
v -4.056489 5.841079 4.079079
v -4.042581 5.846457 4.079079
v -4.056489 5.846457 4.079079
v -4.042581 5.921461 4.079079
v -4.042581 5.915976 4.079079
v -3.654452 5.915976 4.079078
v -4.042581 5.846457 4.079079
v -3.654452 5.915976 4.079078
v -4.042581 5.915976 4.079079
v -4.056489 5.846457 4.079079
v -4.042581 5.846457 4.079079
v -4.042581 5.915976 4.079079
v -4.056489 5.921461 4.079079
v -4.042581 5.915976 4.079079
v -4.042581 5.921461 4.079079
v -4.056489 5.846457 4.079079
v -4.042581 5.915976 4.079079
v -4.056489 5.915976 4.079079
v -4.056489 5.921461 4.079079
v -4.056489 5.915976 4.079079
v -4.042581 5.915976 4.079079
v -3.635055 5.921460 4.085833
v -3.654452 5.921460 4.079079
v -3.635055 5.921460 4.079079
v -3.635055 5.921460 4.085833
v -3.654452 5.921460 4.085833
v -3.654452 5.921460 4.079079
v -3.635055 5.921461 7.763791
v -3.654452 5.921460 4.085833
v -3.635055 5.921460 4.085833
v -4.042581 5.921461 4.079079
v -3.654452 5.921460 4.079079
v -3.654452 5.921460 4.085833
v -3.635055 5.921461 7.763791
v -3.654451 5.921461 7.763791
v -3.654452 5.921460 4.085833
v -3.635055 5.921461 7.769907
v -3.654451 5.921461 7.763791
v -3.635055 5.921461 7.763791
v -3.635055 5.921461 7.769907
v -3.654452 5.921461 7.769907
v -3.654451 5.921461 7.763791
v -4.042581 5.921461 7.769907
v -3.654451 5.921461 7.763791
v -3.654452 5.921461 7.769907
v -4.042581 5.921461 7.769907
v -4.042581 5.921461 7.763791
v -3.654451 5.921461 7.763791
v -4.042581 5.921461 7.763791
v -3.654452 5.921460 4.085833
v -3.654451 5.921461 7.763791
v -4.056490 5.921461 7.769907
v -4.042581 5.921461 7.763791
v -4.042581 5.921461 7.769907
v -4.056490 5.921461 7.769907
v -4.056489 5.921461 7.763791
v -4.042581 5.921461 7.763791
v -4.042581 5.921461 4.079079
v -3.654452 5.921460 4.085833
v -4.042581 5.921461 4.085834
v -4.042581 5.921461 7.763791
v -4.042581 5.921461 4.085834
v -3.654452 5.921460 4.085833
v -4.056489 5.921461 7.763791
v -4.042581 5.921461 4.085834
v -4.042581 5.921461 7.763791
v -4.056489 5.921461 4.079079
v -4.042581 5.921461 4.079079
v -4.042581 5.921461 4.085834
v -4.056489 5.921461 7.763791
v -4.056490 5.921461 4.085834
v -4.042581 5.921461 4.085834
v -4.056489 5.921461 4.079079
v -4.042581 5.921461 4.085834
v -4.056490 5.921461 4.085834
v -3.635055 5.915976 7.769907
v -3.654452 5.921461 7.769907
v -3.635055 5.921461 7.769907
v -3.635055 5.915976 7.769907
v -3.654452 5.915976 7.769907
v -3.654452 5.921461 7.769907
v -3.635055 5.846457 7.769907
v -3.654452 5.915976 7.769907
v -3.635055 5.915976 7.769907
v -4.042581 5.921461 7.769907
v -3.654452 5.921461 7.769907
v -3.654452 5.915976 7.769907
v -3.635055 5.846457 7.769907
v -3.654452 5.846457 7.769907
v -3.654452 5.915976 7.769907
v -3.635055 5.841079 7.769908
v -3.654452 5.846457 7.769907
v -3.635055 5.846457 7.769907
v -3.635055 5.841079 7.769908
v -3.654452 5.841079 7.769908
v -3.654452 5.846457 7.769907
v -4.042581 5.841079 7.769908
v -3.654452 5.846457 7.769907
v -3.654452 5.841079 7.769908
v -4.042581 5.921461 7.769907
v -3.654452 5.915976 7.769907
v -4.042581 5.915976 7.769908
v -4.042581 5.915976 7.769908
v -3.654452 5.915976 7.769907
v -3.654452 5.846457 7.769907
v -4.056490 5.921461 7.769907
v -4.042581 5.921461 7.769907
v -4.042581 5.915976 7.769908
v -4.056490 5.921461 7.769907
v -4.042581 5.915976 7.769908
v -4.056490 5.915976 7.769908
v -4.042581 5.841079 7.769908
v -4.042581 5.846457 7.769907
v -3.654452 5.846457 7.769907
v -4.042581 5.915976 7.769908
v -3.654452 5.846457 7.769907
v -4.042581 5.846457 7.769907
v -4.056490 5.915976 7.769908
v -4.042581 5.915976 7.769908
v -4.042581 5.846457 7.769907
v -4.056490 5.841079 7.769908
v -4.042581 5.846457 7.769907
v -4.042581 5.841079 7.769908
v -4.056490 5.915976 7.769908
v -4.042581 5.846457 7.769907
v -4.056490 5.846457 7.769907
v -4.056490 5.841079 7.769908
v -4.056490 5.846457 7.769907
v -4.042581 5.846457 7.769907
v -3.635055 5.841079 7.763792
v -3.654452 5.841079 7.769908
v -3.635055 5.841079 7.769908
v -3.635055 5.841079 7.763792
v -3.654452 5.841079 7.763792
v -3.654452 5.841079 7.769908
v -3.635056 5.841079 4.085833
v -3.654452 5.841079 7.763792
v -3.635055 5.841079 7.763792
v -4.042581 5.841079 7.763792
v -3.654452 5.841079 7.769908
v -3.654452 5.841079 7.763792
v -4.042581 5.841079 7.763792
v -4.042581 5.841079 7.769908
v -3.654452 5.841079 7.769908
v -3.635056 5.841079 4.085833
v -3.654452 5.841079 4.085833
v -3.654452 5.841079 7.763792
v -4.042581 5.841079 7.763792
v -3.654452 5.841079 7.763792
v -3.654452 5.841079 4.085833
v -3.635056 5.841079 4.079079
v -3.654452 5.841079 4.085833
v -3.635056 5.841079 4.085833
v -3.635056 5.841079 4.079079
v -3.654452 5.841079 4.079079
v -3.654452 5.841079 4.085833
v -4.042581 5.841079 4.079079
v -3.654452 5.841079 4.085833
v -3.654452 5.841079 4.079079
v -4.042581 5.841079 4.079079
v -4.042582 5.841079 4.085833
v -3.654452 5.841079 4.085833
v -4.042581 5.841079 7.763792
v -3.654452 5.841079 4.085833
v -4.042582 5.841079 4.085833
v -4.056489 5.841079 4.079079
v -4.042582 5.841079 4.085833
v -4.042581 5.841079 4.079079
v -4.056489 5.841079 4.079079
v -4.056490 5.841079 4.085833
v -4.042582 5.841079 4.085833
v -4.056489 5.841079 7.763792
v -4.042582 5.841079 4.085833
v -4.056490 5.841079 4.085833
v -4.056489 5.841079 7.763792
v -4.042581 5.841079 7.763792
v -4.042582 5.841079 4.085833
v -4.056489 5.841079 7.763792
v -4.042581 5.841079 7.769908
v -4.042581 5.841079 7.763792
v -4.056489 5.841079 7.763792
v -4.056490 5.841079 7.769908
v -4.042581 5.841079 7.769908
v -3.635055 5.932055 4.085833
v -3.635055 5.938237 4.079079
v -3.635055 5.932055 4.079079
v -3.635055 5.932055 4.085833
v -3.635055 5.938237 4.085833
v -3.635055 5.938237 4.079079
v -3.635055 5.932055 7.763791
v -3.635055 5.938237 4.085833
v -3.635055 5.932055 4.085833
v -3.635055 6.546404 4.079078
v -3.635055 5.938237 4.079079
v -3.635055 5.938237 4.085833
v -3.635055 5.932055 7.763791
v -3.635055 5.938237 7.763791
v -3.635055 5.938237 4.085833
v -3.635055 5.932055 7.769907
v -3.635055 5.938237 7.763791
v -3.635055 5.932055 7.763791
v -3.635055 5.932055 7.769907
v -3.635055 5.938237 7.769907
v -3.635055 5.938237 7.763791
v -3.635055 6.546404 7.769907
v -3.635055 5.938237 7.763791
v -3.635055 5.938237 7.769907
v -3.635055 6.546404 7.769907
v -3.635054 6.546404 7.763791
v -3.635055 5.938237 7.763791
v -3.635054 6.546404 7.763791
v -3.635055 5.938237 4.085833
v -3.635055 5.938237 7.763791
v -3.635055 6.553060 7.769907
v -3.635054 6.546404 7.763791
v -3.635055 6.546404 7.769907
v -3.635055 6.553060 7.769907
v -3.635054 6.553060 7.763791
v -3.635054 6.546404 7.763791
v -3.635055 6.546404 4.079078
v -3.635055 5.938237 4.085833
v -3.635055 6.546404 4.085833
v -3.635054 6.546404 7.763791
v -3.635055 6.546404 4.085833
v -3.635055 5.938237 4.085833
v -3.635054 6.553060 7.763791
v -3.635055 6.546404 4.085833
v -3.635054 6.546404 7.763791
v -3.635055 6.553059 4.079078
v -3.635055 6.546404 4.079078
v -3.635055 6.546404 4.085833
v -3.635054 6.553060 7.763791
v -3.635055 6.553059 4.085833
v -3.635055 6.546404 4.085833
v -3.635055 6.553059 4.079078
v -3.635055 6.546404 4.085833
v -3.635055 6.553059 4.085833
v -4.056489 5.938238 4.079079
v -4.056490 5.932055 4.085833
v -4.056489 5.932055 4.079079
v -4.056489 5.938238 4.079079
v -4.056490 5.938237 4.085833
v -4.056490 5.932055 4.085833
v -4.056489 6.546404 4.079080
v -4.056490 5.938237 4.085833
v -4.056489 5.938238 4.079079
v -4.056489 5.938237 7.763791
v -4.056490 5.932055 4.085833
v -4.056490 5.938237 4.085833
v -4.056489 5.938237 7.763791
v -4.056489 5.932055 7.763792
v -4.056490 5.932055 4.085833
v -4.056489 5.932055 7.769907
v -4.056489 5.932055 7.763792
v -4.056489 5.938237 7.763791
v -4.056489 5.932055 7.769907
v -4.056489 5.938237 7.763791
v -4.056489 5.938237 7.769907
v -4.056489 5.938237 7.769907
v -4.056489 5.938237 7.763791
v -4.056489 6.546404 7.763792
v -4.056489 6.546404 7.763792
v -4.056489 5.938237 7.763791
v -4.056490 5.938237 4.085833
v -4.056489 5.938237 7.769907
v -4.056489 6.546404 7.763792
v -4.056490 6.546404 7.769909
v -4.056490 6.553060 7.769909
v -4.056490 6.546404 7.769909
v -4.056489 6.546404 7.763792
v -4.056490 6.553060 7.769909
v -4.056489 6.546404 7.763792
v -4.056489 6.553060 7.763792
v -4.056489 6.546404 4.079080
v -4.056489 6.546404 4.085834
v -4.056490 5.938237 4.085833
v -4.056489 6.546404 7.763792
v -4.056490 5.938237 4.085833
v -4.056489 6.546404 4.085834
v -4.056489 6.553060 7.763792
v -4.056489 6.546404 7.763792
v -4.056489 6.546404 4.085834
v -4.056489 6.553060 4.079079
v -4.056489 6.546404 4.085834
v -4.056489 6.546404 4.079080
v -4.056489 6.553060 7.763792
v -4.056489 6.546404 4.085834
v -4.056489 6.553060 4.085834
v -4.056489 6.553060 4.079079
v -4.056489 6.553060 4.085834
v -4.056489 6.546404 4.085834
v -3.635055 5.938237 4.079079
v -3.654452 5.932055 4.079079
v -3.635055 5.932055 4.079079
v -3.635055 5.938237 4.079079
v -3.654452 5.938237 4.079079
v -3.654452 5.932055 4.079079
v -3.635055 6.546404 4.079078
v -3.654452 5.938237 4.079079
v -3.635055 5.938237 4.079079
v -4.042581 5.932055 4.079079
v -3.654452 5.932055 4.079079
v -3.654452 5.938237 4.079079
v -3.635055 6.546404 4.079078
v -3.654452 6.546404 4.079078
v -3.654452 5.938237 4.079079
v -3.635055 6.553059 4.079078
v -3.654452 6.546404 4.079078
v -3.635055 6.546404 4.079078
v -3.635055 6.553059 4.079078
v -3.654452 6.553059 4.079078
v -3.654452 6.546404 4.079078
v -4.042581 6.553060 4.079079
v -3.654452 6.546404 4.079078
v -3.654452 6.553059 4.079078
v -4.042581 5.932055 4.079079
v -3.654452 5.938237 4.079079
v -4.042581 5.938237 4.079079
v -4.042581 5.938237 4.079079
v -3.654452 5.938237 4.079079
v -3.654452 6.546404 4.079078
v -4.056489 5.932055 4.079079
v -4.042581 5.932055 4.079079
v -4.042581 5.938237 4.079079
v -4.056489 5.932055 4.079079
v -4.042581 5.938237 4.079079
v -4.056489 5.938238 4.079079
v -4.042581 6.553060 4.079079
v -4.042581 6.546404 4.079080
v -3.654452 6.546404 4.079078
v -4.042581 5.938237 4.079079
v -3.654452 6.546404 4.079078
v -4.042581 6.546404 4.079080
v -4.056489 5.938238 4.079079
v -4.042581 5.938237 4.079079
v -4.042581 6.546404 4.079080
v -4.056489 6.553060 4.079079
v -4.042581 6.546404 4.079080
v -4.042581 6.553060 4.079079
v -4.056489 5.938238 4.079079
v -4.042581 6.546404 4.079080
v -4.056489 6.546404 4.079080
v -4.056489 6.553060 4.079079
v -4.056489 6.546404 4.079080
v -4.042581 6.546404 4.079080
v -3.635055 6.553059 4.085833
v -3.654452 6.553059 4.079078
v -3.635055 6.553059 4.079078
v -3.635055 6.553059 4.085833
v -3.654452 6.553059 4.085833
v -3.654452 6.553059 4.079078
v -3.635054 6.553060 7.763791
v -3.654452 6.553059 4.085833
v -3.635055 6.553059 4.085833
v -4.042581 6.553060 4.079079
v -3.654452 6.553059 4.079078
v -3.654452 6.553059 4.085833
v -3.635054 6.553060 7.763791
v -3.654451 6.553060 7.763791
v -3.654452 6.553059 4.085833
v -3.635055 6.553060 7.769907
v -3.654451 6.553060 7.763791
v -3.635054 6.553060 7.763791
v -3.635055 6.553060 7.769907
v -3.654451 6.553060 7.769907
v -3.654451 6.553060 7.763791
v -4.042581 6.553060 7.769909
v -3.654451 6.553060 7.763791
v -3.654451 6.553060 7.769907
v -4.042581 6.553060 7.769909
v -4.042581 6.553060 7.763792
v -3.654451 6.553060 7.763791
v -4.042581 6.553060 7.763792
v -3.654452 6.553059 4.085833
v -3.654451 6.553060 7.763791
v -4.056490 6.553060 7.769909
v -4.042581 6.553060 7.763792
v -4.042581 6.553060 7.769909
v -4.056490 6.553060 7.769909
v -4.056489 6.553060 7.763792
v -4.042581 6.553060 7.763792
v -4.042581 6.553060 4.079079
v -3.654452 6.553059 4.085833
v -4.042581 6.553060 4.085834
v -4.042581 6.553060 7.763792
v -4.042581 6.553060 4.085834
v -3.654452 6.553059 4.085833
v -4.056489 6.553060 7.763792
v -4.042581 6.553060 4.085834
v -4.042581 6.553060 7.763792
v -4.056489 6.553060 4.079079
v -4.042581 6.553060 4.079079
v -4.042581 6.553060 4.085834
v -4.056489 6.553060 7.763792
v -4.056489 6.553060 4.085834
v -4.042581 6.553060 4.085834
v -4.056489 6.553060 4.079079
v -4.042581 6.553060 4.085834
v -4.056489 6.553060 4.085834
v -3.635055 6.546404 7.769907
v -3.654451 6.553060 7.769907
v -3.635055 6.553060 7.769907
v -3.635055 6.546404 7.769907
v -3.654451 6.546404 7.769907
v -3.654451 6.553060 7.769907
v -3.635055 5.938237 7.769907
v -3.654451 6.546404 7.769907
v -3.635055 6.546404 7.769907
v -4.042581 6.553060 7.769909
v -3.654451 6.553060 7.769907
v -3.654451 6.546404 7.769907
v -3.635055 5.938237 7.769907
v -3.654452 5.938237 7.769907
v -3.654451 6.546404 7.769907
v -3.635055 5.932055 7.769907
v -3.654452 5.938237 7.769907
v -3.635055 5.938237 7.769907
v -3.635055 5.932055 7.769907
v -3.654452 5.932055 7.769907
v -3.654452 5.938237 7.769907
v -4.042581 5.932055 7.769907
v -3.654452 5.938237 7.769907
v -3.654452 5.932055 7.769907
v -4.042581 6.553060 7.769909
v -3.654451 6.546404 7.769907
v -4.042581 6.546404 7.769909
v -4.042581 6.546404 7.769909
v -3.654451 6.546404 7.769907
v -3.654452 5.938237 7.769907
v -4.056490 6.553060 7.769909
v -4.042581 6.553060 7.769909
v -4.042581 6.546404 7.769909
v -4.056490 6.553060 7.769909
v -4.042581 6.546404 7.769909
v -4.056490 6.546404 7.769909
v -4.042581 5.932055 7.769907
v -4.042581 5.938237 7.769907
v -3.654452 5.938237 7.769907
v -4.042581 6.546404 7.769909
v -3.654452 5.938237 7.769907
v -4.042581 5.938237 7.769907
v -4.056490 6.546404 7.769909
v -4.042581 6.546404 7.769909
v -4.042581 5.938237 7.769907
v -4.056489 5.932055 7.769907
v -4.042581 5.938237 7.769907
v -4.042581 5.932055 7.769907
v -4.056490 6.546404 7.769909
v -4.042581 5.938237 7.769907
v -4.056489 5.938237 7.769907
v -4.056489 5.932055 7.769907
v -4.056489 5.938237 7.769907
v -4.042581 5.938237 7.769907
v -3.635055 5.932055 7.763791
v -3.654452 5.932055 7.769907
v -3.635055 5.932055 7.769907
v -3.635055 5.932055 7.763791
v -3.654451 5.932055 7.763791
v -3.654452 5.932055 7.769907
v -3.635055 5.932055 4.085833
v -3.654451 5.932055 7.763791
v -3.635055 5.932055 7.763791
v -4.042581 5.932055 7.763792
v -3.654452 5.932055 7.769907
v -3.654451 5.932055 7.763791
v -4.042581 5.932055 7.763792
v -4.042581 5.932055 7.769907
v -3.654452 5.932055 7.769907
v -3.635055 5.932055 4.085833
v -3.654452 5.932055 4.085833
v -3.654451 5.932055 7.763791
v -4.042581 5.932055 7.763792
v -3.654451 5.932055 7.763791
v -3.654452 5.932055 4.085833
v -3.635055 5.932055 4.079079
v -3.654452 5.932055 4.085833
v -3.635055 5.932055 4.085833
v -3.635055 5.932055 4.079079
v -3.654452 5.932055 4.079079
v -3.654452 5.932055 4.085833
v -4.042581 5.932055 4.079079
v -3.654452 5.932055 4.085833
v -3.654452 5.932055 4.079079
v -4.042581 5.932055 4.079079
v -4.042581 5.932055 4.085833
v -3.654452 5.932055 4.085833
v -4.042581 5.932055 7.763792
v -3.654452 5.932055 4.085833
v -4.042581 5.932055 4.085833
v -4.056489 5.932055 4.079079
v -4.042581 5.932055 4.085833
v -4.042581 5.932055 4.079079
v -4.056489 5.932055 4.079079
v -4.056490 5.932055 4.085833
v -4.042581 5.932055 4.085833
v -4.056489 5.932055 7.763792
v -4.042581 5.932055 4.085833
v -4.056490 5.932055 4.085833
v -4.056489 5.932055 7.763792
v -4.042581 5.932055 7.763792
v -4.042581 5.932055 4.085833
v -4.056489 5.932055 7.763792
v -4.042581 5.932055 7.769907
v -4.042581 5.932055 7.763792
v -4.056489 5.932055 7.763792
v -4.056489 5.932055 7.769907
v -4.042581 5.932055 7.769907
v -7.876173 -2.637876 4.099642
v -7.881551 -2.637876 4.092888
v -7.876173 -2.637876 4.092888
v -7.876173 -2.637876 4.099642
v -7.881551 -2.637876 4.099642
v -7.881551 -2.637876 4.092888
v -7.876173 -2.637875 7.763792
v -7.881551 -2.637876 4.099642
v -7.876173 -2.637876 4.099642
v -7.951070 -2.637876 4.092888
v -7.881551 -2.637876 4.092888
v -7.881551 -2.637876 4.099642
v -7.876173 -2.637875 7.763792
v -7.881550 -2.637875 7.763792
v -7.881551 -2.637876 4.099642
v -7.876173 -2.637876 7.769909
v -7.881550 -2.637875 7.763792
v -7.876173 -2.637875 7.763792
v -7.876173 -2.637876 7.769909
v -7.881550 -2.637876 7.769909
v -7.881550 -2.637875 7.763792
v -7.951069 -2.637876 7.769909
v -7.881550 -2.637875 7.763792
v -7.881550 -2.637876 7.769909
v -7.951069 -2.637876 7.769909
v -7.951069 -2.637875 7.763792
v -7.881550 -2.637875 7.763792
v -7.951069 -2.637875 7.763792
v -7.881551 -2.637876 4.099642
v -7.881550 -2.637875 7.763792
v -7.956554 -2.637876 7.769909
v -7.951069 -2.637875 7.763792
v -7.951069 -2.637876 7.769909
v -7.956554 -2.637876 7.769909
v -7.956554 -2.637875 7.763792
v -7.951069 -2.637875 7.763792
v -7.951070 -2.637876 4.092888
v -7.881551 -2.637876 4.099642
v -7.951070 -2.637876 4.099642
v -7.951069 -2.637875 7.763792
v -7.951070 -2.637876 4.099642
v -7.881551 -2.637876 4.099642
v -7.956554 -2.637875 7.763792
v -7.951070 -2.637876 4.099642
v -7.951069 -2.637875 7.763792
v -7.956554 -2.637876 4.092888
v -7.951070 -2.637876 4.092888
v -7.951070 -2.637876 4.099642
v -7.956554 -2.637875 7.763792
v -7.956554 -2.637876 4.099642
v -7.951070 -2.637876 4.099642
v -7.956554 -2.637876 4.092888
v -7.951070 -2.637876 4.099642
v -7.956554 -2.637876 4.099642
v -7.881551 -3.553025 4.092888
v -7.876173 -3.553025 4.099643
v -7.876173 -3.553025 4.092888
v -7.881551 -3.553025 4.092888
v -7.881551 -3.553025 4.099643
v -7.876173 -3.553025 4.099643
v -7.951070 -3.553025 4.092889
v -7.881551 -3.553025 4.099643
v -7.881551 -3.553025 4.092888
v -7.881551 -3.553024 7.763792
v -7.876173 -3.553025 4.099643
v -7.881551 -3.553025 4.099643
v -7.881551 -3.553024 7.763792
v -7.876173 -3.553024 7.763792
v -7.876173 -3.553025 4.099643
v -7.876173 -3.553024 7.769908
v -7.876173 -3.553024 7.763792
v -7.881551 -3.553024 7.763792
v -7.876173 -3.553024 7.769908
v -7.881551 -3.553024 7.763792
v -7.881551 -3.553024 7.769909
v -7.881551 -3.553024 7.769909
v -7.881551 -3.553024 7.763792
v -7.951070 -3.553024 7.763792
v -7.951070 -3.553024 7.763792
v -7.881551 -3.553024 7.763792
v -7.881551 -3.553025 4.099643
v -7.881551 -3.553024 7.769909
v -7.951070 -3.553024 7.763792
v -7.951070 -3.553024 7.769909
v -7.956555 -3.553024 7.769909
v -7.951070 -3.553024 7.769909
v -7.951070 -3.553024 7.763792
v -7.956555 -3.553024 7.769909
v -7.951070 -3.553024 7.763792
v -7.956555 -3.553024 7.763792
v -7.951070 -3.553025 4.092889
v -7.951070 -3.553025 4.099643
v -7.881551 -3.553025 4.099643
v -7.951070 -3.553024 7.763792
v -7.881551 -3.553025 4.099643
v -7.951070 -3.553025 4.099643
v -7.956555 -3.553024 7.763792
v -7.951070 -3.553024 7.763792
v -7.951070 -3.553025 4.099643
v -7.956554 -3.553025 4.092889
v -7.951070 -3.553025 4.099643
v -7.951070 -3.553025 4.092889
v -7.956555 -3.553024 7.763792
v -7.951070 -3.553025 4.099643
v -7.956554 -3.553025 4.099643
v -7.956554 -3.553025 4.092889
v -7.956554 -3.553025 4.099643
v -7.951070 -3.553025 4.099643
v -7.881551 -2.637876 4.092888
v -7.876173 -2.657273 4.092888
v -7.876173 -2.637876 4.092888
v -7.881551 -2.637876 4.092888
v -7.881551 -2.657272 4.092888
v -7.876173 -2.657273 4.092888
v -7.951070 -2.637876 4.092888
v -7.881551 -2.657272 4.092888
v -7.881551 -2.637876 4.092888
v -7.876173 -3.539116 4.092888
v -7.876173 -2.657273 4.092888
v -7.881551 -2.657272 4.092888
v -7.951070 -2.637876 4.092888
v -7.951070 -2.657272 4.092888
v -7.881551 -2.657272 4.092888
v -7.956554 -2.637876 4.092888
v -7.951070 -2.657272 4.092888
v -7.951070 -2.637876 4.092888
v -7.956554 -2.637876 4.092888
v -7.956554 -2.657272 4.092888
v -7.951070 -2.657272 4.092888
v -7.956554 -3.539116 4.092888
v -7.951070 -2.657272 4.092888
v -7.956554 -2.657272 4.092888
v -7.876173 -3.539116 4.092888
v -7.881551 -2.657272 4.092888
v -7.881551 -3.539116 4.092888
v -7.881551 -3.539116 4.092888
v -7.881551 -2.657272 4.092888
v -7.951070 -2.657272 4.092888
v -7.876173 -3.553025 4.092888
v -7.876173 -3.539116 4.092888
v -7.881551 -3.539116 4.092888
v -7.876173 -3.553025 4.092888
v -7.881551 -3.539116 4.092888
v -7.881551 -3.553025 4.092888
v -7.956554 -3.539116 4.092888
v -7.951070 -3.539116 4.092888
v -7.951070 -2.657272 4.092888
v -7.881551 -3.539116 4.092888
v -7.951070 -2.657272 4.092888
v -7.951070 -3.539116 4.092888
v -7.881551 -3.553025 4.092888
v -7.881551 -3.539116 4.092888
v -7.951070 -3.539116 4.092888
v -7.956554 -3.553025 4.092889
v -7.951070 -3.539116 4.092888
v -7.956554 -3.539116 4.092888
v -7.881551 -3.553025 4.092888
v -7.951070 -3.539116 4.092888
v -7.951070 -3.553025 4.092889
v -7.956554 -3.553025 4.092889
v -7.951070 -3.553025 4.092889
v -7.951070 -3.539116 4.092888
v -7.956554 -2.637876 4.099642
v -7.956554 -2.657272 4.092888
v -7.956554 -2.637876 4.092888
v -7.956554 -2.637876 4.099642
v -7.956554 -2.657272 4.099643
v -7.956554 -2.657272 4.092888
v -7.956554 -2.637875 7.763792
v -7.956554 -2.657272 4.099643
v -7.956554 -2.637876 4.099642
v -7.956554 -3.539116 4.092888
v -7.956554 -2.657272 4.092888
v -7.956554 -2.657272 4.099643
v -7.956554 -2.637875 7.763792
v -7.956554 -2.657271 7.763791
v -7.956554 -2.657272 4.099643
v -7.956554 -2.637876 7.769909
v -7.956554 -2.657271 7.763791
v -7.956554 -2.637875 7.763792
v -7.956554 -2.637876 7.769909
v -7.956554 -2.657272 7.769908
v -7.956554 -2.657271 7.763791
v -7.956555 -3.539116 7.769908
v -7.956554 -2.657271 7.763791
v -7.956554 -2.657272 7.769908
v -7.956555 -3.539116 7.769908
v -7.956555 -3.539116 7.763791
v -7.956554 -2.657271 7.763791
v -7.956555 -3.539116 7.763791
v -7.956554 -2.657272 4.099643
v -7.956554 -2.657271 7.763791
v -7.956555 -3.553024 7.769909
v -7.956555 -3.539116 7.763791
v -7.956555 -3.539116 7.769908
v -7.956555 -3.553024 7.769909
v -7.956555 -3.553024 7.763792
v -7.956555 -3.539116 7.763791
v -7.956554 -3.539116 4.092888
v -7.956554 -2.657272 4.099643
v -7.956554 -3.539115 4.099642
v -7.956555 -3.539116 7.763791
v -7.956554 -3.539115 4.099642
v -7.956554 -2.657272 4.099643
v -7.956555 -3.553024 7.763792
v -7.956554 -3.539115 4.099642
v -7.956555 -3.539116 7.763791
v -7.956554 -3.553025 4.092889
v -7.956554 -3.539116 4.092888
v -7.956554 -3.539115 4.099642
v -7.956555 -3.553024 7.763792
v -7.956554 -3.553025 4.099643
v -7.956554 -3.539115 4.099642
v -7.956554 -3.553025 4.092889
v -7.956554 -3.539115 4.099642
v -7.956554 -3.553025 4.099643
v -7.951069 -2.637876 7.769909
v -7.956554 -2.657272 7.769908
v -7.956554 -2.637876 7.769909
v -7.951069 -2.637876 7.769909
v -7.951069 -2.657272 7.769908
v -7.956554 -2.657272 7.769908
v -7.881550 -2.637876 7.769909
v -7.951069 -2.657272 7.769908
v -7.951069 -2.637876 7.769909
v -7.956555 -3.539116 7.769908
v -7.956554 -2.657272 7.769908
v -7.951069 -2.657272 7.769908
v -7.881550 -2.637876 7.769909
v -7.881550 -2.657272 7.769908
v -7.951069 -2.657272 7.769908
v -7.876173 -2.637876 7.769909
v -7.881550 -2.657272 7.769908
v -7.881550 -2.637876 7.769909
v -7.876173 -2.637876 7.769909
v -7.876173 -2.657273 7.769908
v -7.881550 -2.657272 7.769908
v -7.876173 -3.539116 7.769908
v -7.881550 -2.657272 7.769908
v -7.876173 -2.657273 7.769908
v -7.956555 -3.539116 7.769908
v -7.951069 -2.657272 7.769908
v -7.951070 -3.539116 7.769909
v -7.951070 -3.539116 7.769909
v -7.951069 -2.657272 7.769908
v -7.881550 -2.657272 7.769908
v -7.956555 -3.553024 7.769909
v -7.956555 -3.539116 7.769908
v -7.951070 -3.539116 7.769909
v -7.956555 -3.553024 7.769909
v -7.951070 -3.539116 7.769909
v -7.951070 -3.553024 7.769909
v -7.876173 -3.539116 7.769908
v -7.881551 -3.539116 7.769908
v -7.881550 -2.657272 7.769908
v -7.951070 -3.539116 7.769909
v -7.881550 -2.657272 7.769908
v -7.881551 -3.539116 7.769908
v -7.951070 -3.553024 7.769909
v -7.951070 -3.539116 7.769909
v -7.881551 -3.539116 7.769908
v -7.876173 -3.553024 7.769908
v -7.881551 -3.539116 7.769908
v -7.876173 -3.539116 7.769908
v -7.951070 -3.553024 7.769909
v -7.881551 -3.539116 7.769908
v -7.881551 -3.553024 7.769909
v -7.876173 -3.553024 7.769908
v -7.881551 -3.553024 7.769909
v -7.881551 -3.539116 7.769908
v -7.876173 -2.637875 7.763792
v -7.876173 -2.657273 7.769908
v -7.876173 -2.637876 7.769909
v -7.876173 -2.637875 7.763792
v -7.876173 -2.657271 7.763791
v -7.876173 -2.657273 7.769908
v -7.876173 -2.637876 4.099642
v -7.876173 -2.657271 7.763791
v -7.876173 -2.637875 7.763792
v -7.876173 -3.539116 7.763791
v -7.876173 -2.657273 7.769908
v -7.876173 -2.657271 7.763791
v -7.876173 -3.539116 7.763791
v -7.876173 -3.539116 7.769908
v -7.876173 -2.657273 7.769908
v -7.876173 -2.637876 4.099642
v -7.876173 -2.657272 4.099643
v -7.876173 -2.657271 7.763791
v -7.876173 -3.539116 7.763791
v -7.876173 -2.657271 7.763791
v -7.876173 -2.657272 4.099643
v -7.876173 -2.637876 4.092888
v -7.876173 -2.657272 4.099643
v -7.876173 -2.637876 4.099642
v -7.876173 -2.637876 4.092888
v -7.876173 -2.657273 4.092888
v -7.876173 -2.657272 4.099643
v -7.876173 -3.539116 4.092888
v -7.876173 -2.657272 4.099643
v -7.876173 -2.657273 4.092888
v -7.876173 -3.539116 4.092888
v -7.876173 -3.539115 4.099642
v -7.876173 -2.657272 4.099643
v -7.876173 -3.539116 7.763791
v -7.876173 -2.657272 4.099643
v -7.876173 -3.539115 4.099642
v -7.876173 -3.553025 4.092888
v -7.876173 -3.539115 4.099642
v -7.876173 -3.539116 4.092888
v -7.876173 -3.553025 4.092888
v -7.876173 -3.553025 4.099643
v -7.876173 -3.539115 4.099642
v -7.876173 -3.553024 7.763792
v -7.876173 -3.539115 4.099642
v -7.876173 -3.553025 4.099643
v -7.876173 -3.553024 7.763792
v -7.876173 -3.539116 7.763791
v -7.876173 -3.539115 4.099642
v -7.876173 -3.553024 7.763792
v -7.876173 -3.539116 7.769908
v -7.876173 -3.539116 7.763791
v -7.876173 -3.553024 7.763792
v -7.876173 -3.553024 7.769908
v -7.876173 -3.539116 7.769908
v -7.967149 -2.637876 4.099642
v -7.973331 -2.637876 4.092888
v -7.967149 -2.637876 4.092888
v -7.967149 -2.637876 4.099642
v -7.973331 -2.637876 4.099642
v -7.973331 -2.637876 4.092888
v -7.967148 -2.637875 7.763792
v -7.973331 -2.637876 4.099642
v -7.967149 -2.637876 4.099642
v -8.581498 -2.637875 4.092889
v -7.973331 -2.637876 4.092888
v -7.973331 -2.637876 4.099642
v -7.967148 -2.637875 7.763792
v -7.973331 -2.637875 7.763792
v -7.973331 -2.637876 4.099642
v -7.967148 -2.637876 7.769909
v -7.973331 -2.637875 7.763792
v -7.967148 -2.637875 7.763792
v -7.967148 -2.637876 7.769909
v -7.973331 -2.637876 7.769909
v -7.973331 -2.637875 7.763792
v -8.581498 -2.637876 7.769908
v -7.973331 -2.637875 7.763792
v -7.973331 -2.637876 7.769909
v -8.581498 -2.637876 7.769908
v -8.581498 -2.637875 7.763792
v -7.973331 -2.637875 7.763792
v -8.581498 -2.637875 7.763792
v -7.973331 -2.637876 4.099642
v -7.973331 -2.637875 7.763792
v -8.588154 -2.637876 7.769908
v -8.581498 -2.637875 7.763792
v -8.581498 -2.637876 7.769908
v -8.588154 -2.637876 7.769908
v -8.588154 -2.637875 7.763792
v -8.581498 -2.637875 7.763792
v -8.581498 -2.637875 4.092889
v -7.973331 -2.637876 4.099642
v -8.581498 -2.637875 4.099643
v -8.581498 -2.637875 7.763792
v -8.581498 -2.637875 4.099643
v -7.973331 -2.637876 4.099642
v -8.588154 -2.637875 7.763792
v -8.581498 -2.637875 4.099643
v -8.581498 -2.637875 7.763792
v -8.588154 -2.637875 4.092889
v -8.581498 -2.637875 4.092889
v -8.581498 -2.637875 4.099643
v -8.588154 -2.637875 7.763792
v -8.588154 -2.637875 4.099643
v -8.581498 -2.637875 4.099643
v -8.588154 -2.637875 4.092889
v -8.581498 -2.637875 4.099643
v -8.588154 -2.637875 4.099643
v -7.973332 -3.553025 4.092888
v -7.967149 -3.553025 4.099643
v -7.967149 -3.553025 4.092888
v -7.973332 -3.553025 4.092888
v -7.973332 -3.553025 4.099643
v -7.967149 -3.553025 4.099643
v -8.581498 -3.553024 4.092890
v -7.973332 -3.553025 4.099643
v -7.973332 -3.553025 4.092888
v -7.973331 -3.553024 7.763792
v -7.967149 -3.553025 4.099643
v -7.973332 -3.553025 4.099643
v -7.973331 -3.553024 7.763792
v -7.967149 -3.553024 7.763792
v -7.967149 -3.553025 4.099643
v -7.967149 -3.553024 7.769909
v -7.967149 -3.553024 7.763792
v -7.973331 -3.553024 7.763792
v -7.967149 -3.553024 7.769909
v -7.973331 -3.553024 7.763792
v -7.973331 -3.553024 7.769909
v -7.973331 -3.553024 7.769909
v -7.973331 -3.553024 7.763792
v -8.581498 -3.553024 7.763793
v -8.581498 -3.553024 7.763793
v -7.973331 -3.553024 7.763792
v -7.973332 -3.553025 4.099643
v -7.973331 -3.553024 7.769909
v -8.581498 -3.553024 7.763793
v -8.581498 -3.553024 7.769910
v -8.588154 -3.553024 7.769910
v -8.581498 -3.553024 7.769910
v -8.581498 -3.553024 7.763793
v -8.588154 -3.553024 7.769910
v -8.581498 -3.553024 7.763793
v -8.588154 -3.553024 7.763793
v -8.581498 -3.553024 4.092890
v -8.581498 -3.553024 4.099645
v -7.973332 -3.553025 4.099643
v -8.581498 -3.553024 7.763793
v -7.973332 -3.553025 4.099643
v -8.581498 -3.553024 4.099645
v -8.588154 -3.553024 7.763793
v -8.581498 -3.553024 7.763793
v -8.581498 -3.553024 4.099645
v -8.588154 -3.553024 4.092890
v -8.581498 -3.553024 4.099645
v -8.581498 -3.553024 4.092890
v -8.588154 -3.553024 7.763793
v -8.581498 -3.553024 4.099645
v -8.588154 -3.553024 4.099645
v -8.588154 -3.553024 4.092890
v -8.588154 -3.553024 4.099645
v -8.581498 -3.553024 4.099645
v -7.973331 -2.637876 4.092888
v -7.967149 -2.657272 4.092888
v -7.967149 -2.637876 4.092888
v -7.973331 -2.637876 4.092888
v -7.973331 -2.657273 4.092888
v -7.967149 -2.657272 4.092888
v -8.581498 -2.637875 4.092889
v -7.973331 -2.657273 4.092888
v -7.973331 -2.637876 4.092888
v -7.967149 -3.539116 4.092888
v -7.967149 -2.657272 4.092888
v -7.973331 -2.657273 4.092888
v -8.581498 -2.637875 4.092889
v -8.581498 -2.657272 4.092888
v -7.973331 -2.657273 4.092888
v -8.588154 -2.637875 4.092889
v -8.581498 -2.657272 4.092888
v -8.581498 -2.637875 4.092889
v -8.588154 -2.637875 4.092889
v -8.588154 -2.657272 4.092888
v -8.581498 -2.657272 4.092888
v -8.588154 -3.539116 4.092889
v -8.581498 -2.657272 4.092888
v -8.588154 -2.657272 4.092888
v -7.967149 -3.539116 4.092888
v -7.973331 -2.657273 4.092888
v -7.973332 -3.539116 4.092888
v -7.973332 -3.539116 4.092888
v -7.973331 -2.657273 4.092888
v -8.581498 -2.657272 4.092888
v -7.967149 -3.553025 4.092888
v -7.967149 -3.539116 4.092888
v -7.973332 -3.539116 4.092888
v -7.967149 -3.553025 4.092888
v -7.973332 -3.539116 4.092888
v -7.973332 -3.553025 4.092888
v -8.588154 -3.539116 4.092889
v -8.581498 -3.539116 4.092889
v -8.581498 -2.657272 4.092888
v -7.973332 -3.539116 4.092888
v -8.581498 -2.657272 4.092888
v -8.581498 -3.539116 4.092889
v -7.973332 -3.553025 4.092888
v -7.973332 -3.539116 4.092888
v -8.581498 -3.539116 4.092889
v -8.588154 -3.553024 4.092890
v -8.581498 -3.539116 4.092889
v -8.588154 -3.539116 4.092889
v -7.973332 -3.553025 4.092888
v -8.581498 -3.539116 4.092889
v -8.581498 -3.553024 4.092890
v -8.588154 -3.553024 4.092890
v -8.581498 -3.553024 4.092890
v -8.581498 -3.539116 4.092889
v -8.588154 -2.637875 4.099643
v -8.588154 -2.657272 4.092888
v -8.588154 -2.637875 4.092889
v -8.588154 -2.637875 4.099643
v -8.588154 -2.657271 4.099642
v -8.588154 -2.657272 4.092888
v -8.588154 -2.637875 7.763792
v -8.588154 -2.657271 4.099642
v -8.588154 -2.637875 4.099643
v -8.588154 -3.539116 4.092889
v -8.588154 -2.657272 4.092888
v -8.588154 -2.657271 4.099642
v -8.588154 -2.637875 7.763792
v -8.588154 -2.657271 7.763792
v -8.588154 -2.657271 4.099642
v -8.588154 -2.637876 7.769908
v -8.588154 -2.657271 7.763792
v -8.588154 -2.637875 7.763792
v -8.588154 -2.637876 7.769908
v -8.588154 -2.657273 7.769908
v -8.588154 -2.657271 7.763792
v -8.588154 -3.539116 7.769909
v -8.588154 -2.657271 7.763792
v -8.588154 -2.657273 7.769908
v -8.588154 -3.539116 7.769909
v -8.588154 -3.539115 7.763793
v -8.588154 -2.657271 7.763792
v -8.588154 -3.539115 7.763793
v -8.588154 -2.657271 4.099642
v -8.588154 -2.657271 7.763792
v -8.588154 -3.553024 7.769910
v -8.588154 -3.539115 7.763793
v -8.588154 -3.539116 7.769909
v -8.588154 -3.553024 7.769910
v -8.588154 -3.553024 7.763793
v -8.588154 -3.539115 7.763793
v -8.588154 -3.539116 4.092889
v -8.588154 -2.657271 4.099642
v -8.588154 -3.539115 4.099643
v -8.588154 -3.539115 7.763793
v -8.588154 -3.539115 4.099643
v -8.588154 -2.657271 4.099642
v -8.588154 -3.553024 7.763793
v -8.588154 -3.539115 4.099643
v -8.588154 -3.539115 7.763793
v -8.588154 -3.553024 4.092890
v -8.588154 -3.539116 4.092889
v -8.588154 -3.539115 4.099643
v -8.588154 -3.553024 7.763793
v -8.588154 -3.553024 4.099645
v -8.588154 -3.539115 4.099643
v -8.588154 -3.553024 4.092890
v -8.588154 -3.539115 4.099643
v -8.588154 -3.553024 4.099645
v -8.581498 -2.637876 7.769908
v -8.588154 -2.657273 7.769908
v -8.588154 -2.637876 7.769908
v -8.581498 -2.637876 7.769908
v -8.581498 -2.657273 7.769908
v -8.588154 -2.657273 7.769908
v -7.973331 -2.637876 7.769909
v -8.581498 -2.657273 7.769908
v -8.581498 -2.637876 7.769908
v -8.588154 -3.539116 7.769909
v -8.588154 -2.657273 7.769908
v -8.581498 -2.657273 7.769908
v -7.973331 -2.637876 7.769909
v -7.973331 -2.657272 7.769908
v -8.581498 -2.657273 7.769908
v -7.967148 -2.637876 7.769909
v -7.973331 -2.657272 7.769908
v -7.973331 -2.637876 7.769909
v -7.967148 -2.637876 7.769909
v -7.967148 -2.657272 7.769908
v -7.973331 -2.657272 7.769908
v -7.967149 -3.539116 7.769908
v -7.973331 -2.657272 7.769908
v -7.967148 -2.657272 7.769908
v -8.588154 -3.539116 7.769909
v -8.581498 -2.657273 7.769908
v -8.581498 -3.539116 7.769909
v -8.581498 -3.539116 7.769909
v -8.581498 -2.657273 7.769908
v -7.973331 -2.657272 7.769908
v -8.588154 -3.553024 7.769910
v -8.588154 -3.539116 7.769909
v -8.581498 -3.539116 7.769909
v -8.588154 -3.553024 7.769910
v -8.581498 -3.539116 7.769909
v -8.581498 -3.553024 7.769910
v -7.967149 -3.539116 7.769908
v -7.973331 -3.539116 7.769908
v -7.973331 -2.657272 7.769908
v -8.581498 -3.539116 7.769909
v -7.973331 -2.657272 7.769908
v -7.973331 -3.539116 7.769908
v -8.581498 -3.553024 7.769910
v -8.581498 -3.539116 7.769909
v -7.973331 -3.539116 7.769908
v -7.967149 -3.553024 7.769909
v -7.973331 -3.539116 7.769908
v -7.967149 -3.539116 7.769908
v -8.581498 -3.553024 7.769910
v -7.973331 -3.539116 7.769908
v -7.973331 -3.553024 7.769909
v -7.967149 -3.553024 7.769909
v -7.973331 -3.553024 7.769909
v -7.973331 -3.539116 7.769908
v -7.967148 -2.637875 7.763792
v -7.967148 -2.657272 7.769908
v -7.967148 -2.637876 7.769909
v -7.967148 -2.637875 7.763792
v -7.967148 -2.657271 7.763791
v -7.967148 -2.657272 7.769908
v -7.967149 -2.637876 4.099642
v -7.967148 -2.657271 7.763791
v -7.967148 -2.637875 7.763792
v -7.967149 -3.539116 7.763791
v -7.967148 -2.657272 7.769908
v -7.967148 -2.657271 7.763791
v -7.967149 -3.539116 7.763791
v -7.967149 -3.539116 7.769908
v -7.967148 -2.657272 7.769908
v -7.967149 -2.637876 4.099642
v -7.967149 -2.657272 4.099643
v -7.967148 -2.657271 7.763791
v -7.967149 -3.539116 7.763791
v -7.967148 -2.657271 7.763791
v -7.967149 -2.657272 4.099643
v -7.967149 -2.637876 4.092888
v -7.967149 -2.657272 4.099643
v -7.967149 -2.637876 4.099642
v -7.967149 -2.637876 4.092888
v -7.967149 -2.657272 4.092888
v -7.967149 -2.657272 4.099643
v -7.967149 -3.539116 4.092888
v -7.967149 -2.657272 4.099643
v -7.967149 -2.657272 4.092888
v -7.967149 -3.539116 4.092888
v -7.967149 -3.539115 4.099642
v -7.967149 -2.657272 4.099643
v -7.967149 -3.539116 7.763791
v -7.967149 -2.657272 4.099643
v -7.967149 -3.539115 4.099642
v -7.967149 -3.553025 4.092888
v -7.967149 -3.539115 4.099642
v -7.967149 -3.539116 4.092888
v -7.967149 -3.553025 4.092888
v -7.967149 -3.553025 4.099643
v -7.967149 -3.539115 4.099642
v -7.967149 -3.553024 7.763792
v -7.967149 -3.539115 4.099642
v -7.967149 -3.553025 4.099643
v -7.967149 -3.553024 7.763792
v -7.967149 -3.539116 7.763791
v -7.967149 -3.539115 4.099642
v -7.967149 -3.553024 7.763792
v -7.967149 -3.539116 7.769908
v -7.967149 -3.539116 7.763791
v -7.967149 -3.553024 7.763792
v -7.967149 -3.553024 7.769909
v -7.967149 -3.539116 7.769908
v -7.865309 5.216159 4.068264
v -7.870686 5.216159 4.061510
v -7.865309 5.216159 4.061510
v -7.865309 5.216159 4.068264
v -7.870686 5.216159 4.068264
v -7.870686 5.216159 4.061510
v -7.865309 5.216159 7.763791
v -7.870686 5.216159 4.068264
v -7.865309 5.216159 4.068264
v -7.940206 5.216159 4.061510
v -7.870686 5.216159 4.061510
v -7.870686 5.216159 4.068264
v -7.865309 5.216159 7.763791
v -7.870686 5.216159 7.763791
v -7.870686 5.216159 4.068264
v -7.865309 5.216159 7.769907
v -7.870686 5.216159 7.763791
v -7.865309 5.216159 7.763791
v -7.865309 5.216159 7.769907
v -7.870686 5.216159 7.769907
v -7.870686 5.216159 7.763791
v -7.940205 5.216159 7.769907
v -7.870686 5.216159 7.763791
v -7.870686 5.216159 7.769907
v -7.940205 5.216159 7.769907
v -7.940205 5.216159 7.763791
v -7.870686 5.216159 7.763791
v -7.940205 5.216159 7.763791
v -7.870686 5.216159 4.068264
v -7.870686 5.216159 7.763791
v -7.945690 5.216159 7.769907
v -7.940205 5.216159 7.763791
v -7.940205 5.216159 7.769907
v -7.945690 5.216159 7.769907
v -7.945690 5.216159 7.763791
v -7.940205 5.216159 7.763791
v -7.940206 5.216159 4.061510
v -7.870686 5.216159 4.068264
v -7.940206 5.216159 4.068264
v -7.940205 5.216159 7.763791
v -7.940206 5.216159 4.068264
v -7.870686 5.216159 4.068264
v -7.945690 5.216159 7.763791
v -7.940206 5.216159 4.068264
v -7.940205 5.216159 7.763791
v -7.945690 5.216159 4.061510
v -7.940206 5.216159 4.061510
v -7.940206 5.216159 4.068264
v -7.945690 5.216159 7.763791
v -7.945690 5.216159 4.068264
v -7.940206 5.216159 4.068264
v -7.945690 5.216159 4.061510
v -7.940206 5.216159 4.068264
v -7.945690 5.216159 4.068264
v -7.870686 4.794725 4.061510
v -7.865308 4.794724 4.068264
v -7.865308 4.794725 4.061508
v -7.870686 4.794725 4.061510
v -7.870686 4.794724 4.068264
v -7.865308 4.794724 4.068264
v -7.940206 4.794725 4.061510
v -7.870686 4.794724 4.068264
v -7.870686 4.794725 4.061510
v -7.870686 4.794724 7.763791
v -7.865308 4.794724 4.068264
v -7.870686 4.794724 4.068264
v -7.870686 4.794724 7.763791
v -7.865309 4.794724 7.763791
v -7.865308 4.794724 4.068264
v -7.865309 4.794724 7.769907
v -7.865309 4.794724 7.763791
v -7.870686 4.794724 7.763791
v -7.865309 4.794724 7.769907
v -7.870686 4.794724 7.763791
v -7.870686 4.794724 7.769907
v -7.870686 4.794724 7.769907
v -7.870686 4.794724 7.763791
v -7.940205 4.794724 7.763791
v -7.940205 4.794724 7.763791
v -7.870686 4.794724 7.763791
v -7.870686 4.794724 4.068264
v -7.870686 4.794724 7.769907
v -7.940205 4.794724 7.763791
v -7.940205 4.794724 7.769908
v -7.945690 4.794724 7.769908
v -7.940205 4.794724 7.769908
v -7.940205 4.794724 7.763791
v -7.945690 4.794724 7.769908
v -7.940205 4.794724 7.763791
v -7.945690 4.794724 7.763791
v -7.940206 4.794725 4.061510
v -7.940206 4.794724 4.068264
v -7.870686 4.794724 4.068264
v -7.940205 4.794724 7.763791
v -7.870686 4.794724 4.068264
v -7.940206 4.794724 4.068264
v -7.945690 4.794724 7.763791
v -7.940205 4.794724 7.763791
v -7.940206 4.794724 4.068264
v -7.945690 4.794725 4.061510
v -7.940206 4.794724 4.068264
v -7.940206 4.794725 4.061510
v -7.945690 4.794724 7.763791
v -7.940206 4.794724 4.068264
v -7.945690 4.794724 4.068264
v -7.945690 4.794725 4.061510
v -7.945690 4.794724 4.068264
v -7.940206 4.794724 4.068264
v -7.870686 5.216159 4.061510
v -7.865309 5.196763 4.061509
v -7.865309 5.216159 4.061510
v -7.870686 5.216159 4.061510
v -7.870686 5.196763 4.061509
v -7.865309 5.196763 4.061509
v -7.940206 5.216159 4.061510
v -7.870686 5.196763 4.061509
v -7.870686 5.216159 4.061510
v -7.865308 4.808633 4.061509
v -7.865309 5.196763 4.061509
v -7.870686 5.196763 4.061509
v -7.940206 5.216159 4.061510
v -7.940206 5.196763 4.061509
v -7.870686 5.196763 4.061509
v -7.945690 5.216159 4.061510
v -7.940206 5.196763 4.061509
v -7.940206 5.216159 4.061510
v -7.945690 5.216159 4.061510
v -7.945690 5.196763 4.061509
v -7.940206 5.196763 4.061509
v -7.945690 4.808633 4.061510
v -7.940206 5.196763 4.061509
v -7.945690 5.196763 4.061509
v -7.865308 4.808633 4.061509
v -7.870686 5.196763 4.061509
v -7.870686 4.808633 4.061510
v -7.870686 4.808633 4.061510
v -7.870686 5.196763 4.061509
v -7.940206 5.196763 4.061509
v -7.865308 4.794725 4.061508
v -7.865308 4.808633 4.061509
v -7.870686 4.808633 4.061510
v -7.865308 4.794725 4.061508
v -7.870686 4.808633 4.061510
v -7.870686 4.794725 4.061510
v -7.945690 4.808633 4.061510
v -7.940206 4.808633 4.061510
v -7.940206 5.196763 4.061509
v -7.870686 4.808633 4.061510
v -7.940206 5.196763 4.061509
v -7.940206 4.808633 4.061510
v -7.870686 4.794725 4.061510
v -7.870686 4.808633 4.061510
v -7.940206 4.808633 4.061510
v -7.945690 4.794725 4.061510
v -7.940206 4.808633 4.061510
v -7.945690 4.808633 4.061510
v -7.870686 4.794725 4.061510
v -7.940206 4.808633 4.061510
v -7.940206 4.794725 4.061510
v -7.945690 4.794725 4.061510
v -7.940206 4.794725 4.061510
v -7.940206 4.808633 4.061510
v -7.945690 5.216159 4.068264
v -7.945690 5.196763 4.061509
v -7.945690 5.216159 4.061510
v -7.945690 5.216159 4.068264
v -7.945690 5.196763 4.068264
v -7.945690 5.196763 4.061509
v -7.945690 5.216159 7.763791
v -7.945690 5.196763 4.068264
v -7.945690 5.216159 4.068264
v -7.945690 4.808633 4.061510
v -7.945690 5.196763 4.061509
v -7.945690 5.196763 4.068264
v -7.945690 5.216159 7.763791
v -7.945690 5.196763 7.763791
v -7.945690 5.196763 4.068264
v -7.945690 5.216159 7.769907
v -7.945690 5.196763 7.763791
v -7.945690 5.216159 7.763791
v -7.945690 5.216159 7.769907
v -7.945690 5.196763 7.769907
v -7.945690 5.196763 7.763791
v -7.945690 4.808632 7.769908
v -7.945690 5.196763 7.763791
v -7.945690 5.196763 7.769907
v -7.945690 4.808632 7.769908
v -7.945690 4.808633 7.763791
v -7.945690 5.196763 7.763791
v -7.945690 4.808633 7.763791
v -7.945690 5.196763 4.068264
v -7.945690 5.196763 7.763791
v -7.945690 4.794724 7.769908
v -7.945690 4.808633 7.763791
v -7.945690 4.808632 7.769908
v -7.945690 4.794724 7.769908
v -7.945690 4.794724 7.763791
v -7.945690 4.808633 7.763791
v -7.945690 4.808633 4.061510
v -7.945690 5.196763 4.068264
v -7.945690 4.808633 4.068264
v -7.945690 4.808633 7.763791
v -7.945690 4.808633 4.068264
v -7.945690 5.196763 4.068264
v -7.945690 4.794724 7.763791
v -7.945690 4.808633 4.068264
v -7.945690 4.808633 7.763791
v -7.945690 4.794725 4.061510
v -7.945690 4.808633 4.061510
v -7.945690 4.808633 4.068264
v -7.945690 4.794724 7.763791
v -7.945690 4.794724 4.068264
v -7.945690 4.808633 4.068264
v -7.945690 4.794725 4.061510
v -7.945690 4.808633 4.068264
v -7.945690 4.794724 4.068264
v -7.940205 5.216159 7.769907
v -7.945690 5.196763 7.769907
v -7.945690 5.216159 7.769907
v -7.940205 5.216159 7.769907
v -7.940205 5.196763 7.769907
v -7.945690 5.196763 7.769907
v -7.870686 5.216159 7.769907
v -7.940205 5.196763 7.769907
v -7.940205 5.216159 7.769907
v -7.945690 4.808632 7.769908
v -7.945690 5.196763 7.769907
v -7.940205 5.196763 7.769907
v -7.870686 5.216159 7.769907
v -7.870686 5.196763 7.769907
v -7.940205 5.196763 7.769907
v -7.865309 5.216159 7.769907
v -7.870686 5.196763 7.769907
v -7.870686 5.216159 7.769907
v -7.865309 5.216159 7.769907
v -7.865309 5.196763 7.769907
v -7.870686 5.196763 7.769907
v -7.865309 4.808632 7.769907
v -7.870686 5.196763 7.769907
v -7.865309 5.196763 7.769907
v -7.945690 4.808632 7.769908
v -7.940205 5.196763 7.769907
v -7.940205 4.808632 7.769908
v -7.940205 4.808632 7.769908
v -7.940205 5.196763 7.769907
v -7.870686 5.196763 7.769907
v -7.945690 4.794724 7.769908
v -7.945690 4.808632 7.769908
v -7.940205 4.808632 7.769908
v -7.945690 4.794724 7.769908
v -7.940205 4.808632 7.769908
v -7.940205 4.794724 7.769908
v -7.865309 4.808632 7.769907
v -7.870686 4.808632 7.769907
v -7.870686 5.196763 7.769907
v -7.940205 4.808632 7.769908
v -7.870686 5.196763 7.769907
v -7.870686 4.808632 7.769907
v -7.940205 4.794724 7.769908
v -7.940205 4.808632 7.769908
v -7.870686 4.808632 7.769907
v -7.865309 4.794724 7.769907
v -7.870686 4.808632 7.769907
v -7.865309 4.808632 7.769907
v -7.940205 4.794724 7.769908
v -7.870686 4.808632 7.769907
v -7.870686 4.794724 7.769907
v -7.865309 4.794724 7.769907
v -7.870686 4.794724 7.769907
v -7.870686 4.808632 7.769907
v -7.865309 5.216159 7.763791
v -7.865309 5.196763 7.769907
v -7.865309 5.216159 7.769907
v -7.865309 5.216159 7.763791
v -7.865309 5.196763 7.763791
v -7.865309 5.196763 7.769907
v -7.865309 5.216159 4.068264
v -7.865309 5.196763 7.763791
v -7.865309 5.216159 7.763791
v -7.865309 4.808633 7.763791
v -7.865309 5.196763 7.769907
v -7.865309 5.196763 7.763791
v -7.865309 4.808633 7.763791
v -7.865309 4.808632 7.769907
v -7.865309 5.196763 7.769907
v -7.865309 5.216159 4.068264
v -7.865309 5.196763 4.068264
v -7.865309 5.196763 7.763791
v -7.865309 4.808633 7.763791
v -7.865309 5.196763 7.763791
v -7.865309 5.196763 4.068264
v -7.865309 5.216159 4.061510
v -7.865309 5.196763 4.068264
v -7.865309 5.216159 4.068264
v -7.865309 5.216159 4.061510
v -7.865309 5.196763 4.061509
v -7.865309 5.196763 4.068264
v -7.865308 4.808633 4.061509
v -7.865309 5.196763 4.068264
v -7.865309 5.196763 4.061509
v -7.865308 4.808633 4.061509
v -7.865308 4.808633 4.068264
v -7.865309 5.196763 4.068264
v -7.865309 4.808633 7.763791
v -7.865309 5.196763 4.068264
v -7.865308 4.808633 4.068264
v -7.865308 4.794725 4.061508
v -7.865308 4.808633 4.068264
v -7.865308 4.808633 4.061509
v -7.865308 4.794725 4.061508
v -7.865308 4.794724 4.068264
v -7.865308 4.808633 4.068264
v -7.865309 4.794724 7.763791
v -7.865308 4.808633 4.068264
v -7.865308 4.794724 4.068264
v -7.865309 4.794724 7.763791
v -7.865309 4.808633 7.763791
v -7.865308 4.808633 4.068264
v -7.865309 4.794724 7.763791
v -7.865309 4.808632 7.769907
v -7.865309 4.808633 7.763791
v -7.865309 4.794724 7.763791
v -7.865309 4.794724 7.769907
v -7.865309 4.808632 7.769907
v -7.956285 5.216159 4.068264
v -7.962467 5.216159 4.061510
v -7.956285 5.216159 4.061510
v -7.956285 5.216159 4.068264
v -7.962467 5.216159 4.068264
v -7.962467 5.216159 4.061510
v -7.956285 5.216159 7.763791
v -7.962467 5.216159 4.068264
v -7.956285 5.216159 4.068264
v -8.570634 5.216160 4.061510
v -7.962467 5.216159 4.061510
v -7.962467 5.216159 4.068264
v -7.956285 5.216159 7.763791
v -7.962467 5.216159 7.763791
v -7.962467 5.216159 4.068264
v -7.956285 5.216159 7.769907
v -7.962467 5.216159 7.763791
v -7.956285 5.216159 7.763791
v -7.956285 5.216159 7.769907
v -7.962467 5.216159 7.769907
v -7.962467 5.216159 7.763791
v -8.570634 5.216159 7.769908
v -7.962467 5.216159 7.763791
v -7.962467 5.216159 7.769907
v -8.570634 5.216159 7.769908
v -8.570634 5.216159 7.763791
v -7.962467 5.216159 7.763791
v -8.570634 5.216159 7.763791
v -7.962467 5.216159 4.068264
v -7.962467 5.216159 7.763791
v -8.577290 5.216159 7.769908
v -8.570634 5.216159 7.763791
v -8.570634 5.216159 7.769908
v -8.577290 5.216159 7.769908
v -8.577290 5.216159 7.763791
v -8.570634 5.216159 7.763791
v -8.570634 5.216160 4.061510
v -7.962467 5.216159 4.068264
v -8.570634 5.216159 4.068264
v -8.570634 5.216159 7.763791
v -8.570634 5.216159 4.068264
v -7.962467 5.216159 4.068264
v -8.577290 5.216159 7.763791
v -8.570634 5.216159 4.068264
v -8.570634 5.216159 7.763791
v -8.577290 5.216160 4.061510
v -8.570634 5.216160 4.061510
v -8.570634 5.216159 4.068264
v -8.577290 5.216159 7.763791
v -8.577290 5.216159 4.068264
v -8.570634 5.216159 4.068264
v -8.577290 5.216160 4.061510
v -8.570634 5.216159 4.068264
v -8.577290 5.216159 4.068264
v -7.962467 4.794725 4.061510
v -7.956285 4.794724 4.068264
v -7.956285 4.794725 4.061510
v -7.962467 4.794725 4.061510
v -7.962467 4.794724 4.068264
v -7.956285 4.794724 4.068264
v -8.570633 4.794725 4.061510
v -7.962467 4.794724 4.068264
v -7.962467 4.794725 4.061510
v -7.962467 4.794724 7.763791
v -7.956285 4.794724 4.068264
v -7.962467 4.794724 4.068264
v -7.962467 4.794724 7.763791
v -7.956285 4.794724 7.763791
v -7.956285 4.794724 4.068264
v -7.956285 4.794724 7.769907
v -7.956285 4.794724 7.763791
v -7.962467 4.794724 7.763791
v -7.956285 4.794724 7.769907
v -7.962467 4.794724 7.763791
v -7.962467 4.794724 7.769907
v -7.962467 4.794724 7.769907
v -7.962467 4.794724 7.763791
v -8.570634 4.794724 7.763793
v -8.570634 4.794724 7.763793
v -7.962467 4.794724 7.763791
v -7.962467 4.794724 4.068264
v -7.962467 4.794724 7.769907
v -8.570634 4.794724 7.763793
v -8.570634 4.794724 7.769909
v -8.577290 4.794724 7.769909
v -8.570634 4.794724 7.769909
v -8.570634 4.794724 7.763793
v -8.577290 4.794724 7.769909
v -8.570634 4.794724 7.763793
v -8.577290 4.794724 7.763793
v -8.570633 4.794725 4.061510
v -8.570633 4.794724 4.068265
v -7.962467 4.794724 4.068264
v -8.570634 4.794724 7.763793
v -7.962467 4.794724 4.068264
v -8.570633 4.794724 4.068265
v -8.577290 4.794724 7.763793
v -8.570634 4.794724 7.763793
v -8.570633 4.794724 4.068265
v -8.577290 4.794725 4.061510
v -8.570633 4.794724 4.068265
v -8.570633 4.794725 4.061510
v -8.577290 4.794724 7.763793
v -8.570633 4.794724 4.068265
v -8.577290 4.794724 4.068265
v -8.577290 4.794725 4.061510
v -8.577290 4.794724 4.068265
v -8.570633 4.794724 4.068265
v -7.962467 5.216159 4.061510
v -7.956285 5.196763 4.061509
v -7.956285 5.216159 4.061510
v -7.962467 5.216159 4.061510
v -7.962467 5.196763 4.061509
v -7.956285 5.196763 4.061509
v -8.570634 5.216160 4.061510
v -7.962467 5.196763 4.061509
v -7.962467 5.216159 4.061510
v -7.956285 4.808633 4.061510
v -7.956285 5.196763 4.061509
v -7.962467 5.196763 4.061509
v -8.570634 5.216160 4.061510
v -8.570634 5.196763 4.061510
v -7.962467 5.196763 4.061509
v -8.577290 5.216160 4.061510
v -8.570634 5.196763 4.061510
v -8.570634 5.216160 4.061510
v -8.577290 5.216160 4.061510
v -8.577290 5.196763 4.061510
v -8.570634 5.196763 4.061510
v -8.577290 4.808633 4.061510
v -8.570634 5.196763 4.061510
v -8.577290 5.196763 4.061510
v -7.956285 4.808633 4.061510
v -7.962467 5.196763 4.061509
v -7.962467 4.808633 4.061510
v -7.962467 4.808633 4.061510
v -7.962467 5.196763 4.061509
v -8.570634 5.196763 4.061510
v -7.956285 4.794725 4.061510
v -7.956285 4.808633 4.061510
v -7.962467 4.808633 4.061510
v -7.956285 4.794725 4.061510
v -7.962467 4.808633 4.061510
v -7.962467 4.794725 4.061510
v -8.577290 4.808633 4.061510
v -8.570633 4.808633 4.061511
v -8.570634 5.196763 4.061510
v -7.962467 4.808633 4.061510
v -8.570634 5.196763 4.061510
v -8.570633 4.808633 4.061511
v -7.962467 4.794725 4.061510
v -7.962467 4.808633 4.061510
v -8.570633 4.808633 4.061511
v -8.577290 4.794725 4.061510
v -8.570633 4.808633 4.061511
v -8.577290 4.808633 4.061510
v -7.962467 4.794725 4.061510
v -8.570633 4.808633 4.061511
v -8.570633 4.794725 4.061510
v -8.577290 4.794725 4.061510
v -8.570633 4.794725 4.061510
v -8.570633 4.808633 4.061511
v -8.577290 5.216159 4.068264
v -8.577290 5.196763 4.061510
v -8.577290 5.216160 4.061510
v -8.577290 5.216159 4.068264
v -8.577290 5.196763 4.068264
v -8.577290 5.196763 4.061510
v -8.577290 5.216159 7.763791
v -8.577290 5.196763 4.068264
v -8.577290 5.216159 4.068264
v -8.577290 4.808633 4.061510
v -8.577290 5.196763 4.061510
v -8.577290 5.196763 4.068264
v -8.577290 5.216159 7.763791
v -8.577290 5.196763 7.763791
v -8.577290 5.196763 4.068264
v -8.577290 5.216159 7.769908
v -8.577290 5.196763 7.763791
v -8.577290 5.216159 7.763791
v -8.577290 5.216159 7.769908
v -8.577290 5.196763 7.769908
v -8.577290 5.196763 7.763791
v -8.577290 4.808632 7.769908
v -8.577290 5.196763 7.763791
v -8.577290 5.196763 7.769908
v -8.577290 4.808632 7.769908
v -8.577290 4.808633 7.763792
v -8.577290 5.196763 7.763791
v -8.577290 4.808633 7.763792
v -8.577290 5.196763 4.068264
v -8.577290 5.196763 7.763791
v -8.577290 4.794724 7.769909
v -8.577290 4.808633 7.763792
v -8.577290 4.808632 7.769908
v -8.577290 4.794724 7.769909
v -8.577290 4.794724 7.763793
v -8.577290 4.808633 7.763792
v -8.577290 4.808633 4.061510
v -8.577290 5.196763 4.068264
v -8.577290 4.808633 4.068265
v -8.577290 4.808633 7.763792
v -8.577290 4.808633 4.068265
v -8.577290 5.196763 4.068264
v -8.577290 4.794724 7.763793
v -8.577290 4.808633 4.068265
v -8.577290 4.808633 7.763792
v -8.577290 4.794725 4.061510
v -8.577290 4.808633 4.061510
v -8.577290 4.808633 4.068265
v -8.577290 4.794724 7.763793
v -8.577290 4.794724 4.068265
v -8.577290 4.808633 4.068265
v -8.577290 4.794725 4.061510
v -8.577290 4.808633 4.068265
v -8.577290 4.794724 4.068265
v -8.570634 5.216159 7.769908
v -8.577290 5.196763 7.769908
v -8.577290 5.216159 7.769908
v -8.570634 5.216159 7.769908
v -8.570634 5.196763 7.769908
v -8.577290 5.196763 7.769908
v -7.962467 5.216159 7.769907
v -8.570634 5.196763 7.769908
v -8.570634 5.216159 7.769908
v -8.577290 4.808632 7.769908
v -8.577290 5.196763 7.769908
v -8.570634 5.196763 7.769908
v -7.962467 5.216159 7.769907
v -7.962467 5.196763 7.769907
v -8.570634 5.196763 7.769908
v -7.956285 5.216159 7.769907
v -7.962467 5.196763 7.769907
v -7.962467 5.216159 7.769907
v -7.956285 5.216159 7.769907
v -7.956285 5.196763 7.769907
v -7.962467 5.196763 7.769907
v -7.956285 4.808632 7.769907
v -7.962467 5.196763 7.769907
v -7.956285 5.196763 7.769907
v -8.577290 4.808632 7.769908
v -8.570634 5.196763 7.769908
v -8.570633 4.808632 7.769909
v -8.570633 4.808632 7.769909
v -8.570634 5.196763 7.769908
v -7.962467 5.196763 7.769907
v -8.577290 4.794724 7.769909
v -8.577290 4.808632 7.769908
v -8.570633 4.808632 7.769909
v -8.577290 4.794724 7.769909
v -8.570633 4.808632 7.769909
v -8.570634 4.794724 7.769909
v -7.956285 4.808632 7.769907
v -7.962467 4.808632 7.769907
v -7.962467 5.196763 7.769907
v -8.570633 4.808632 7.769909
v -7.962467 5.196763 7.769907
v -7.962467 4.808632 7.769907
v -8.570634 4.794724 7.769909
v -8.570633 4.808632 7.769909
v -7.962467 4.808632 7.769907
v -7.956285 4.794724 7.769907
v -7.962467 4.808632 7.769907
v -7.956285 4.808632 7.769907
v -8.570634 4.794724 7.769909
v -7.962467 4.808632 7.769907
v -7.962467 4.794724 7.769907
v -7.956285 4.794724 7.769907
v -7.962467 4.794724 7.769907
v -7.962467 4.808632 7.769907
v -7.956285 5.216159 7.763791
v -7.956285 5.196763 7.769907
v -7.956285 5.216159 7.769907
v -7.956285 5.216159 7.763791
v -7.956285 5.196763 7.763791
v -7.956285 5.196763 7.769907
v -7.956285 5.216159 4.068264
v -7.956285 5.196763 7.763791
v -7.956285 5.216159 7.763791
v -7.956285 4.808633 7.763791
v -7.956285 5.196763 7.769907
v -7.956285 5.196763 7.763791
v -7.956285 4.808633 7.763791
v -7.956285 4.808632 7.769907
v -7.956285 5.196763 7.769907
v -7.956285 5.216159 4.068264
v -7.956285 5.196763 4.068264
v -7.956285 5.196763 7.763791
v -7.956285 4.808633 7.763791
v -7.956285 5.196763 7.763791
v -7.956285 5.196763 4.068264
v -7.956285 5.216159 4.061510
v -7.956285 5.196763 4.068264
v -7.956285 5.216159 4.068264
v -7.956285 5.216159 4.061510
v -7.956285 5.196763 4.061509
v -7.956285 5.196763 4.068264
v -7.956285 4.808633 4.061510
v -7.956285 5.196763 4.068264
v -7.956285 5.196763 4.061509
v -7.956285 4.808633 4.061510
v -7.956285 4.808633 4.068264
v -7.956285 5.196763 4.068264
v -7.956285 4.808633 7.763791
v -7.956285 5.196763 4.068264
v -7.956285 4.808633 4.068264
v -7.956285 4.794725 4.061510
v -7.956285 4.808633 4.068264
v -7.956285 4.808633 4.061510
v -7.956285 4.794725 4.061510
v -7.956285 4.794724 4.068264
v -7.956285 4.808633 4.068264
v -7.956285 4.794724 7.763791
v -7.956285 4.808633 4.068264
v -7.956285 4.794724 4.068264
v -7.956285 4.794724 7.763791
v -7.956285 4.808633 7.763791
v -7.956285 4.808633 4.068264
v -7.956285 4.794724 7.763791
v -7.956285 4.808632 7.769907
v -7.956285 4.808633 7.763791
v -7.956285 4.794724 7.763791
v -7.956285 4.794724 7.769907
v -7.956285 4.808632 7.769907
v -7.865370 1.243545 4.068325
v -7.870747 1.243545 4.061571
v -7.865370 1.243545 4.061571
v -7.865370 1.243545 4.068325
v -7.870747 1.243545 4.068325
v -7.870747 1.243545 4.061571
v -7.865370 1.243545 7.763853
v -7.870747 1.243545 4.068325
v -7.865370 1.243545 4.068325
v -7.940267 1.243545 4.061571
v -7.870747 1.243545 4.061571
v -7.870747 1.243545 4.068325
v -7.865370 1.243545 7.763853
v -7.870747 1.243545 7.763853
v -7.870747 1.243545 4.068325
v -7.865370 1.243545 7.769969
v -7.870747 1.243545 7.763853
v -7.865370 1.243545 7.763853
v -7.865370 1.243545 7.769969
v -7.870747 1.243545 7.769969
v -7.870747 1.243545 7.763853
v -7.940266 1.243545 7.769969
v -7.870747 1.243545 7.763853
v -7.870747 1.243545 7.769969
v -7.940266 1.243545 7.769969
v -7.940266 1.243545 7.763853
v -7.870747 1.243545 7.763853
v -7.940266 1.243545 7.763853
v -7.870747 1.243545 4.068325
v -7.870747 1.243545 7.763853
v -7.945751 1.243545 7.769969
v -7.940266 1.243545 7.763853
v -7.940266 1.243545 7.769969
v -7.945751 1.243545 7.769969
v -7.945751 1.243545 7.763853
v -7.940266 1.243545 7.763853
v -7.940267 1.243545 4.061571
v -7.870747 1.243545 4.068325
v -7.940267 1.243545 4.068325
v -7.940266 1.243545 7.763853
v -7.940267 1.243545 4.068325
v -7.870747 1.243545 4.068325
v -7.945751 1.243545 7.763853
v -7.940267 1.243545 4.068325
v -7.940266 1.243545 7.763853
v -7.945751 1.243545 4.061571
v -7.940267 1.243545 4.061571
v -7.940267 1.243545 4.068325
v -7.945751 1.243545 7.763853
v -7.945751 1.243545 4.068325
v -7.940267 1.243545 4.068325
v -7.945751 1.243545 4.061571
v -7.940267 1.243545 4.068325
v -7.945751 1.243545 4.068325
v -7.870747 0.822110 4.061570
v -7.865369 0.822110 4.068325
v -7.865369 0.822110 4.061570
v -7.870747 0.822110 4.061570
v -7.870747 0.822110 4.068325
v -7.865369 0.822110 4.068325
v -7.940267 0.822110 4.061571
v -7.870747 0.822110 4.068325
v -7.870747 0.822110 4.061570
v -7.870747 0.822110 7.763853
v -7.865369 0.822110 4.068325
v -7.870747 0.822110 4.068325
v -7.870747 0.822110 7.763853
v -7.865370 0.822110 7.763853
v -7.865369 0.822110 4.068325
v -7.865370 0.822110 7.769969
v -7.865370 0.822110 7.763853
v -7.870747 0.822110 7.763853
v -7.865370 0.822110 7.769969
v -7.870747 0.822110 7.763853
v -7.870747 0.822110 7.769969
v -7.870747 0.822110 7.769969
v -7.870747 0.822110 7.763853
v -7.940266 0.822110 7.763853
v -7.940266 0.822110 7.763853
v -7.870747 0.822110 7.763853
v -7.870747 0.822110 4.068325
v -7.870747 0.822110 7.769969
v -7.940266 0.822110 7.763853
v -7.940266 0.822110 7.769970
v -7.945751 0.822110 7.769970
v -7.940266 0.822110 7.769970
v -7.940266 0.822110 7.763853
v -7.945751 0.822110 7.769970
v -7.940266 0.822110 7.763853
v -7.945751 0.822110 7.763853
v -7.940267 0.822110 4.061571
v -7.940267 0.822110 4.068325
v -7.870747 0.822110 4.068325
v -7.940266 0.822110 7.763853
v -7.870747 0.822110 4.068325
v -7.940267 0.822110 4.068325
v -7.945751 0.822110 7.763853
v -7.940266 0.822110 7.763853
v -7.940267 0.822110 4.068325
v -7.945751 0.822110 4.061570
v -7.940267 0.822110 4.068325
v -7.940267 0.822110 4.061571
v -7.945751 0.822110 7.763853
v -7.940267 0.822110 4.068325
v -7.945751 0.822110 4.068325
v -7.945751 0.822110 4.061570
v -7.945751 0.822110 4.068325
v -7.940267 0.822110 4.068325
v -7.870747 1.243545 4.061571
v -7.865370 1.224148 4.061570
v -7.865370 1.243545 4.061571
v -7.870747 1.243545 4.061571
v -7.870747 1.224148 4.061570
v -7.865370 1.224148 4.061570
v -7.940267 1.243545 4.061571
v -7.870747 1.224148 4.061570
v -7.870747 1.243545 4.061571
v -7.865369 0.836019 4.061570
v -7.865370 1.224148 4.061570
v -7.870747 1.224148 4.061570
v -7.940267 1.243545 4.061571
v -7.940267 1.224148 4.061570
v -7.870747 1.224148 4.061570
v -7.945751 1.243545 4.061571
v -7.940267 1.224148 4.061570
v -7.940267 1.243545 4.061571
v -7.945751 1.243545 4.061571
v -7.945751 1.224148 4.061570
v -7.940267 1.224148 4.061570
v -7.945751 0.836019 4.061572
v -7.940267 1.224148 4.061570
v -7.945751 1.224148 4.061570
v -7.865369 0.836019 4.061570
v -7.870747 1.224148 4.061570
v -7.870747 0.836019 4.061572
v -7.870747 0.836019 4.061572
v -7.870747 1.224148 4.061570
v -7.940267 1.224148 4.061570
v -7.865369 0.822110 4.061570
v -7.865369 0.836019 4.061570
v -7.870747 0.836019 4.061572
v -7.865369 0.822110 4.061570
v -7.870747 0.836019 4.061572
v -7.870747 0.822110 4.061570
v -7.945751 0.836019 4.061572
v -7.940267 0.836019 4.061572
v -7.940267 1.224148 4.061570
v -7.870747 0.836019 4.061572
v -7.940267 1.224148 4.061570
v -7.940267 0.836019 4.061572
v -7.870747 0.822110 4.061570
v -7.870747 0.836019 4.061572
v -7.940267 0.836019 4.061572
v -7.945751 0.822110 4.061570
v -7.940267 0.836019 4.061572
v -7.945751 0.836019 4.061572
v -7.870747 0.822110 4.061570
v -7.940267 0.836019 4.061572
v -7.940267 0.822110 4.061571
v -7.945751 0.822110 4.061570
v -7.940267 0.822110 4.061571
v -7.940267 0.836019 4.061572
v -7.945751 1.243545 4.068325
v -7.945751 1.224148 4.061570
v -7.945751 1.243545 4.061571
v -7.945751 1.243545 4.068325
v -7.945751 1.224148 4.068326
v -7.945751 1.224148 4.061570
v -7.945751 1.243545 7.763853
v -7.945751 1.224148 4.068326
v -7.945751 1.243545 4.068325
v -7.945751 0.836019 4.061572
v -7.945751 1.224148 4.061570
v -7.945751 1.224148 4.068326
v -7.945751 1.243545 7.763853
v -7.945751 1.224149 7.763853
v -7.945751 1.224148 4.068326
v -7.945751 1.243545 7.769969
v -7.945751 1.224149 7.763853
v -7.945751 1.243545 7.763853
v -7.945751 1.243545 7.769969
v -7.945751 1.224148 7.769969
v -7.945751 1.224149 7.763853
v -7.945751 0.836019 7.769969
v -7.945751 1.224149 7.763853
v -7.945751 1.224148 7.769969
v -7.945751 0.836019 7.769969
v -7.945751 0.836018 7.763853
v -7.945751 1.224149 7.763853
v -7.945751 0.836018 7.763853
v -7.945751 1.224148 4.068326
v -7.945751 1.224149 7.763853
v -7.945751 0.822110 7.769970
v -7.945751 0.836018 7.763853
v -7.945751 0.836019 7.769969
v -7.945751 0.822110 7.769970
v -7.945751 0.822110 7.763853
v -7.945751 0.836018 7.763853
v -7.945751 0.836019 4.061572
v -7.945751 1.224148 4.068326
v -7.945751 0.836019 4.068326
v -7.945751 0.836018 7.763853
v -7.945751 0.836019 4.068326
v -7.945751 1.224148 4.068326
v -7.945751 0.822110 7.763853
v -7.945751 0.836019 4.068326
v -7.945751 0.836018 7.763853
v -7.945751 0.822110 4.061570
v -7.945751 0.836019 4.061572
v -7.945751 0.836019 4.068326
v -7.945751 0.822110 7.763853
v -7.945751 0.822110 4.068325
v -7.945751 0.836019 4.068326
v -7.945751 0.822110 4.061570
v -7.945751 0.836019 4.068326
v -7.945751 0.822110 4.068325
v -7.940266 1.243545 7.769969
v -7.945751 1.224148 7.769969
v -7.945751 1.243545 7.769969
v -7.940266 1.243545 7.769969
v -7.940266 1.224148 7.769969
v -7.945751 1.224148 7.769969
v -7.870747 1.243545 7.769969
v -7.940266 1.224148 7.769969
v -7.940266 1.243545 7.769969
v -7.945751 0.836019 7.769969
v -7.945751 1.224148 7.769969
v -7.940266 1.224148 7.769969
v -7.870747 1.243545 7.769969
v -7.870747 1.224148 7.769969
v -7.940266 1.224148 7.769969
v -7.865370 1.243545 7.769969
v -7.870747 1.224148 7.769969
v -7.870747 1.243545 7.769969
v -7.865370 1.243545 7.769969
v -7.865370 1.224148 7.769969
v -7.870747 1.224148 7.769969
v -7.865370 0.836019 7.769969
v -7.870747 1.224148 7.769969
v -7.865370 1.224148 7.769969
v -7.945751 0.836019 7.769969
v -7.940266 1.224148 7.769969
v -7.940266 0.836019 7.769969
v -7.940266 0.836019 7.769969
v -7.940266 1.224148 7.769969
v -7.870747 1.224148 7.769969
v -7.945751 0.822110 7.769970
v -7.945751 0.836019 7.769969
v -7.940266 0.836019 7.769969
v -7.945751 0.822110 7.769970
v -7.940266 0.836019 7.769969
v -7.940266 0.822110 7.769970
v -7.865370 0.836019 7.769969
v -7.870747 0.836019 7.769969
v -7.870747 1.224148 7.769969
v -7.940266 0.836019 7.769969
v -7.870747 1.224148 7.769969
v -7.870747 0.836019 7.769969
v -7.940266 0.822110 7.769970
v -7.940266 0.836019 7.769969
v -7.870747 0.836019 7.769969
v -7.865370 0.822110 7.769969
v -7.870747 0.836019 7.769969
v -7.865370 0.836019 7.769969
v -7.940266 0.822110 7.769970
v -7.870747 0.836019 7.769969
v -7.870747 0.822110 7.769969
v -7.865370 0.822110 7.769969
v -7.870747 0.822110 7.769969
v -7.870747 0.836019 7.769969
v -7.865370 1.243545 7.763853
v -7.865370 1.224148 7.769969
v -7.865370 1.243545 7.769969
v -7.865370 1.243545 7.763853
v -7.865370 1.224149 7.763853
v -7.865370 1.224148 7.769969
v -7.865370 1.243545 4.068325
v -7.865370 1.224149 7.763853
v -7.865370 1.243545 7.763853
v -7.865370 0.836019 7.763853
v -7.865370 1.224148 7.769969
v -7.865370 1.224149 7.763853
v -7.865370 0.836019 7.763853
v -7.865370 0.836019 7.769969
v -7.865370 1.224148 7.769969
v -7.865370 1.243545 4.068325
v -7.865370 1.224148 4.068326
v -7.865370 1.224149 7.763853
v -7.865370 0.836019 7.763853
v -7.865370 1.224149 7.763853
v -7.865370 1.224148 4.068326
v -7.865370 1.243545 4.061571
v -7.865370 1.224148 4.068326
v -7.865370 1.243545 4.068325
v -7.865370 1.243545 4.061571
v -7.865370 1.224148 4.061570
v -7.865370 1.224148 4.068326
v -7.865369 0.836019 4.061570
v -7.865370 1.224148 4.068326
v -7.865370 1.224148 4.061570
v -7.865369 0.836019 4.061570
v -7.865369 0.836018 4.068326
v -7.865370 1.224148 4.068326
v -7.865370 0.836019 7.763853
v -7.865370 1.224148 4.068326
v -7.865369 0.836018 4.068326
v -7.865369 0.822110 4.061570
v -7.865369 0.836018 4.068326
v -7.865369 0.836019 4.061570
v -7.865369 0.822110 4.061570
v -7.865369 0.822110 4.068325
v -7.865369 0.836018 4.068326
v -7.865370 0.822110 7.763853
v -7.865369 0.836018 4.068326
v -7.865369 0.822110 4.068325
v -7.865370 0.822110 7.763853
v -7.865370 0.836019 7.763853
v -7.865369 0.836018 4.068326
v -7.865370 0.822110 7.763853
v -7.865370 0.836019 7.769969
v -7.865370 0.836019 7.763853
v -7.865370 0.822110 7.763853
v -7.865370 0.822110 7.769969
v -7.865370 0.836019 7.769969
v -7.956346 1.243545 4.068325
v -7.962528 1.243545 4.061571
v -7.956346 1.243545 4.061571
v -7.956346 1.243545 4.068325
v -7.962528 1.243545 4.068325
v -7.962528 1.243545 4.061571
v -7.956345 1.243545 7.763853
v -7.962528 1.243545 4.068325
v -7.956346 1.243545 4.068325
v -8.570695 1.243545 4.061572
v -7.962528 1.243545 4.061571
v -7.962528 1.243545 4.068325
v -7.956345 1.243545 7.763853
v -7.962528 1.243545 7.763853
v -7.962528 1.243545 4.068325
v -7.956345 1.243545 7.769969
v -7.962528 1.243545 7.763853
v -7.956345 1.243545 7.763853
v -7.956345 1.243545 7.769969
v -7.962528 1.243545 7.769969
v -7.962528 1.243545 7.763853
v -8.570695 1.243545 7.769969
v -7.962528 1.243545 7.763853
v -7.962528 1.243545 7.769969
v -8.570695 1.243545 7.769969
v -8.570695 1.243545 7.763852
v -7.962528 1.243545 7.763853
v -8.570695 1.243545 7.763852
v -7.962528 1.243545 4.068325
v -7.962528 1.243545 7.763853
v -8.577350 1.243545 7.769969
v -8.570695 1.243545 7.763852
v -8.570695 1.243545 7.769969
v -8.577350 1.243545 7.769969
v -8.577350 1.243545 7.763852
v -8.570695 1.243545 7.763852
v -8.570695 1.243545 4.061572
v -7.962528 1.243545 4.068325
v -8.570695 1.243545 4.068326
v -8.570695 1.243545 7.763852
v -8.570695 1.243545 4.068326
v -7.962528 1.243545 4.068325
v -8.577350 1.243545 7.763852
v -8.570695 1.243545 4.068326
v -8.570695 1.243545 7.763852
v -8.577350 1.243545 4.061572
v -8.570695 1.243545 4.061572
v -8.570695 1.243545 4.068326
v -8.577350 1.243545 7.763852
v -8.577350 1.243545 4.068326
v -8.570695 1.243545 4.068326
v -8.577350 1.243545 4.061572
v -8.570695 1.243545 4.068326
v -8.577350 1.243545 4.068326
v -7.962528 0.822110 4.061570
v -7.956346 0.822110 4.068325
v -7.956346 0.822110 4.061570
v -7.962528 0.822110 4.061570
v -7.962528 0.822110 4.068325
v -7.956346 0.822110 4.068325
v -8.570694 0.822111 4.061572
v -7.962528 0.822110 4.068325
v -7.962528 0.822110 4.061570
v -7.962528 0.822110 7.763853
v -7.956346 0.822110 4.068325
v -7.962528 0.822110 4.068325
v -7.962528 0.822110 7.763853
v -7.956345 0.822110 7.763853
v -7.956346 0.822110 4.068325
v -7.956345 0.822110 7.769969
v -7.956345 0.822110 7.763853
v -7.962528 0.822110 7.763853
v -7.956345 0.822110 7.769969
v -7.962528 0.822110 7.763853
v -7.962528 0.822110 7.769969
v -7.962528 0.822110 7.769969
v -7.962528 0.822110 7.763853
v -8.570696 0.822110 7.763854
v -8.570696 0.822110 7.763854
v -7.962528 0.822110 7.763853
v -7.962528 0.822110 4.068325
v -7.962528 0.822110 7.769969
v -8.570696 0.822110 7.763854
v -8.570696 0.822110 7.769971
v -8.577351 0.822110 7.769971
v -8.570696 0.822110 7.769971
v -8.570696 0.822110 7.763854
v -8.577351 0.822110 7.769971
v -8.570696 0.822110 7.763854
v -8.577351 0.822110 7.763854
v -8.570694 0.822111 4.061572
v -8.570694 0.822110 4.068327
v -7.962528 0.822110 4.068325
v -8.570696 0.822110 7.763854
v -7.962528 0.822110 4.068325
v -8.570694 0.822110 4.068327
v -8.577351 0.822110 7.763854
v -8.570696 0.822110 7.763854
v -8.570694 0.822110 4.068327
v -8.577351 0.822111 4.061572
v -8.570694 0.822110 4.068327
v -8.570694 0.822111 4.061572
v -8.577351 0.822110 7.763854
v -8.570694 0.822110 4.068327
v -8.577351 0.822110 4.068327
v -8.577351 0.822111 4.061572
v -8.577351 0.822110 4.068327
v -8.570694 0.822110 4.068327
v -7.962528 1.243545 4.061571
v -7.956346 1.224148 4.061570
v -7.956346 1.243545 4.061571
v -7.962528 1.243545 4.061571
v -7.962528 1.224148 4.061570
v -7.956346 1.224148 4.061570
v -8.570695 1.243545 4.061572
v -7.962528 1.224148 4.061570
v -7.962528 1.243545 4.061571
v -7.956346 0.836019 4.061572
v -7.956346 1.224148 4.061570
v -7.962528 1.224148 4.061570
v -8.570695 1.243545 4.061572
v -8.570696 1.224149 4.061571
v -7.962528 1.224148 4.061570
v -8.577350 1.243545 4.061572
v -8.570696 1.224149 4.061571
v -8.570695 1.243545 4.061572
v -8.577350 1.243545 4.061572
v -8.577351 1.224149 4.061571
v -8.570696 1.224149 4.061571
v -8.577351 0.836019 4.061572
v -8.570696 1.224149 4.061571
v -8.577351 1.224149 4.061571
v -7.956346 0.836019 4.061572
v -7.962528 1.224148 4.061570
v -7.962528 0.836019 4.061572
v -7.962528 0.836019 4.061572
v -7.962528 1.224148 4.061570
v -8.570696 1.224149 4.061571
v -7.956346 0.822110 4.061570
v -7.956346 0.836019 4.061572
v -7.962528 0.836019 4.061572
v -7.956346 0.822110 4.061570
v -7.962528 0.836019 4.061572
v -7.962528 0.822110 4.061570
v -8.577351 0.836019 4.061572
v -8.570694 0.836019 4.061573
v -8.570696 1.224149 4.061571
v -7.962528 0.836019 4.061572
v -8.570696 1.224149 4.061571
v -8.570694 0.836019 4.061573
v -7.962528 0.822110 4.061570
v -7.962528 0.836019 4.061572
v -8.570694 0.836019 4.061573
v -8.577351 0.822111 4.061572
v -8.570694 0.836019 4.061573
v -8.577351 0.836019 4.061572
v -7.962528 0.822110 4.061570
v -8.570694 0.836019 4.061573
v -8.570694 0.822111 4.061572
v -8.577351 0.822111 4.061572
v -8.570694 0.822111 4.061572
v -8.570694 0.836019 4.061573
v -8.577350 1.243545 4.068326
v -8.577351 1.224149 4.061571
v -8.577350 1.243545 4.061572
v -8.577350 1.243545 4.068326
v -8.577351 1.224149 4.068326
v -8.577351 1.224149 4.061571
v -8.577350 1.243545 7.763852
v -8.577351 1.224149 4.068326
v -8.577350 1.243545 4.068326
v -8.577351 0.836019 4.061572
v -8.577351 1.224149 4.061571
v -8.577351 1.224149 4.068326
v -8.577350 1.243545 7.763852
v -8.577351 1.224149 7.763853
v -8.577351 1.224149 4.068326
v -8.577350 1.243545 7.769969
v -8.577351 1.224149 7.763853
v -8.577350 1.243545 7.763852
v -8.577350 1.243545 7.769969
v -8.577351 1.224149 7.769970
v -8.577351 1.224149 7.763853
v -8.577351 0.836019 7.769970
v -8.577351 1.224149 7.763853
v -8.577351 1.224149 7.769970
v -8.577351 0.836019 7.769970
v -8.577351 0.836019 7.763853
v -8.577351 1.224149 7.763853
v -8.577351 0.836019 7.763853
v -8.577351 1.224149 4.068326
v -8.577351 1.224149 7.763853
v -8.577351 0.822110 7.769971
v -8.577351 0.836019 7.763853
v -8.577351 0.836019 7.769970
v -8.577351 0.822110 7.769971
v -8.577351 0.822110 7.763854
v -8.577351 0.836019 7.763853
v -8.577351 0.836019 4.061572
v -8.577351 1.224149 4.068326
v -8.577351 0.836019 4.068327
v -8.577351 0.836019 7.763853
v -8.577351 0.836019 4.068327
v -8.577351 1.224149 4.068326
v -8.577351 0.822110 7.763854
v -8.577351 0.836019 4.068327
v -8.577351 0.836019 7.763853
v -8.577351 0.822111 4.061572
v -8.577351 0.836019 4.061572
v -8.577351 0.836019 4.068327
v -8.577351 0.822110 7.763854
v -8.577351 0.822110 4.068327
v -8.577351 0.836019 4.068327
v -8.577351 0.822111 4.061572
v -8.577351 0.836019 4.068327
v -8.577351 0.822110 4.068327
v -8.570695 1.243545 7.769969
v -8.577351 1.224149 7.769970
v -8.577350 1.243545 7.769969
v -8.570695 1.243545 7.769969
v -8.570696 1.224149 7.769970
v -8.577351 1.224149 7.769970
v -7.962528 1.243545 7.769969
v -8.570696 1.224149 7.769970
v -8.570695 1.243545 7.769969
v -8.577351 0.836019 7.769970
v -8.577351 1.224149 7.769970
v -8.570696 1.224149 7.769970
v -7.962528 1.243545 7.769969
v -7.962528 1.224148 7.769969
v -8.570696 1.224149 7.769970
v -7.956345 1.243545 7.769969
v -7.962528 1.224148 7.769969
v -7.962528 1.243545 7.769969
v -7.956345 1.243545 7.769969
v -7.956345 1.224148 7.769969
v -7.962528 1.224148 7.769969
v -7.956345 0.836019 7.769969
v -7.962528 1.224148 7.769969
v -7.956345 1.224148 7.769969
v -8.577351 0.836019 7.769970
v -8.570696 1.224149 7.769970
v -8.570696 0.836019 7.769971
v -8.570696 0.836019 7.769971
v -8.570696 1.224149 7.769970
v -7.962528 1.224148 7.769969
v -8.577351 0.822110 7.769971
v -8.577351 0.836019 7.769970
v -8.570696 0.836019 7.769971
v -8.577351 0.822110 7.769971
v -8.570696 0.836019 7.769971
v -8.570696 0.822110 7.769971
v -7.956345 0.836019 7.769969
v -7.962528 0.836019 7.769969
v -7.962528 1.224148 7.769969
v -8.570696 0.836019 7.769971
v -7.962528 1.224148 7.769969
v -7.962528 0.836019 7.769969
v -8.570696 0.822110 7.769971
v -8.570696 0.836019 7.769971
v -7.962528 0.836019 7.769969
v -7.956345 0.822110 7.769969
v -7.962528 0.836019 7.769969
v -7.956345 0.836019 7.769969
v -8.570696 0.822110 7.769971
v -7.962528 0.836019 7.769969
v -7.962528 0.822110 7.769969
v -7.956345 0.822110 7.769969
v -7.962528 0.822110 7.769969
v -7.962528 0.836019 7.769969
v -7.956345 1.243545 7.763853
v -7.956345 1.224148 7.769969
v -7.956345 1.243545 7.769969
v -7.956345 1.243545 7.763853
v -7.956345 1.224149 7.763853
v -7.956345 1.224148 7.769969
v -7.956346 1.243545 4.068325
v -7.956345 1.224149 7.763853
v -7.956345 1.243545 7.763853
v -7.956345 0.836018 7.763853
v -7.956345 1.224148 7.769969
v -7.956345 1.224149 7.763853
v -7.956345 0.836018 7.763853
v -7.956345 0.836019 7.769969
v -7.956345 1.224148 7.769969
v -7.956346 1.243545 4.068325
v -7.956346 1.224148 4.068326
v -7.956345 1.224149 7.763853
v -7.956345 0.836018 7.763853
v -7.956345 1.224149 7.763853
v -7.956346 1.224148 4.068326
v -7.956346 1.243545 4.061571
v -7.956346 1.224148 4.068326
v -7.956346 1.243545 4.068325
v -7.956346 1.243545 4.061571
v -7.956346 1.224148 4.061570
v -7.956346 1.224148 4.068326
v -7.956346 0.836019 4.061572
v -7.956346 1.224148 4.068326
v -7.956346 1.224148 4.061570
v -7.956346 0.836019 4.061572
v -7.956346 0.836019 4.068326
v -7.956346 1.224148 4.068326
v -7.956345 0.836018 7.763853
v -7.956346 1.224148 4.068326
v -7.956346 0.836019 4.068326
v -7.956346 0.822110 4.061570
v -7.956346 0.836019 4.068326
v -7.956346 0.836019 4.061572
v -7.956346 0.822110 4.061570
v -7.956346 0.822110 4.068325
v -7.956346 0.836019 4.068326
v -7.956345 0.822110 7.763853
v -7.956346 0.836019 4.068326
v -7.956346 0.822110 4.068325
v -7.956345 0.822110 7.763853
v -7.956345 0.836018 7.763853
v -7.956346 0.836019 4.068326
v -7.956345 0.822110 7.763853
v -7.956345 0.836019 7.769969
v -7.956345 0.836018 7.763853
v -7.956345 0.822110 7.763853
v -7.956345 0.822110 7.769969
v -7.956345 0.836019 7.769969
v -7.865309 5.204955 -0.003994
v -7.870686 5.204955 -0.010749
v -7.865309 5.204955 -0.010749
v -7.865309 5.204955 -0.003994
v -7.870686 5.204955 -0.003994
v -7.870686 5.204955 -0.010749
v -7.865308 5.204955 3.660153
v -7.870686 5.204955 -0.003994
v -7.865309 5.204955 -0.003994
v -7.940206 5.204955 -0.010749
v -7.870686 5.204955 -0.010749
v -7.870686 5.204955 -0.003994
v -7.865308 5.204955 3.660153
v -7.870686 5.204955 3.660153
v -7.870686 5.204955 -0.003994
v -7.865308 5.204954 3.666270
v -7.870686 5.204955 3.660153
v -7.865308 5.204955 3.660153
v -7.865308 5.204954 3.666270
v -7.870686 5.204954 3.666270
v -7.870686 5.204955 3.660153
v -7.940206 5.204954 3.666270
v -7.870686 5.204955 3.660153
v -7.870686 5.204954 3.666270
v -7.940206 5.204954 3.666270
v -7.940206 5.204955 3.660153
v -7.870686 5.204955 3.660153
v -7.940206 5.204955 3.660153
v -7.870686 5.204955 -0.003994
v -7.870686 5.204955 3.660153
v -7.945690 5.204954 3.666270
v -7.940206 5.204955 3.660153
v -7.940206 5.204954 3.666270
v -7.945690 5.204954 3.666270
v -7.945690 5.204955 3.660153
v -7.940206 5.204955 3.660153
v -7.940206 5.204955 -0.010749
v -7.870686 5.204955 -0.003994
v -7.940206 5.204955 -0.003994
v -7.940206 5.204955 3.660153
v -7.940206 5.204955 -0.003994
v -7.870686 5.204955 -0.003994
v -7.945690 5.204955 3.660153
v -7.940206 5.204955 -0.003994
v -7.940206 5.204955 3.660153
v -7.945690 5.204955 -0.010749
v -7.940206 5.204955 -0.010749
v -7.940206 5.204955 -0.003994
v -7.945690 5.204955 3.660153
v -7.945690 5.204955 -0.003994
v -7.940206 5.204955 -0.003994
v -7.945690 5.204955 -0.010749
v -7.940206 5.204955 -0.003994
v -7.945690 5.204955 -0.003994
v -7.870686 4.783520 -0.010750
v -7.865309 4.783519 -0.003996
v -7.865309 4.783520 -0.010750
v -7.870686 4.783520 -0.010750
v -7.870686 4.783519 -0.003994
v -7.865309 4.783519 -0.003996
v -7.940205 4.783520 -0.010750
v -7.870686 4.783519 -0.003994
v -7.870686 4.783520 -0.010750
v -7.870686 4.783519 3.660154
v -7.865309 4.783519 -0.003996
v -7.870686 4.783519 -0.003994
v -7.870686 4.783519 3.660154
v -7.865308 4.783519 3.660154
v -7.865309 4.783519 -0.003996
v -7.865308 4.783519 3.666271
v -7.865308 4.783519 3.660154
v -7.870686 4.783519 3.660154
v -7.865308 4.783519 3.666271
v -7.870686 4.783519 3.660154
v -7.870686 4.783519 3.666271
v -7.870686 4.783519 3.666271
v -7.870686 4.783519 3.660154
v -7.940206 4.783519 3.660154
v -7.940206 4.783519 3.660154
v -7.870686 4.783519 3.660154
v -7.870686 4.783519 -0.003994
v -7.870686 4.783519 3.666271
v -7.940206 4.783519 3.660154
v -7.940206 4.783519 3.666271
v -7.945690 4.783519 3.666271
v -7.940206 4.783519 3.666271
v -7.940206 4.783519 3.660154
v -7.945690 4.783519 3.666271
v -7.940206 4.783519 3.660154
v -7.945690 4.783519 3.660154
v -7.940205 4.783520 -0.010750
v -7.940205 4.783519 -0.003994
v -7.870686 4.783519 -0.003994
v -7.940206 4.783519 3.660154
v -7.870686 4.783519 -0.003994
v -7.940205 4.783519 -0.003994
v -7.945690 4.783519 3.660154
v -7.940206 4.783519 3.660154
v -7.940205 4.783519 -0.003994
v -7.945690 4.783520 -0.010750
v -7.940205 4.783519 -0.003994
v -7.940205 4.783520 -0.010750
v -7.945690 4.783519 3.660154
v -7.940205 4.783519 -0.003994
v -7.945690 4.783519 -0.003994
v -7.945690 4.783520 -0.010750
v -7.945690 4.783519 -0.003994
v -7.940205 4.783519 -0.003994
v -7.870686 5.204955 -0.010749
v -7.865309 5.185558 -0.010750
v -7.865309 5.204955 -0.010749
v -7.870686 5.204955 -0.010749
v -7.870686 5.185558 -0.010750
v -7.865309 5.185558 -0.010750
v -7.940206 5.204955 -0.010749
v -7.870686 5.185558 -0.010750
v -7.870686 5.204955 -0.010749
v -7.865309 4.797429 -0.010749
v -7.865309 5.185558 -0.010750
v -7.870686 5.185558 -0.010750
v -7.940206 5.204955 -0.010749
v -7.940206 5.185558 -0.010750
v -7.870686 5.185558 -0.010750
v -7.945690 5.204955 -0.010749
v -7.940206 5.185558 -0.010750
v -7.940206 5.204955 -0.010749
v -7.945690 5.204955 -0.010749
v -7.945690 5.185558 -0.010750
v -7.940206 5.185558 -0.010750
v -7.945690 4.797429 -0.010749
v -7.940206 5.185558 -0.010750
v -7.945690 5.185558 -0.010750
v -7.865309 4.797429 -0.010749
v -7.870686 5.185558 -0.010750
v -7.870686 4.797429 -0.010749
v -7.870686 4.797429 -0.010749
v -7.870686 5.185558 -0.010750
v -7.940206 5.185558 -0.010750
v -7.865309 4.783520 -0.010750
v -7.865309 4.797429 -0.010749
v -7.870686 4.797429 -0.010749
v -7.865309 4.783520 -0.010750
v -7.870686 4.797429 -0.010749
v -7.870686 4.783520 -0.010750
v -7.945690 4.797429 -0.010749
v -7.940205 4.797429 -0.010747
v -7.940206 5.185558 -0.010750
v -7.870686 4.797429 -0.010749
v -7.940206 5.185558 -0.010750
v -7.940205 4.797429 -0.010747
v -7.870686 4.783520 -0.010750
v -7.870686 4.797429 -0.010749
v -7.940205 4.797429 -0.010747
v -7.945690 4.783520 -0.010750
v -7.940205 4.797429 -0.010747
v -7.945690 4.797429 -0.010749
v -7.870686 4.783520 -0.010750
v -7.940205 4.797429 -0.010747
v -7.940205 4.783520 -0.010750
v -7.945690 4.783520 -0.010750
v -7.940205 4.783520 -0.010750
v -7.940205 4.797429 -0.010747
v -7.945690 5.204955 -0.003994
v -7.945690 5.185558 -0.010750
v -7.945690 5.204955 -0.010749
v -7.945690 5.204955 -0.003994
v -7.945690 5.185558 -0.003996
v -7.945690 5.185558 -0.010750
v -7.945690 5.204955 3.660153
v -7.945690 5.185558 -0.003996
v -7.945690 5.204955 -0.003994
v -7.945690 4.797429 -0.010749
v -7.945690 5.185558 -0.010750
v -7.945690 5.185558 -0.003996
v -7.945690 5.204955 3.660153
v -7.945690 5.185558 3.660153
v -7.945690 5.185558 -0.003996
v -7.945690 5.204954 3.666270
v -7.945690 5.185558 3.660153
v -7.945690 5.204955 3.660153
v -7.945690 5.204954 3.666270
v -7.945690 5.185557 3.666270
v -7.945690 5.185558 3.660153
v -7.945690 4.797428 3.666271
v -7.945690 5.185558 3.660153
v -7.945690 5.185557 3.666270
v -7.945690 4.797428 3.666271
v -7.945690 4.797428 3.660154
v -7.945690 5.185558 3.660153
v -7.945690 4.797428 3.660154
v -7.945690 5.185558 -0.003996
v -7.945690 5.185558 3.660153
v -7.945690 4.783519 3.666271
v -7.945690 4.797428 3.660154
v -7.945690 4.797428 3.666271
v -7.945690 4.783519 3.666271
v -7.945690 4.783519 3.660154
v -7.945690 4.797428 3.660154
v -7.945690 4.797429 -0.010749
v -7.945690 5.185558 -0.003996
v -7.945690 4.797429 -0.003994
v -7.945690 4.797428 3.660154
v -7.945690 4.797429 -0.003994
v -7.945690 5.185558 -0.003996
v -7.945690 4.783519 3.660154
v -7.945690 4.797429 -0.003994
v -7.945690 4.797428 3.660154
v -7.945690 4.783520 -0.010750
v -7.945690 4.797429 -0.010749
v -7.945690 4.797429 -0.003994
v -7.945690 4.783519 3.660154
v -7.945690 4.783519 -0.003994
v -7.945690 4.797429 -0.003994
v -7.945690 4.783520 -0.010750
v -7.945690 4.797429 -0.003994
v -7.945690 4.783519 -0.003994
v -7.940206 5.204954 3.666270
v -7.945690 5.185557 3.666270
v -7.945690 5.204954 3.666270
v -7.940206 5.204954 3.666270
v -7.940206 5.185557 3.666270
v -7.945690 5.185557 3.666270
v -7.870686 5.204954 3.666270
v -7.940206 5.185557 3.666270
v -7.940206 5.204954 3.666270
v -7.945690 4.797428 3.666271
v -7.945690 5.185557 3.666270
v -7.940206 5.185557 3.666270
v -7.870686 5.204954 3.666270
v -7.870686 5.185557 3.666270
v -7.940206 5.185557 3.666270
v -7.865308 5.204954 3.666270
v -7.870686 5.185557 3.666270
v -7.870686 5.204954 3.666270
v -7.865308 5.204954 3.666270
v -7.865308 5.185557 3.666270
v -7.870686 5.185557 3.666270
v -7.865308 4.797428 3.666271
v -7.870686 5.185557 3.666270
v -7.865308 5.185557 3.666270
v -7.945690 4.797428 3.666271
v -7.940206 5.185557 3.666270
v -7.940206 4.797428 3.666272
v -7.940206 4.797428 3.666272
v -7.940206 5.185557 3.666270
v -7.870686 5.185557 3.666270
v -7.945690 4.783519 3.666271
v -7.945690 4.797428 3.666271
v -7.940206 4.797428 3.666272
v -7.945690 4.783519 3.666271
v -7.940206 4.797428 3.666272
v -7.940206 4.783519 3.666271
v -7.865308 4.797428 3.666271
v -7.870686 4.797428 3.666271
v -7.870686 5.185557 3.666270
v -7.940206 4.797428 3.666272
v -7.870686 5.185557 3.666270
v -7.870686 4.797428 3.666271
v -7.940206 4.783519 3.666271
v -7.940206 4.797428 3.666272
v -7.870686 4.797428 3.666271
v -7.865308 4.783519 3.666271
v -7.870686 4.797428 3.666271
v -7.865308 4.797428 3.666271
v -7.940206 4.783519 3.666271
v -7.870686 4.797428 3.666271
v -7.870686 4.783519 3.666271
v -7.865308 4.783519 3.666271
v -7.870686 4.783519 3.666271
v -7.870686 4.797428 3.666271
v -7.865308 5.204955 3.660153
v -7.865308 5.185557 3.666270
v -7.865308 5.204954 3.666270
v -7.865308 5.204955 3.660153
v -7.865308 5.185558 3.660153
v -7.865308 5.185557 3.666270
v -7.865309 5.204955 -0.003994
v -7.865308 5.185558 3.660153
v -7.865308 5.204955 3.660153
v -7.865308 4.797428 3.660154
v -7.865308 5.185557 3.666270
v -7.865308 5.185558 3.660153
v -7.865308 4.797428 3.660154
v -7.865308 4.797428 3.666271
v -7.865308 5.185557 3.666270
v -7.865309 5.204955 -0.003994
v -7.865309 5.185558 -0.003996
v -7.865308 5.185558 3.660153
v -7.865308 4.797428 3.660154
v -7.865308 5.185558 3.660153
v -7.865309 5.185558 -0.003996
v -7.865309 5.204955 -0.010749
v -7.865309 5.185558 -0.003996
v -7.865309 5.204955 -0.003994
v -7.865309 5.204955 -0.010749
v -7.865309 5.185558 -0.010750
v -7.865309 5.185558 -0.003996
v -7.865309 4.797429 -0.010749
v -7.865309 5.185558 -0.003996
v -7.865309 5.185558 -0.010750
v -7.865309 4.797429 -0.010749
v -7.865309 4.797428 -0.003994
v -7.865309 5.185558 -0.003996
v -7.865308 4.797428 3.660154
v -7.865309 5.185558 -0.003996
v -7.865309 4.797428 -0.003994
v -7.865309 4.783520 -0.010750
v -7.865309 4.797428 -0.003994
v -7.865309 4.797429 -0.010749
v -7.865309 4.783520 -0.010750
v -7.865309 4.783519 -0.003996
v -7.865309 4.797428 -0.003994
v -7.865308 4.783519 3.660154
v -7.865309 4.797428 -0.003994
v -7.865309 4.783519 -0.003996
v -7.865308 4.783519 3.660154
v -7.865308 4.797428 3.660154
v -7.865309 4.797428 -0.003994
v -7.865308 4.783519 3.660154
v -7.865308 4.797428 3.666271
v -7.865308 4.797428 3.660154
v -7.865308 4.783519 3.660154
v -7.865308 4.783519 3.666271
v -7.865308 4.797428 3.666271
v -7.956284 5.204955 -0.003994
v -7.962467 5.204955 -0.010749
v -7.956284 5.204955 -0.010749
v -7.956284 5.204955 -0.003994
v -7.962467 5.204955 -0.003994
v -7.962467 5.204955 -0.010749
v -7.956285 5.204955 3.660153
v -7.962467 5.204955 -0.003994
v -7.956284 5.204955 -0.003994
v -8.570634 5.204955 -0.010750
v -7.962467 5.204955 -0.010749
v -7.962467 5.204955 -0.003994
v -7.956285 5.204955 3.660153
v -7.962467 5.204955 3.660153
v -7.962467 5.204955 -0.003994
v -7.956285 5.204954 3.666270
v -7.962467 5.204955 3.660153
v -7.956285 5.204955 3.660153
v -7.956285 5.204954 3.666270
v -7.962467 5.204954 3.666270
v -7.962467 5.204955 3.660153
v -8.570633 5.204955 3.666270
v -7.962467 5.204955 3.660153
v -7.962467 5.204954 3.666270
v -8.570633 5.204955 3.666270
v -8.570633 5.204955 3.660153
v -7.962467 5.204955 3.660153
v -8.570633 5.204955 3.660153
v -7.962467 5.204955 -0.003994
v -7.962467 5.204955 3.660153
v -8.577290 5.204955 3.666270
v -8.570633 5.204955 3.660153
v -8.570633 5.204955 3.666270
v -8.577290 5.204955 3.666270
v -8.577290 5.204955 3.660153
v -8.570633 5.204955 3.660153
v -8.570634 5.204955 -0.010750
v -7.962467 5.204955 -0.003994
v -8.570634 5.204955 -0.003994
v -8.570633 5.204955 3.660153
v -8.570634 5.204955 -0.003994
v -7.962467 5.204955 -0.003994
v -8.577290 5.204955 3.660153
v -8.570634 5.204955 -0.003994
v -8.570633 5.204955 3.660153
v -8.577291 5.204955 -0.010750
v -8.570634 5.204955 -0.010750
v -8.570634 5.204955 -0.003994
v -8.577290 5.204955 3.660153
v -8.577291 5.204955 -0.003994
v -8.570634 5.204955 -0.003994
v -8.577291 5.204955 -0.010750
v -8.570634 5.204955 -0.003994
v -8.577291 5.204955 -0.003994
v -7.962467 4.783520 -0.010750
v -7.956284 4.783519 -0.003994
v -7.956284 4.783520 -0.010750
v -7.962467 4.783520 -0.010750
v -7.962467 4.783519 -0.003994
v -7.956284 4.783519 -0.003994
v -8.570634 4.783520 -0.010749
v -7.962467 4.783519 -0.003994
v -7.962467 4.783520 -0.010750
v -7.962467 4.783519 3.660154
v -7.956284 4.783519 -0.003994
v -7.962467 4.783519 -0.003994
v -7.962467 4.783519 3.660154
v -7.956285 4.783519 3.660154
v -7.956284 4.783519 -0.003994
v -7.956285 4.783519 3.666271
v -7.956285 4.783519 3.660154
v -7.962467 4.783519 3.660154
v -7.956285 4.783519 3.666271
v -7.962467 4.783519 3.660154
v -7.962467 4.783519 3.666271
v -7.962467 4.783519 3.666271
v -7.962467 4.783519 3.660154
v -8.570633 4.783520 3.660155
v -8.570633 4.783520 3.660155
v -7.962467 4.783519 3.660154
v -7.962467 4.783519 -0.003994
v -7.962467 4.783519 3.666271
v -8.570633 4.783520 3.660155
v -8.570633 4.783520 3.666271
v -8.577290 4.783520 3.666271
v -8.570633 4.783520 3.666271
v -8.570633 4.783520 3.660155
v -8.577290 4.783520 3.666271
v -8.570633 4.783520 3.660155
v -8.577290 4.783520 3.660154
v -8.570634 4.783520 -0.010749
v -8.570634 4.783519 -0.003994
v -7.962467 4.783519 -0.003994
v -8.570633 4.783520 3.660155
v -7.962467 4.783519 -0.003994
v -8.570634 4.783519 -0.003994
v -8.577290 4.783520 3.660154
v -8.570633 4.783520 3.660155
v -8.570634 4.783519 -0.003994
v -8.577290 4.783520 -0.010749
v -8.570634 4.783519 -0.003994
v -8.570634 4.783520 -0.010749
v -8.577290 4.783520 3.660154
v -8.570634 4.783519 -0.003994
v -8.577290 4.783519 -0.003994
v -8.577290 4.783520 -0.010749
v -8.577290 4.783519 -0.003994
v -8.570634 4.783519 -0.003994
v -7.962467 5.204955 -0.010749
v -7.956284 5.185558 -0.010750
v -7.956284 5.204955 -0.010749
v -7.962467 5.204955 -0.010749
v -7.962467 5.185558 -0.010750
v -7.956284 5.185558 -0.010750
v -8.570634 5.204955 -0.010750
v -7.962467 5.185558 -0.010750
v -7.962467 5.204955 -0.010749
v -7.956284 4.797429 -0.010749
v -7.956284 5.185558 -0.010750
v -7.962467 5.185558 -0.010750
v -8.570634 5.204955 -0.010750
v -8.570634 5.185558 -0.010750
v -7.962467 5.185558 -0.010750
v -8.577291 5.204955 -0.010750
v -8.570634 5.185558 -0.010750
v -8.570634 5.204955 -0.010750
v -8.577291 5.204955 -0.010750
v -8.577291 5.185558 -0.010750
v -8.570634 5.185558 -0.010750
v -8.577290 4.797428 -0.010747
v -8.570634 5.185558 -0.010750
v -8.577291 5.185558 -0.010750
v -7.956284 4.797429 -0.010749
v -7.962467 5.185558 -0.010750
v -7.962467 4.797429 -0.010749
v -7.962467 4.797429 -0.010749
v -7.962467 5.185558 -0.010750
v -8.570634 5.185558 -0.010750
v -7.956284 4.783520 -0.010750
v -7.956284 4.797429 -0.010749
v -7.962467 4.797429 -0.010749
v -7.956284 4.783520 -0.010750
v -7.962467 4.797429 -0.010749
v -7.962467 4.783520 -0.010750
v -8.577290 4.797428 -0.010747
v -8.570634 4.797428 -0.010747
v -8.570634 5.185558 -0.010750
v -7.962467 4.797429 -0.010749
v -8.570634 5.185558 -0.010750
v -8.570634 4.797428 -0.010747
v -7.962467 4.783520 -0.010750
v -7.962467 4.797429 -0.010749
v -8.570634 4.797428 -0.010747
v -8.577290 4.783520 -0.010749
v -8.570634 4.797428 -0.010747
v -8.577290 4.797428 -0.010747
v -7.962467 4.783520 -0.010750
v -8.570634 4.797428 -0.010747
v -8.570634 4.783520 -0.010749
v -8.577290 4.783520 -0.010749
v -8.570634 4.783520 -0.010749
v -8.570634 4.797428 -0.010747
v -8.577291 5.204955 -0.003994
v -8.577291 5.185558 -0.010750
v -8.577291 5.204955 -0.010750
v -8.577291 5.204955 -0.003994
v -8.577291 5.185558 -0.003995
v -8.577291 5.185558 -0.010750
v -8.577290 5.204955 3.660153
v -8.577291 5.185558 -0.003995
v -8.577291 5.204955 -0.003994
v -8.577290 4.797428 -0.010747
v -8.577291 5.185558 -0.010750
v -8.577291 5.185558 -0.003995
v -8.577290 5.204955 3.660153
v -8.577290 5.185558 3.660153
v -8.577291 5.185558 -0.003995
v -8.577290 5.204955 3.666270
v -8.577290 5.185558 3.660153
v -8.577290 5.204955 3.660153
v -8.577290 5.204955 3.666270
v -8.577290 5.185558 3.666270
v -8.577290 5.185558 3.660153
v -8.577290 4.797428 3.666272
v -8.577290 5.185558 3.660153
v -8.577290 5.185558 3.666270
v -8.577290 4.797428 3.666272
v -8.577290 4.797428 3.660156
v -8.577290 5.185558 3.660153
v -8.577290 4.797428 3.660156
v -8.577291 5.185558 -0.003995
v -8.577290 5.185558 3.660153
v -8.577290 4.783520 3.666271
v -8.577290 4.797428 3.660156
v -8.577290 4.797428 3.666272
v -8.577290 4.783520 3.666271
v -8.577290 4.783520 3.660154
v -8.577290 4.797428 3.660156
v -8.577290 4.797428 -0.010747
v -8.577291 5.185558 -0.003995
v -8.577290 4.797429 -0.003994
v -8.577290 4.797428 3.660156
v -8.577290 4.797429 -0.003994
v -8.577291 5.185558 -0.003995
v -8.577290 4.783520 3.660154
v -8.577290 4.797429 -0.003994
v -8.577290 4.797428 3.660156
v -8.577290 4.783520 -0.010749
v -8.577290 4.797428 -0.010747
v -8.577290 4.797429 -0.003994
v -8.577290 4.783520 3.660154
v -8.577290 4.783519 -0.003994
v -8.577290 4.797429 -0.003994
v -8.577290 4.783520 -0.010749
v -8.577290 4.797429 -0.003994
v -8.577290 4.783519 -0.003994
v -8.570633 5.204955 3.666270
v -8.577290 5.185558 3.666270
v -8.577290 5.204955 3.666270
v -8.570633 5.204955 3.666270
v -8.570633 5.185558 3.666270
v -8.577290 5.185558 3.666270
v -7.962467 5.204954 3.666270
v -8.570633 5.185558 3.666270
v -8.570633 5.204955 3.666270
v -8.577290 4.797428 3.666272
v -8.577290 5.185558 3.666270
v -8.570633 5.185558 3.666270
v -7.962467 5.204954 3.666270
v -7.962467 5.185557 3.666270
v -8.570633 5.185558 3.666270
v -7.956285 5.204954 3.666270
v -7.962467 5.185557 3.666270
v -7.962467 5.204954 3.666270
v -7.956285 5.204954 3.666270
v -7.956285 5.185557 3.666270
v -7.962467 5.185557 3.666270
v -7.956285 4.797428 3.666271
v -7.962467 5.185557 3.666270
v -7.956285 5.185557 3.666270
v -8.577290 4.797428 3.666272
v -8.570633 5.185558 3.666270
v -8.570633 4.797428 3.666272
v -8.570633 4.797428 3.666272
v -8.570633 5.185558 3.666270
v -7.962467 5.185557 3.666270
v -8.577290 4.783520 3.666271
v -8.577290 4.797428 3.666272
v -8.570633 4.797428 3.666272
v -8.577290 4.783520 3.666271
v -8.570633 4.797428 3.666272
v -8.570633 4.783520 3.666271
v -7.956285 4.797428 3.666271
v -7.962467 4.797428 3.666271
v -7.962467 5.185557 3.666270
v -8.570633 4.797428 3.666272
v -7.962467 5.185557 3.666270
v -7.962467 4.797428 3.666271
v -8.570633 4.783520 3.666271
v -8.570633 4.797428 3.666272
v -7.962467 4.797428 3.666271
v -7.956285 4.783519 3.666271
v -7.962467 4.797428 3.666271
v -7.956285 4.797428 3.666271
v -8.570633 4.783520 3.666271
v -7.962467 4.797428 3.666271
v -7.962467 4.783519 3.666271
v -7.956285 4.783519 3.666271
v -7.962467 4.783519 3.666271
v -7.962467 4.797428 3.666271
v -7.956285 5.204955 3.660153
v -7.956285 5.185557 3.666270
v -7.956285 5.204954 3.666270
v -7.956285 5.204955 3.660153
v -7.956285 5.185558 3.660153
v -7.956285 5.185557 3.666270
v -7.956284 5.204955 -0.003994
v -7.956285 5.185558 3.660153
v -7.956285 5.204955 3.660153
v -7.956285 4.797428 3.660154
v -7.956285 5.185557 3.666270
v -7.956285 5.185558 3.660153
v -7.956285 4.797428 3.660154
v -7.956285 4.797428 3.666271
v -7.956285 5.185557 3.666270
v -7.956284 5.204955 -0.003994
v -7.956284 5.185558 -0.003996
v -7.956285 5.185558 3.660153
v -7.956285 4.797428 3.660154
v -7.956285 5.185558 3.660153
v -7.956284 5.185558 -0.003996
v -7.956284 5.204955 -0.010749
v -7.956284 5.185558 -0.003996
v -7.956284 5.204955 -0.003994
v -7.956284 5.204955 -0.010749
v -7.956284 5.185558 -0.010750
v -7.956284 5.185558 -0.003996
v -7.956284 4.797429 -0.010749
v -7.956284 5.185558 -0.003996
v -7.956284 5.185558 -0.010750
v -7.956284 4.797429 -0.010749
v -7.956284 4.797429 -0.003994
v -7.956284 5.185558 -0.003996
v -7.956285 4.797428 3.660154
v -7.956284 5.185558 -0.003996
v -7.956284 4.797429 -0.003994
v -7.956284 4.783520 -0.010750
v -7.956284 4.797429 -0.003994
v -7.956284 4.797429 -0.010749
v -7.956284 4.783520 -0.010750
v -7.956284 4.783519 -0.003994
v -7.956284 4.797429 -0.003994
v -7.956285 4.783519 3.660154
v -7.956284 4.797429 -0.003994
v -7.956284 4.783519 -0.003994
v -7.956285 4.783519 3.660154
v -7.956285 4.797428 3.660154
v -7.956284 4.797429 -0.003994
v -7.956285 4.783519 3.660154
v -7.956285 4.797428 3.666271
v -7.956285 4.797428 3.660154
v -7.956285 4.783519 3.660154
v -7.956285 4.783519 3.666271
v -7.956285 4.797428 3.666271
v -7.984306 3.118685 -0.003146
v -7.989684 3.118684 -0.009901
v -7.984306 3.118684 -0.009901
v -7.984306 3.118685 -0.003146
v -7.989684 3.118685 -0.003146
v -7.989684 3.118684 -0.009901
v -7.984306 3.118685 3.587694
v -7.989684 3.118685 -0.003146
v -7.984306 3.118685 -0.003146
v -8.059203 3.118685 -0.009901
v -7.989684 3.118684 -0.009901
v -7.989684 3.118685 -0.003146
v -7.984306 3.118685 3.587694
v -7.989683 3.118685 3.587694
v -7.989684 3.118685 -0.003146
v -7.984306 3.118684 3.593811
v -7.989683 3.118685 3.587694
v -7.984306 3.118685 3.587694
v -7.984306 3.118684 3.593811
v -7.989683 3.118684 3.593811
v -7.989683 3.118685 3.587694
v -8.059203 3.118684 3.593811
v -7.989683 3.118685 3.587694
v -7.989683 3.118684 3.593811
v -8.059203 3.118684 3.593811
v -8.059203 3.118685 3.587694
v -7.989683 3.118685 3.587694
v -8.059203 3.118685 3.587694
v -7.989684 3.118685 -0.003146
v -7.989683 3.118685 3.587694
v -8.064687 3.118684 3.593811
v -8.059203 3.118685 3.587694
v -8.059203 3.118684 3.593811
v -8.064687 3.118684 3.593811
v -8.064687 3.118685 3.587694
v -8.059203 3.118685 3.587694
v -8.059203 3.118685 -0.009901
v -7.989684 3.118685 -0.003146
v -8.059203 3.118685 -0.003146
v -8.059203 3.118685 3.587694
v -8.059203 3.118685 -0.003146
v -7.989684 3.118685 -0.003146
v -8.064687 3.118685 3.587694
v -8.059203 3.118685 -0.003146
v -8.059203 3.118685 3.587694
v -8.064688 3.118685 -0.009901
v -8.059203 3.118685 -0.009901
v -8.059203 3.118685 -0.003146
v -8.064687 3.118685 3.587694
v -8.064688 3.118685 -0.003146
v -8.059203 3.118685 -0.003146
v -8.064688 3.118685 -0.009901
v -8.059203 3.118685 -0.003146
v -8.064688 3.118685 -0.003146
v -7.989684 2.941726 -0.009901
v -7.984307 2.941726 -0.003146
v -7.984307 2.941726 -0.009901
v -7.989684 2.941726 -0.009901
v -7.989684 2.941726 -0.003146
v -7.984307 2.941726 -0.003146
v -8.059203 2.941726 -0.009901
v -7.989684 2.941726 -0.003146
v -7.989684 2.941726 -0.009901
v -7.989684 2.941726 3.587693
v -7.984307 2.941726 -0.003146
v -7.989684 2.941726 -0.003146
v -7.989684 2.941726 3.587693
v -7.984306 2.941726 3.587693
v -7.984307 2.941726 -0.003146
v -7.984306 2.941726 3.593810
v -7.984306 2.941726 3.587693
v -7.989684 2.941726 3.587693
v -7.984306 2.941726 3.593810
v -7.989684 2.941726 3.587693
v -7.989684 2.941726 3.593810
v -7.989684 2.941726 3.593810
v -7.989684 2.941726 3.587693
v -8.059203 2.941726 3.587694
v -8.059203 2.941726 3.587694
v -7.989684 2.941726 3.587693
v -7.989684 2.941726 -0.003146
v -7.989684 2.941726 3.593810
v -8.059203 2.941726 3.587694
v -8.059203 2.941726 3.593811
v -8.064687 2.941726 3.593811
v -8.059203 2.941726 3.593811
v -8.059203 2.941726 3.587694
v -8.064687 2.941726 3.593811
v -8.059203 2.941726 3.587694
v -8.064687 2.941726 3.587694
v -8.059203 2.941726 -0.009901
v -8.059203 2.941726 -0.003146
v -7.989684 2.941726 -0.003146
v -8.059203 2.941726 3.587694
v -7.989684 2.941726 -0.003146
v -8.059203 2.941726 -0.003146
v -8.064687 2.941726 3.587694
v -8.059203 2.941726 3.587694
v -8.059203 2.941726 -0.003146
v -8.064688 2.941726 -0.009901
v -8.059203 2.941726 -0.003146
v -8.059203 2.941726 -0.009901
v -8.064687 2.941726 3.587694
v -8.059203 2.941726 -0.003146
v -8.064688 2.941726 -0.003146
v -8.064688 2.941726 -0.009901
v -8.064688 2.941726 -0.003146
v -8.059203 2.941726 -0.003146
v -7.989684 3.118684 -0.009901
v -7.984306 3.109786 -0.009902
v -7.984306 3.118684 -0.009901
v -7.989684 3.118684 -0.009901
v -7.989684 3.109786 -0.009902
v -7.984306 3.109786 -0.009902
v -8.059203 3.118685 -0.009901
v -7.989684 3.109786 -0.009902
v -7.989684 3.118684 -0.009901
v -7.984307 2.950432 -0.009901
v -7.984306 3.109786 -0.009902
v -7.989684 3.109786 -0.009902
v -8.059203 3.118685 -0.009901
v -8.059203 3.109786 -0.009902
v -7.989684 3.109786 -0.009902
v -8.064688 3.118685 -0.009901
v -8.059203 3.109786 -0.009902
v -8.059203 3.118685 -0.009901
v -8.064688 3.118685 -0.009901
v -8.064688 3.109786 -0.009902
v -8.059203 3.109786 -0.009902
v -8.064688 2.950432 -0.009901
v -8.059203 3.109786 -0.009902
v -8.064688 3.109786 -0.009902
v -7.984307 2.950432 -0.009901
v -7.989684 3.109786 -0.009902
v -7.989684 2.950432 -0.009901
v -7.989684 2.950432 -0.009901
v -7.989684 3.109786 -0.009902
v -8.059203 3.109786 -0.009902
v -7.984307 2.941726 -0.009901
v -7.984307 2.950432 -0.009901
v -7.989684 2.950432 -0.009901
v -7.984307 2.941726 -0.009901
v -7.989684 2.950432 -0.009901
v -7.989684 2.941726 -0.009901
v -8.064688 2.950432 -0.009901
v -8.059203 2.950432 -0.009901
v -8.059203 3.109786 -0.009902
v -7.989684 2.950432 -0.009901
v -8.059203 3.109786 -0.009902
v -8.059203 2.950432 -0.009901
v -7.989684 2.941726 -0.009901
v -7.989684 2.950432 -0.009901
v -8.059203 2.950432 -0.009901
v -8.064688 2.941726 -0.009901
v -8.059203 2.950432 -0.009901
v -8.064688 2.950432 -0.009901
v -7.989684 2.941726 -0.009901
v -8.059203 2.950432 -0.009901
v -8.059203 2.941726 -0.009901
v -8.064688 2.941726 -0.009901
v -8.059203 2.941726 -0.009901
v -8.059203 2.950432 -0.009901
v -8.064688 3.118685 -0.003146
v -8.064688 3.109786 -0.009902
v -8.064688 3.118685 -0.009901
v -8.064688 3.118685 -0.003146
v -8.064688 3.109785 -0.003147
v -8.064688 3.109786 -0.009902
v -8.064687 3.118685 3.587694
v -8.064688 3.109785 -0.003147
v -8.064688 3.118685 -0.003146
v -8.064688 2.950432 -0.009901
v -8.064688 3.109786 -0.009902
v -8.064688 3.109785 -0.003147
v -8.064687 3.118685 3.587694
v -8.064687 3.109786 3.587694
v -8.064688 3.109785 -0.003147
v -8.064687 3.118684 3.593811
v -8.064687 3.109786 3.587694
v -8.064687 3.118685 3.587694
v -8.064687 3.118684 3.593811
v -8.064687 3.109785 3.593811
v -8.064687 3.109786 3.587694
v -8.064687 2.950431 3.593811
v -8.064687 3.109786 3.587694
v -8.064687 3.109785 3.593811
v -8.064687 2.950431 3.593811
v -8.064687 2.950432 3.587694
v -8.064687 3.109786 3.587694
v -8.064687 2.950432 3.587694
v -8.064688 3.109785 -0.003147
v -8.064687 3.109786 3.587694
v -8.064687 2.941726 3.593811
v -8.064687 2.950432 3.587694
v -8.064687 2.950431 3.593811
v -8.064687 2.941726 3.593811
v -8.064687 2.941726 3.587694
v -8.064687 2.950432 3.587694
v -8.064688 2.950432 -0.009901
v -8.064688 3.109785 -0.003147
v -8.064688 2.950432 -0.003146
v -8.064687 2.950432 3.587694
v -8.064688 2.950432 -0.003146
v -8.064688 3.109785 -0.003147
v -8.064687 2.941726 3.587694
v -8.064688 2.950432 -0.003146
v -8.064687 2.950432 3.587694
v -8.064688 2.941726 -0.009901
v -8.064688 2.950432 -0.009901
v -8.064688 2.950432 -0.003146
v -8.064687 2.941726 3.587694
v -8.064688 2.941726 -0.003146
v -8.064688 2.950432 -0.003146
v -8.064688 2.941726 -0.009901
v -8.064688 2.950432 -0.003146
v -8.064688 2.941726 -0.003146
v -8.059203 3.118684 3.593811
v -8.064687 3.109785 3.593811
v -8.064687 3.118684 3.593811
v -8.059203 3.118684 3.593811
v -8.059203 3.109785 3.593811
v -8.064687 3.109785 3.593811
v -7.989683 3.118684 3.593811
v -8.059203 3.109785 3.593811
v -8.059203 3.118684 3.593811
v -8.064687 2.950431 3.593811
v -8.064687 3.109785 3.593811
v -8.059203 3.109785 3.593811
v -7.989683 3.118684 3.593811
v -7.989683 3.109786 3.593811
v -8.059203 3.109785 3.593811
v -7.984306 3.118684 3.593811
v -7.989683 3.109786 3.593811
v -7.989683 3.118684 3.593811
v -7.984306 3.118684 3.593811
v -7.984306 3.109785 3.593811
v -7.989683 3.109786 3.593811
v -7.984306 2.950431 3.593810
v -7.989683 3.109786 3.593811
v -7.984306 3.109785 3.593811
v -8.064687 2.950431 3.593811
v -8.059203 3.109785 3.593811
v -8.059203 2.950431 3.593811
v -8.059203 2.950431 3.593811
v -8.059203 3.109785 3.593811
v -7.989683 3.109786 3.593811
v -8.064687 2.941726 3.593811
v -8.064687 2.950431 3.593811
v -8.059203 2.950431 3.593811
v -8.064687 2.941726 3.593811
v -8.059203 2.950431 3.593811
v -8.059203 2.941726 3.593811
v -7.984306 2.950431 3.593810
v -7.989684 2.950431 3.593810
v -7.989683 3.109786 3.593811
v -8.059203 2.950431 3.593811
v -7.989683 3.109786 3.593811
v -7.989684 2.950431 3.593810
v -8.059203 2.941726 3.593811
v -8.059203 2.950431 3.593811
v -7.989684 2.950431 3.593810
v -7.984306 2.941726 3.593810
v -7.989684 2.950431 3.593810
v -7.984306 2.950431 3.593810
v -8.059203 2.941726 3.593811
v -7.989684 2.950431 3.593810
v -7.989684 2.941726 3.593810
v -7.984306 2.941726 3.593810
v -7.989684 2.941726 3.593810
v -7.989684 2.950431 3.593810
v -7.984306 3.118685 3.587694
v -7.984306 3.109785 3.593811
v -7.984306 3.118684 3.593811
v -7.984306 3.118685 3.587694
v -7.984306 3.109786 3.587694
v -7.984306 3.109785 3.593811
v -7.984306 3.118685 -0.003146
v -7.984306 3.109786 3.587694
v -7.984306 3.118685 3.587694
v -7.984306 2.950432 3.587693
v -7.984306 3.109785 3.593811
v -7.984306 3.109786 3.587694
v -7.984306 2.950432 3.587693
v -7.984306 2.950431 3.593810
v -7.984306 3.109785 3.593811
v -7.984306 3.118685 -0.003146
v -7.984306 3.109786 -0.003147
v -7.984306 3.109786 3.587694
v -7.984306 2.950432 3.587693
v -7.984306 3.109786 3.587694
v -7.984306 3.109786 -0.003147
v -7.984306 3.118684 -0.009901
v -7.984306 3.109786 -0.003147
v -7.984306 3.118685 -0.003146
v -7.984306 3.118684 -0.009901
v -7.984306 3.109786 -0.009902
v -7.984306 3.109786 -0.003147
v -7.984307 2.950432 -0.009901
v -7.984306 3.109786 -0.003147
v -7.984306 3.109786 -0.009902
v -7.984307 2.950432 -0.009901
v -7.984307 2.950432 -0.003146
v -7.984306 3.109786 -0.003147
v -7.984306 2.950432 3.587693
v -7.984306 3.109786 -0.003147
v -7.984307 2.950432 -0.003146
v -7.984307 2.941726 -0.009901
v -7.984307 2.950432 -0.003146
v -7.984307 2.950432 -0.009901
v -7.984307 2.941726 -0.009901
v -7.984307 2.941726 -0.003146
v -7.984307 2.950432 -0.003146
v -7.984306 2.941726 3.587693
v -7.984307 2.950432 -0.003146
v -7.984307 2.941726 -0.003146
v -7.984306 2.941726 3.587693
v -7.984306 2.950432 3.587693
v -7.984307 2.950432 -0.003146
v -7.984306 2.941726 3.587693
v -7.984306 2.950431 3.593810
v -7.984306 2.950432 3.587693
v -7.984306 2.941726 3.587693
v -7.984306 2.941726 3.593810
v -7.984306 2.950431 3.593810
v -8.075282 3.118685 -0.003146
v -8.081464 3.118685 -0.009901
v -8.075282 3.118685 -0.009901
v -8.075282 3.118685 -0.003146
v -8.081464 3.118685 -0.003146
v -8.081464 3.118685 -0.009901
v -8.075282 3.118685 3.587694
v -8.081464 3.118685 -0.003146
v -8.075282 3.118685 -0.003146
v -8.371389 3.118685 -0.009901
v -8.081464 3.118685 -0.009901
v -8.081464 3.118685 -0.003146
v -8.075282 3.118685 3.587694
v -8.081464 3.118685 3.587694
v -8.081464 3.118685 -0.003146
v -8.075282 3.118684 3.593811
v -8.081464 3.118685 3.587694
v -8.075282 3.118685 3.587694
v -8.075282 3.118684 3.593811
v -8.081464 3.118684 3.593811
v -8.081464 3.118685 3.587694
v -8.371388 3.118684 3.593810
v -8.081464 3.118685 3.587694
v -8.081464 3.118684 3.593811
v -8.371388 3.118684 3.593810
v -8.371388 3.118685 3.587693
v -8.081464 3.118685 3.587694
v -8.371388 3.118685 3.587693
v -8.081464 3.118685 -0.003146
v -8.081464 3.118685 3.587694
v -8.378044 3.118684 3.593810
v -8.371388 3.118685 3.587693
v -8.371388 3.118684 3.593810
v -8.378044 3.118684 3.593810
v -8.378044 3.118685 3.587693
v -8.371388 3.118685 3.587693
v -8.371389 3.118685 -0.009901
v -8.081464 3.118685 -0.003146
v -8.371389 3.118685 -0.003146
v -8.371388 3.118685 3.587693
v -8.371389 3.118685 -0.003146
v -8.081464 3.118685 -0.003146
v -8.378044 3.118685 3.587693
v -8.371389 3.118685 -0.003146
v -8.371388 3.118685 3.587693
v -8.378045 3.118685 -0.009901
v -8.371389 3.118685 -0.009901
v -8.371389 3.118685 -0.003146
v -8.378044 3.118685 3.587693
v -8.378045 3.118685 -0.003146
v -8.371389 3.118685 -0.003146
v -8.378045 3.118685 -0.009901
v -8.371389 3.118685 -0.003146
v -8.378045 3.118685 -0.003146
v -8.081465 2.941726 -0.009901
v -8.075282 2.941726 -0.003146
v -8.075282 2.941726 -0.009901
v -8.081465 2.941726 -0.009901
v -8.081465 2.941726 -0.003146
v -8.075282 2.941726 -0.003146
v -8.371389 2.941726 -0.009899
v -8.081465 2.941726 -0.003146
v -8.081465 2.941726 -0.009901
v -8.081464 2.941726 3.587693
v -8.075282 2.941726 -0.003146
v -8.081465 2.941726 -0.003146
v -8.081464 2.941726 3.587693
v -8.075282 2.941726 3.587693
v -8.075282 2.941726 -0.003146
v -8.075282 2.941726 3.593810
v -8.075282 2.941726 3.587693
v -8.081464 2.941726 3.587693
v -8.075282 2.941726 3.593810
v -8.081464 2.941726 3.587693
v -8.081464 2.941726 3.593810
v -8.081464 2.941726 3.593810
v -8.081464 2.941726 3.587693
v -8.371388 2.941726 3.587694
v -8.371388 2.941726 3.587694
v -8.081464 2.941726 3.587693
v -8.081465 2.941726 -0.003146
v -8.081464 2.941726 3.593810
v -8.371388 2.941726 3.587694
v -8.371388 2.941726 3.593811
v -8.378044 2.941726 3.593811
v -8.371388 2.941726 3.593811
v -8.371388 2.941726 3.587694
v -8.378044 2.941726 3.593811
v -8.371388 2.941726 3.587694
v -8.378044 2.941726 3.587694
v -8.371389 2.941726 -0.009899
v -8.371389 2.941726 -0.003146
v -8.081465 2.941726 -0.003146
v -8.371388 2.941726 3.587694
v -8.081465 2.941726 -0.003146
v -8.371389 2.941726 -0.003146
v -8.378044 2.941726 3.587694
v -8.371388 2.941726 3.587694
v -8.371389 2.941726 -0.003146
v -8.378045 2.941726 -0.009900
v -8.371389 2.941726 -0.003146
v -8.371389 2.941726 -0.009899
v -8.378044 2.941726 3.587694
v -8.371389 2.941726 -0.003146
v -8.378045 2.941726 -0.003146
v -8.378045 2.941726 -0.009900
v -8.378045 2.941726 -0.003146
v -8.371389 2.941726 -0.003146
v -8.081464 3.118685 -0.009901
v -8.075282 3.098740 -0.009901
v -8.075282 3.118685 -0.009901
v -8.081464 3.118685 -0.009901
v -8.081464 3.098740 -0.009901
v -8.075282 3.098740 -0.009901
v -8.371389 3.118685 -0.009901
v -8.081464 3.098740 -0.009901
v -8.081464 3.118685 -0.009901
v -8.075282 2.956028 -0.009901
v -8.075282 3.098740 -0.009901
v -8.081464 3.098740 -0.009901
v -8.371389 3.118685 -0.009901
v -8.371389 3.098740 -0.009901
v -8.081464 3.098740 -0.009901
v -8.378045 3.118685 -0.009901
v -8.371389 3.098740 -0.009901
v -8.371389 3.118685 -0.009901
v -8.378045 3.118685 -0.009901
v -8.378045 3.098740 -0.009900
v -8.371389 3.098740 -0.009901
v -8.378045 2.956028 -0.009900
v -8.371389 3.098740 -0.009901
v -8.378045 3.098740 -0.009900
v -8.075282 2.956028 -0.009901
v -8.081464 3.098740 -0.009901
v -8.081465 2.956028 -0.009901
v -8.081465 2.956028 -0.009901
v -8.081464 3.098740 -0.009901
v -8.371389 3.098740 -0.009901
v -8.075282 2.941726 -0.009901
v -8.075282 2.956028 -0.009901
v -8.081465 2.956028 -0.009901
v -8.075282 2.941726 -0.009901
v -8.081465 2.956028 -0.009901
v -8.081465 2.941726 -0.009901
v -8.378045 2.956028 -0.009900
v -8.371388 2.956028 -0.009899
v -8.371389 3.098740 -0.009901
v -8.081465 2.956028 -0.009901
v -8.371389 3.098740 -0.009901
v -8.371388 2.956028 -0.009899
v -8.081465 2.941726 -0.009901
v -8.081465 2.956028 -0.009901
v -8.371388 2.956028 -0.009899
v -8.378045 2.941726 -0.009900
v -8.371388 2.956028 -0.009899
v -8.378045 2.956028 -0.009900
v -8.081465 2.941726 -0.009901
v -8.371388 2.956028 -0.009899
v -8.371389 2.941726 -0.009899
v -8.378045 2.941726 -0.009900
v -8.371389 2.941726 -0.009899
v -8.371388 2.956028 -0.009899
v -8.378045 3.118685 -0.003146
v -8.378045 3.098740 -0.009900
v -8.378045 3.118685 -0.009901
v -8.378045 3.118685 -0.003146
v -8.378045 3.098740 -0.003146
v -8.378045 3.098740 -0.009900
v -8.378044 3.118685 3.587693
v -8.378045 3.098740 -0.003146
v -8.378045 3.118685 -0.003146
v -8.378045 2.956028 -0.009900
v -8.378045 3.098740 -0.009900
v -8.378045 3.098740 -0.003146
v -8.378044 3.118685 3.587693
v -8.378044 3.098740 3.587692
v -8.378045 3.098740 -0.003146
v -8.378044 3.118684 3.593810
v -8.378044 3.098740 3.587692
v -8.378044 3.118685 3.587693
v -8.378044 3.118684 3.593810
v -8.378044 3.098740 3.593809
v -8.378044 3.098740 3.587692
v -8.378044 2.956028 3.593811
v -8.378044 3.098740 3.587692
v -8.378044 3.098740 3.593809
v -8.378044 2.956028 3.593811
v -8.378044 2.956028 3.587694
v -8.378044 3.098740 3.587692
v -8.378044 2.956028 3.587694
v -8.378045 3.098740 -0.003146
v -8.378044 3.098740 3.587692
v -8.378044 2.941726 3.593811
v -8.378044 2.956028 3.587694
v -8.378044 2.956028 3.593811
v -8.378044 2.941726 3.593811
v -8.378044 2.941726 3.587694
v -8.378044 2.956028 3.587694
v -8.378045 2.956028 -0.009900
v -8.378045 3.098740 -0.003146
v -8.378045 2.956028 -0.003146
v -8.378044 2.956028 3.587694
v -8.378045 2.956028 -0.003146
v -8.378045 3.098740 -0.003146
v -8.378044 2.941726 3.587694
v -8.378045 2.956028 -0.003146
v -8.378044 2.956028 3.587694
v -8.378045 2.941726 -0.009900
v -8.378045 2.956028 -0.009900
v -8.378045 2.956028 -0.003146
v -8.378044 2.941726 3.587694
v -8.378045 2.941726 -0.003146
v -8.378045 2.956028 -0.003146
v -8.378045 2.941726 -0.009900
v -8.378045 2.956028 -0.003146
v -8.378045 2.941726 -0.003146
v -8.371388 3.118684 3.593810
v -8.378044 3.098740 3.593809
v -8.378044 3.118684 3.593810
v -8.371388 3.118684 3.593810
v -8.371388 3.098740 3.593809
v -8.378044 3.098740 3.593809
v -8.081464 3.118684 3.593811
v -8.371388 3.098740 3.593809
v -8.371388 3.118684 3.593810
v -8.378044 2.956028 3.593811
v -8.378044 3.098740 3.593809
v -8.371388 3.098740 3.593809
v -8.081464 3.118684 3.593811
v -8.081464 3.098740 3.593810
v -8.371388 3.098740 3.593809
v -8.075282 3.118684 3.593811
v -8.081464 3.098740 3.593810
v -8.081464 3.118684 3.593811
v -8.075282 3.118684 3.593811
v -8.075282 3.098740 3.593810
v -8.081464 3.098740 3.593810
v -8.075282 2.956028 3.593809
v -8.081464 3.098740 3.593810
v -8.075282 3.098740 3.593810
v -8.378044 2.956028 3.593811
v -8.371388 3.098740 3.593809
v -8.371388 2.956028 3.593811
v -8.371388 2.956028 3.593811
v -8.371388 3.098740 3.593809
v -8.081464 3.098740 3.593810
v -8.378044 2.941726 3.593811
v -8.378044 2.956028 3.593811
v -8.371388 2.956028 3.593811
v -8.378044 2.941726 3.593811
v -8.371388 2.956028 3.593811
v -8.371388 2.941726 3.593811
v -8.075282 2.956028 3.593809
v -8.081464 2.956028 3.593809
v -8.081464 3.098740 3.593810
v -8.371388 2.956028 3.593811
v -8.081464 3.098740 3.593810
v -8.081464 2.956028 3.593809
v -8.371388 2.941726 3.593811
v -8.371388 2.956028 3.593811
v -8.081464 2.956028 3.593809
v -8.075282 2.941726 3.593810
v -8.081464 2.956028 3.593809
v -8.075282 2.956028 3.593809
v -8.371388 2.941726 3.593811
v -8.081464 2.956028 3.593809
v -8.081464 2.941726 3.593810
v -8.075282 2.941726 3.593810
v -8.081464 2.941726 3.593810
v -8.081464 2.956028 3.593809
v -8.075282 3.118685 3.587694
v -8.075282 3.098740 3.593810
v -8.075282 3.118684 3.593811
v -8.075282 3.118685 3.587694
v -8.075282 3.098740 3.587693
v -8.075282 3.098740 3.593810
v -8.075282 3.118685 -0.003146
v -8.075282 3.098740 3.587693
v -8.075282 3.118685 3.587694
v -8.075282 2.956028 3.587692
v -8.075282 3.098740 3.593810
v -8.075282 3.098740 3.587693
v -8.075282 2.956028 3.587692
v -8.075282 2.956028 3.593809
v -8.075282 3.098740 3.593810
v -8.075282 3.118685 -0.003146
v -8.075282 3.098740 -0.003146
v -8.075282 3.098740 3.587693
v -8.075282 2.956028 3.587692
v -8.075282 3.098740 3.587693
v -8.075282 3.098740 -0.003146
v -8.075282 3.118685 -0.009901
v -8.075282 3.098740 -0.003146
v -8.075282 3.118685 -0.003146
v -8.075282 3.118685 -0.009901
v -8.075282 3.098740 -0.009901
v -8.075282 3.098740 -0.003146
v -8.075282 2.956028 -0.009901
v -8.075282 3.098740 -0.003146
v -8.075282 3.098740 -0.009901
v -8.075282 2.956028 -0.009901
v -8.075282 2.956028 -0.003146
v -8.075282 3.098740 -0.003146
v -8.075282 2.956028 3.587692
v -8.075282 3.098740 -0.003146
v -8.075282 2.956028 -0.003146
v -8.075282 2.941726 -0.009901
v -8.075282 2.956028 -0.003146
v -8.075282 2.956028 -0.009901
v -8.075282 2.941726 -0.009901
v -8.075282 2.941726 -0.003146
v -8.075282 2.956028 -0.003146
v -8.075282 2.941726 3.587693
v -8.075282 2.956028 -0.003146
v -8.075282 2.941726 -0.003146
v -8.075282 2.941726 3.587693
v -8.075282 2.956028 3.587692
v -8.075282 2.956028 -0.003146
v -8.075282 2.941726 3.587693
v -8.075282 2.956028 3.593809
v -8.075282 2.956028 3.587692
v -8.075282 2.941726 3.587693
v -8.075282 2.941726 3.593810
v -8.075282 2.956028 3.593809
v -8.161563 5.841906 0.039164
v -7.975387 6.028080 0.039164
v -7.975387 6.028080 1.766196
v -8.161563 5.841906 0.039164
v -7.975387 6.028080 1.766196
v -8.161563 5.841906 1.766196
v -8.229708 5.587586 0.039164
v -8.161563 5.841906 0.039164
v -8.161563 5.841906 1.766196
v -8.161563 5.841906 1.766196
v -7.975387 6.028080 1.766196
v -7.975387 6.028080 3.493227
v -8.229708 5.587586 0.039164
v -8.161563 5.841906 1.766196
v -8.229708 5.587586 1.766196
v -8.161563 5.841906 1.766196
v -7.975387 6.028080 3.493227
v -8.161563 5.841906 3.493227
v -8.229708 5.587586 1.766196
v -8.161563 5.841906 1.766196
v -8.161563 5.841906 3.493227
v -8.161563 5.841906 3.493227
v -7.975387 6.028080 3.493227
v -7.975387 6.028080 5.220257
v -8.229708 5.587586 1.766196
v -8.161563 5.841906 3.493227
v -8.229708 5.587586 3.493227
v -8.161563 5.841906 3.493227
v -7.975387 6.028080 5.220257
v -8.161562 5.841906 5.220258
v -8.229708 5.587586 3.493227
v -8.161563 5.841906 3.493227
v -8.161562 5.841906 5.220258
v -8.161562 5.841906 5.220258
v -7.975387 6.028080 5.220257
v -7.975386 6.028080 6.947289
v -8.229708 5.587586 3.493227
v -8.161562 5.841906 5.220258
v -8.229707 5.587586 5.220258
v -8.161562 5.841906 5.220258
v -7.975386 6.028080 6.947289
v -8.161562 5.841905 6.947289
v -8.229707 5.587586 5.220258
v -8.161562 5.841906 5.220258
v -8.161562 5.841905 6.947289
v -8.161562 5.841905 6.947289
v -7.975386 6.028080 6.947289
v -7.975386 6.028080 8.674320
v -8.229707 5.587586 5.220258
v -8.161562 5.841905 6.947289
v -8.229707 5.587585 6.947289
v -8.161562 5.841905 6.947289
v -7.975386 6.028080 8.674320
v -8.161562 5.841905 8.674320
v -8.229707 5.587585 6.947289
v -8.161562 5.841905 6.947289
v -8.161562 5.841905 8.674320
v -8.229707 5.587585 6.947289
v -8.161562 5.841905 8.674320
v -8.229707 5.587585 8.674320
v -7.975387 6.028080 0.039164
v -7.721068 6.096225 0.039162
v -7.721068 6.096225 1.766196
v -7.975387 6.028080 0.039164
v -7.721068 6.096225 1.766196
v -7.975387 6.028080 1.766196
v -7.975387 6.028080 1.766196
v -7.721068 6.096225 1.766196
v -7.721068 6.096225 3.493226
v -7.721068 6.096225 0.039162
v -7.466749 6.028080 0.039164
v -7.466749 6.028080 1.766196
v -7.721068 6.096225 0.039162
v -7.466749 6.028080 1.766196
v -7.721068 6.096225 1.766196
v -7.721068 6.096225 1.766196
v -7.466749 6.028080 1.766196
v -7.466748 6.028080 3.493226
v -7.721068 6.096225 1.766196
v -7.466748 6.028080 3.493226
v -7.721068 6.096225 3.493226
v -7.721068 6.096225 3.493226
v -7.466748 6.028080 3.493226
v -7.466748 6.028080 5.220257
v -7.721068 6.096225 3.493226
v -7.466748 6.028080 5.220257
v -7.721068 6.096225 5.220258
v -7.721068 6.096225 5.220258
v -7.466748 6.028080 5.220257
v -7.466748 6.028080 6.947289
v -7.975387 6.028080 3.493227
v -7.721068 6.096225 3.493226
v -7.721068 6.096225 5.220258
v -7.975387 6.028080 1.766196
v -7.721068 6.096225 3.493226
v -7.975387 6.028080 3.493227
v -7.975387 6.028080 3.493227
v -7.721068 6.096225 5.220258
v -7.975387 6.028080 5.220257
v -7.975387 6.028080 5.220257
v -7.721068 6.096225 5.220258
v -7.721067 6.096225 6.947289
v -7.721068 6.096225 5.220258
v -7.466748 6.028080 6.947289
v -7.721067 6.096225 6.947289
v -7.721067 6.096225 6.947289
v -7.466748 6.028080 6.947289
v -7.466748 6.028080 8.674320
v -7.721067 6.096225 6.947289
v -7.466748 6.028080 8.674320
v -7.721067 6.096225 8.674320
v -7.466749 6.028080 0.039164
v -7.280573 5.841906 0.039164
v -7.280573 5.841905 1.766196
v -7.466749 6.028080 0.039164
v -7.280573 5.841905 1.766196
v -7.466749 6.028080 1.766196
v -7.466749 6.028080 1.766196
v -7.280573 5.841905 1.766196
v -7.280573 5.841906 3.493226
v -7.280573 5.841905 1.766196
v -7.212429 5.587586 3.493226
v -7.280573 5.841906 3.493226
v -7.466749 6.028080 1.766196
v -7.280573 5.841906 3.493226
v -7.466748 6.028080 3.493226
v -7.280573 5.841906 3.493226
v -7.212429 5.587586 3.493226
v -7.212429 5.587585 5.220258
v -7.466748 6.028080 3.493226
v -7.280573 5.841906 3.493226
v -7.280573 5.841905 5.220258
v -7.280573 5.841906 3.493226
v -7.212429 5.587585 5.220258
v -7.280573 5.841905 5.220258
v -7.466748 6.028080 3.493226
v -7.280573 5.841905 5.220258
v -7.466748 6.028080 5.220257
v -7.280573 5.841905 5.220258
v -7.212429 5.587585 5.220258
v -7.212428 5.587585 6.947289
v -7.466748 6.028080 5.220257
v -7.280573 5.841905 5.220258
v -7.280572 5.841905 6.947289
v -7.280573 5.841905 5.220258
v -7.212428 5.587585 6.947289
v -7.280572 5.841905 6.947289
v -7.280572 5.841905 6.947289
v -7.212428 5.587585 6.947289
v -7.212428 5.587585 8.674320
v -7.466748 6.028080 5.220257
v -7.280572 5.841905 6.947289
v -7.466748 6.028080 6.947289
v -7.280572 5.841905 6.947289
v -7.212428 5.587585 8.674320
v -7.280572 5.841905 8.674320
v -7.466748 6.028080 6.947289
v -7.280572 5.841905 6.947289
v -7.280572 5.841905 8.674320
v -7.466748 6.028080 6.947289
v -7.280572 5.841905 8.674320
v -7.466748 6.028080 8.674320
v -7.280574 5.333266 0.039164
v -7.466748 5.147091 0.039164
v -7.466748 5.147091 1.766196
v -7.280574 5.333266 0.039164
v -7.466748 5.147091 1.766196
v -7.280574 5.333266 1.766196
v -7.212429 5.587586 0.039164
v -7.280574 5.333266 0.039164
v -7.280574 5.333266 1.766196
v -7.280574 5.333266 1.766196
v -7.466748 5.147091 1.766196
v -7.466748 5.147091 3.493227
v -7.212429 5.587586 0.039164
v -7.280574 5.333266 1.766196
v -7.212429 5.587585 1.766196
v -7.280573 5.841906 0.039164
v -7.212429 5.587586 0.039164
v -7.212429 5.587585 1.766196
v -7.280573 5.841906 0.039164
v -7.212429 5.587585 1.766196
v -7.280573 5.841905 1.766196
v -7.280573 5.841905 1.766196
v -7.212429 5.587585 1.766196
v -7.212429 5.587586 3.493226
v -7.280574 5.333266 1.766196
v -7.466748 5.147091 3.493227
v -7.280573 5.333266 3.493227
v -7.212429 5.587585 1.766196
v -7.280574 5.333266 1.766196
v -7.280573 5.333266 3.493227
v -7.212429 5.587585 1.766196
v -7.280573 5.333266 3.493227
v -7.212429 5.587586 3.493226
v -7.280573 5.333266 3.493227
v -7.466748 5.147091 3.493227
v -7.466748 5.147091 5.220258
v -7.212429 5.587586 3.493226
v -7.280573 5.333266 3.493227
v -7.280573 5.333266 5.220257
v -7.280573 5.333266 3.493227
v -7.466748 5.147091 5.220258
v -7.280573 5.333266 5.220257
v -7.212429 5.587586 3.493226
v -7.280573 5.333266 5.220257
v -7.212429 5.587585 5.220258
v -7.280573 5.333266 5.220257
v -7.466748 5.147091 5.220258
v -7.466747 5.147091 6.947289
v -7.212429 5.587585 5.220258
v -7.280573 5.333266 5.220257
v -7.280573 5.333265 6.947289
v -7.280573 5.333266 5.220257
v -7.466747 5.147091 6.947289
v -7.280573 5.333265 6.947289
v -7.280573 5.333265 6.947289
v -7.466747 5.147091 6.947289
v -7.466747 5.147091 8.674320
v -7.212429 5.587585 5.220258
v -7.280573 5.333265 6.947289
v -7.212428 5.587585 6.947289
v -7.280573 5.333265 6.947289
v -7.466747 5.147091 8.674320
v -7.280573 5.333265 8.674320
v -7.212428 5.587585 6.947289
v -7.280573 5.333265 6.947289
v -7.280573 5.333265 8.674320
v -7.212428 5.587585 6.947289
v -7.280573 5.333265 8.674320
v -7.212428 5.587585 8.674320
v -7.466748 5.147091 0.039164
v -7.721069 5.078947 0.039164
v -7.721069 5.078947 1.766196
v -7.466748 5.147091 0.039164
v -7.721069 5.078947 1.766196
v -7.466748 5.147091 1.766196
v -7.466748 5.147091 1.766196
v -7.721069 5.078947 1.766196
v -7.721068 5.078947 3.493226
v -7.466748 5.147091 1.766196
v -7.721068 5.078947 3.493226
v -7.466748 5.147091 3.493227
v -7.466748 5.147091 3.493227
v -7.721068 5.078947 3.493226
v -7.721068 5.078946 5.220257
v -7.466748 5.147091 3.493227
v -7.721068 5.078946 5.220257
v -7.466748 5.147091 5.220258
v -7.466748 5.147091 5.220258
v -7.721068 5.078946 5.220257
v -7.721068 5.078946 6.947289
v -7.466748 5.147091 5.220258
v -7.721068 5.078946 6.947289
v -7.466747 5.147091 6.947289
v -7.466747 5.147091 6.947289
v -7.721068 5.078946 6.947289
v -7.721068 5.078946 8.674320
v -7.466747 5.147091 6.947289
v -7.721068 5.078946 8.674320
v -7.466747 5.147091 8.674320
v -7.721069 5.078947 0.039164
v -7.975388 5.147091 0.039164
v -7.975388 5.147091 1.766196
v -7.721069 5.078947 0.039164
v -7.975388 5.147091 1.766196
v -7.721069 5.078947 1.766196
v -7.721069 5.078947 1.766196
v -7.975388 5.147091 1.766196
v -7.975387 5.147091 3.493227
v -7.721069 5.078947 1.766196
v -7.975387 5.147091 3.493227
v -7.721068 5.078947 3.493226
v -7.721068 5.078947 3.493226
v -7.975387 5.147091 3.493227
v -7.975387 5.147091 5.220258
v -7.721068 5.078947 3.493226
v -7.975387 5.147091 5.220258
v -7.721068 5.078946 5.220257
v -7.721068 5.078946 5.220257
v -7.975387 5.147091 5.220258
v -7.975387 5.147091 6.947289
v -7.721068 5.078946 5.220257
v -7.975387 5.147091 6.947289
v -7.721068 5.078946 6.947289
v -7.721068 5.078946 6.947289
v -7.975387 5.147091 6.947289
v -7.975387 5.147091 8.674320
v -7.721068 5.078946 6.947289
v -7.975387 5.147091 8.674320
v -7.721068 5.078946 8.674320
v -8.161563 5.333266 0.039164
v -8.229708 5.587586 0.039164
v -8.229708 5.587586 1.766196
v -8.161563 5.333266 0.039164
v -8.229708 5.587586 1.766196
v -8.161563 5.333266 1.766196
v -7.975388 5.147091 0.039164
v -8.161563 5.333266 0.039164
v -8.161563 5.333266 1.766196
v -8.161563 5.333266 1.766196
v -8.229708 5.587586 1.766196
v -8.229708 5.587586 3.493227
v -7.975388 5.147091 0.039164
v -8.161563 5.333266 1.766196
v -7.975388 5.147091 1.766196
v -8.161563 5.333266 1.766196
v -8.229708 5.587586 3.493227
v -8.161563 5.333266 3.493227
v -7.975388 5.147091 1.766196
v -8.161563 5.333266 1.766196
v -8.161563 5.333266 3.493227
v -8.161563 5.333266 3.493227
v -8.229708 5.587586 3.493227
v -8.229707 5.587586 5.220258
v -7.975388 5.147091 1.766196
v -8.161563 5.333266 3.493227
v -7.975387 5.147091 3.493227
v -8.161563 5.333266 3.493227
v -8.229707 5.587586 5.220258
v -8.161562 5.333266 5.220257
v -7.975387 5.147091 3.493227
v -8.161563 5.333266 3.493227
v -8.161562 5.333266 5.220257
v -8.161562 5.333266 5.220257
v -8.229707 5.587586 5.220258
v -8.229707 5.587585 6.947289
v -7.975387 5.147091 3.493227
v -8.161562 5.333266 5.220257
v -7.975387 5.147091 5.220258
v -8.161562 5.333266 5.220257
v -8.229707 5.587585 6.947289
v -8.161562 5.333266 6.947289
v -7.975387 5.147091 5.220258
v -8.161562 5.333266 5.220257
v -8.161562 5.333266 6.947289
v -8.161562 5.333266 6.947289
v -8.229707 5.587585 6.947289
v -8.229707 5.587585 8.674320
v -7.975387 5.147091 5.220258
v -8.161562 5.333266 6.947289
v -7.975387 5.147091 6.947289
v -8.161562 5.333266 6.947289
v -8.229707 5.587585 8.674320
v -8.161562 5.333266 8.674320
v -7.975387 5.147091 6.947289
v -8.161562 5.333266 6.947289
v -8.161562 5.333266 8.674320
v -7.975387 5.147091 6.947289
v -8.161562 5.333266 8.674320
v -7.975387 5.147091 8.674320
v -7.975387 6.028080 5.220257
v -7.721067 6.096225 6.947289
v -7.975386 6.028080 6.947289
v -7.975386 6.028080 6.947289
v -7.721067 6.096225 6.947289
v -7.721067 6.096225 8.674320
v -7.975386 6.028080 6.947289
v -7.721067 6.096225 8.674320
v -7.975386 6.028080 8.674320
v -7.721068 5.587586 0.039164
v -7.466749 6.028080 0.039164
v -7.721068 6.096225 0.039162
v -7.721068 5.587586 0.039164
v -7.721068 6.096225 0.039162
v -7.975387 6.028080 0.039164
v -7.721068 5.587586 0.039164
v -7.280573 5.841906 0.039164
v -7.466749 6.028080 0.039164
v -7.721068 5.587586 0.039164
v -7.975387 6.028080 0.039164
v -8.161563 5.841906 0.039164
v -7.721068 5.587586 0.039164
v -7.212429 5.587586 0.039164
v -7.280573 5.841906 0.039164
v -7.721068 5.587586 0.039164
v -8.161563 5.841906 0.039164
v -8.229708 5.587586 0.039164
v -7.721068 5.587586 0.039164
v -7.280574 5.333266 0.039164
v -7.212429 5.587586 0.039164
v -7.721068 5.587586 0.039164
v -8.229708 5.587586 0.039164
v -8.161563 5.333266 0.039164
v -7.721068 5.587586 0.039164
v -7.466748 5.147091 0.039164
v -7.280574 5.333266 0.039164
v -7.721068 5.587586 0.039164
v -8.161563 5.333266 0.039164
v -7.975388 5.147091 0.039164
v -7.721068 5.587586 0.039164
v -7.721069 5.078947 0.039164
v -7.466748 5.147091 0.039164
v -7.721068 5.587586 0.039164
v -7.975388 5.147091 0.039164
v -7.721069 5.078947 0.039164
v -7.721067 5.587585 8.674320
v -7.721067 6.096225 8.674320
v -7.466748 6.028080 8.674320
v -7.721067 5.587585 8.674320
v -7.975386 6.028080 8.674320
v -7.721067 6.096225 8.674320
v -7.721067 5.587585 8.674320
v -7.466748 6.028080 8.674320
v -7.280572 5.841905 8.674320
v -7.721067 5.587585 8.674320
v -8.161562 5.841905 8.674320
v -7.975386 6.028080 8.674320
v -7.721067 5.587585 8.674320
v -7.280572 5.841905 8.674320
v -7.212428 5.587585 8.674320
v -7.721067 5.587585 8.674320
v -8.229707 5.587585 8.674320
v -8.161562 5.841905 8.674320
v -7.721067 5.587585 8.674320
v -7.212428 5.587585 8.674320
v -7.280573 5.333265 8.674320
v -7.721067 5.587585 8.674320
v -8.161562 5.333266 8.674320
v -8.229707 5.587585 8.674320
v -7.721067 5.587585 8.674320
v -7.280573 5.333265 8.674320
v -7.466747 5.147091 8.674320
v -7.721067 5.587585 8.674320
v -7.975387 5.147091 8.674320
v -8.161562 5.333266 8.674320
v -7.721067 5.587585 8.674320
v -7.466747 5.147091 8.674320
v -7.721068 5.078946 8.674320
v -7.721067 5.587585 8.674320
v -7.721068 5.078946 8.674320
v -7.975387 5.147091 8.674320
vn 0.7070 0.4708 0.5278
vn 0.5774 -0.5774 -0.5773
vn 0.7070 0.4707 0.5278
vn 0.7070 -0.5278 0.4707
vn 0.7070 0.5277 -0.4707
vn 1.0000 -0.0000 -0.0000
vn 0.7071 0.7071 0.0014
vn 0.7071 -0.0001 -0.7072
vn 0.7070 0.0726 0.7035
vn 0.7070 -0.7072 -0.0000
vn 0.7071 -0.0015 0.7072
vn 0.5773 -0.0862 0.8120
vn 0.7071 -0.0001 -0.7071
vn 1.0000 -0.0000 0.0001
vn 0.5774 -0.8119 -0.0863
vn 0.7071 0.7071 -0.0000
vn 0.7071 0.0657 -0.7041
vn 0.7071 -0.7071 0.0001
vn 0.7070 0.7041 0.0658
vn 0.5774 0.8133 -0.0724
vn 0.5771 0.0724 0.8134
vn 1.0000 -0.0000 0.0002
vn 0.7072 -0.0000 -0.7070
vn 0.7070 0.7035 -0.0726
vn 0.7071 0.0015 0.7072
vn 0.5774 0.8158 0.0326
vn 0.7070 -0.7072 -0.0001
vn 0.7071 -0.7072 0.0014
vn 0.7070 -0.0000 -0.7072
vn 0.5774 0.0324 -0.8159
vn 0.7070 0.0002 0.7072
vn -0.7071 0.4707 0.5277
vn -0.5774 -0.5773 -0.5774
vn -0.7071 0.5278 -0.4706
vn -0.7071 -0.5278 0.4707
vn -1.0000 -0.0000 -0.0000
vn -0.7071 0.0725 0.7034
vn -0.7071 -0.7072 -0.0000
vn -0.7071 -0.0015 -0.7072
vn -0.7071 0.7072 -0.0015
vn -0.7070 -0.0000 0.7072
vn -0.5774 -0.0863 0.8119
vn -1.0000 -0.0000 -0.0001
vn -0.7069 -0.0000 -0.7073
vn -0.5773 -0.8119 -0.0864
vn -0.7070 0.7072 0.0001
vn -0.7070 -0.7042 0.0657
vn -0.7070 -0.0658 -0.7042
vn -0.7070 0.7072 -0.0000
vn -0.5773 0.8133 -0.0726
vn -0.7070 -0.7072 -0.0001
vn -0.5774 0.0725 0.8132
vn -0.7070 0.7035 -0.0723
vn -0.7070 0.0014 0.7072
vn -0.5774 0.8159 0.0324
vn -0.7071 -0.7072 0.0014
vn -0.7071 0.0001 -0.7072
vn -0.5774 0.0324 -0.8159
vn -0.7071 -0.0000 0.7072
vn -0.2572 0.6588 -0.7070
vn 0.5773 -0.5774 -0.5774
vn -0.2572 0.6587 -0.7071
vn 0.6588 0.2572 -0.7070
vn -0.6587 -0.2572 -0.7071
vn -0.0000 -0.0000 -1.0000
vn -0.6781 0.2008 -0.7070
vn 0.0001 -0.7072 -0.7070
vn -0.0138 0.7070 -0.7071
vn 0.7072 -0.0000 -0.7071
vn 0.2008 0.6781 -0.7070
vn 0.3365 0.7441 -0.5772
vn 0.0001 -0.7070 -0.7072
vn -0.0000 0.0002 -1.0000
vn 0.7439 -0.3365 -0.5774
vn -0.7072 0.0001 -0.7071
vn -0.0133 -0.7069 -0.7072
vn 0.7072 0.0002 -0.7071
vn -0.7070 -0.0137 -0.7071
vn -0.7831 0.2311 -0.5774
vn -0.2310 -0.7831 -0.5774
vn -0.0000 0.7072 -0.7071
vn -0.7071 0.0133 -0.7070
vn -0.1469 -0.6917 -0.7071
vn -0.7797 -0.2423 -0.5774
vn 0.7072 0.0001 -0.7070
vn 0.6917 -0.1469 -0.7071
vn -0.2423 0.7797 -0.5774
vn -0.0000 -0.7072 -0.7071
vn -0.2326 0.7070 0.6679
vn 0.5773 0.5774 -0.5774
vn -0.2325 0.7070 0.6679
vn 0.6679 0.7070 0.2325
vn -0.6678 0.7070 -0.2326
vn -0.0000 1.0000 -0.0000
vn -0.7072 0.7070 0.0037
vn 0.0001 0.7070 -0.7072
vn -0.0122 0.7070 0.7071
vn 0.7072 0.7070 -0.0000
vn 0.0040 0.7070 0.7072
vn 0.3769 0.5774 0.7243
vn 0.7243 0.5774 -0.3769
vn -0.7072 0.7071 -0.0000
vn -0.0111 0.7071 -0.7071
vn 0.7072 0.7071 0.0001
vn -0.7071 0.7071 0.0111
vn -0.7610 0.5774 -0.2960
vn -0.2961 0.5774 0.7609
vn -0.0000 0.7071 -0.7072
vn -0.7071 0.7070 -0.0122
vn -0.0027 0.7071 0.7072
vn -0.7715 0.5774 0.2673
vn 0.7072 0.7071 0.0026
vn -0.0000 0.7070 -0.7072
vn -0.2672 0.5774 -0.7715
vn -0.0001 0.7070 0.7072
vn -0.2495 -0.6617 0.7071
vn 0.5774 0.5773 0.5773
vn -0.2495 -0.6617 0.7070
vn 0.6616 -0.2495 0.7071
vn -0.6617 0.2495 0.7070
vn -0.0000 -0.0000 1.0000
vn -0.6781 -0.2008 0.7071
vn 0.0001 0.7072 0.7071
vn -0.0134 -0.7070 0.7071
vn 0.7072 -0.0000 0.7070
vn 0.2008 -0.6781 0.7071
vn 0.3279 -0.7478 0.5774
vn 0.7478 0.3279 0.5774
vn -0.7072 -0.0000 0.7070
vn -0.0138 0.7070 0.7071
vn 0.7072 -0.0001 0.7070
vn -0.7070 0.0133 0.7071
vn -0.0000 -0.0001 1.0000
vn -0.7798 -0.2422 0.5773
vn 0.7072 -0.0001 0.7071
vn -0.2422 0.7797 0.5774
vn -0.0001 -0.7073 0.7070
vn -0.7070 -0.0138 0.7071
vn -0.1469 0.6918 0.7070
vn -0.7832 0.2309 0.5774
vn 0.7072 -0.0000 0.7071
vn 0.6918 0.1469 0.7070
vn -0.0000 -0.7072 0.7070
vn -0.2309 -0.7832 0.5774
vn -0.0000 0.7072 0.7070
vn -0.2126 -0.7070 -0.6745
vn 0.5773 -0.5774 0.5774
vn -0.2128 -0.7071 -0.6744
vn 0.6744 -0.7070 -0.2127
vn -0.6744 -0.7071 0.2128
vn -0.0000 -1.0000 -0.0000
vn -0.7071 -0.7071 -0.0037
vn 0.0001 -0.7070 0.7072
vn 0.7071 -0.7071 0.0111
vn 0.0111 -0.7071 -0.7071
vn -0.7072 -0.7071 -0.0000
vn 0.0038 -0.7071 -0.7071
vn 0.3554 -0.5774 -0.7351
vn -0.0000 -0.7071 0.7072
vn 0.7350 -0.5774 0.3555
vn -0.7072 -0.7070 -0.0000
vn -0.0122 -0.7070 0.7071
vn 0.7072 -0.7070 -0.0001
vn -0.7071 -0.7070 -0.0126
vn -0.7715 -0.5774 0.2672
vn 0.7072 -0.7070 -0.0000
vn -0.2671 -0.5774 -0.7716
vn -0.0000 -0.7070 0.7072
vn 0.7072 -0.7071 0.0027
vn -0.0001 -0.7070 -0.7072
vn -0.0027 -0.7071 0.7072
vn -0.6473 -0.7071 -0.2847
vn 0.6473 -0.7071 0.2847
vn 0.2848 -0.7071 -0.6473
vn 0.2847 -0.7071 -0.6473
vn -0.5773 -0.5774 0.5774
vn 0.7070 0.6261 0.3289
vn 0.5774 -0.5772 -0.5775
vn 0.7070 -0.3288 0.6261
vn 0.7070 0.3288 -0.6261
vn 0.7071 0.7072 0.0007
vn 0.7070 0.0001 -0.7072
vn 0.7070 0.0079 0.7071
vn 0.7070 0.7071 -0.0079
vn 0.5774 0.8101 0.1022
vn 0.5774 0.1021 -0.8101
vn 0.7070 0.0001 0.7072
vn 0.7071 -0.7072 0.0017
vn 0.7071 0.0017 0.7072
vn 0.5774 0.1403 0.8043
vn 0.7071 -0.0000 -0.7072
vn 0.5775 0.8043 -0.1402
vn 1.0000 -0.0001 0.0001
vn 0.7070 0.7071 0.0072
vn 0.7072 0.0071 -0.7070
vn 0.7070 -0.7072 0.0002
vn 0.5773 -0.7890 0.2101
vn 0.7070 0.7072 -0.0000
vn 0.5773 0.2099 0.7891
vn 0.7071 -0.0007 0.7072
vn -0.7071 0.6260 0.3289
vn -0.7070 0.6261 0.3289
vn -0.7071 0.3289 -0.6260
vn -0.7070 -0.3291 0.6260
vn -0.7071 -0.0007 -0.7072
vn -0.7071 0.0079 0.7071
vn -0.7071 0.7071 -0.0079
vn -0.5774 0.8101 0.1021
vn -0.5774 0.1021 -0.8101
vn -0.7070 -0.7072 0.0017
vn -0.7070 0.0016 0.7072
vn -0.5773 0.1405 0.8043
vn -0.7070 -0.0001 -0.7072
vn -0.5773 0.8043 -0.1407
vn -1.0000 -0.0000 -0.0003
vn -0.7070 -0.7072 -0.0002
vn -0.7068 -0.0071 -0.7074
vn -0.7070 0.7073 -0.0001
vn -1.0000 -0.0000 -0.0002
vn -0.7071 -0.7071 0.0071
vn -0.5773 -0.7891 0.2097
vn -0.7071 0.7072 0.0001
vn -0.5774 0.2099 0.7890
vn -0.7070 -0.0000 -0.7072
vn -0.7070 0.7072 -0.0007
vn -0.7070 -0.0002 0.7072
vn -0.1273 0.6959 -0.7067
vn 0.5773 -0.5771 -0.5776
vn -0.1271 0.6959 -0.7068
vn 0.6957 0.1275 -0.7070
vn -0.6956 -0.1268 -0.7071
vn -0.0000 0.0004 -1.0000
vn -0.7068 0.0225 -0.7070
vn -0.0064 0.7074 -0.7068
vn 0.7072 0.0003 -0.7071
vn 0.0225 0.7068 -0.7070
vn 0.2904 0.7631 -0.5774
vn 0.7631 -0.2905 -0.5773
vn -0.7072 -0.0000 -0.7071
vn -0.0158 -0.7070 -0.7071
vn 0.7072 0.0001 -0.7071
vn -0.7072 -0.0061 -0.7070
vn -0.7021 0.4170 -0.5772
vn 0.7072 0.0003 -0.7070
vn -0.4167 -0.7019 -0.5776
vn -0.0000 0.7075 -0.7067
vn -0.7070 0.0159 -0.7071
vn -0.0162 -0.7070 -0.7070
vn -0.7957 -0.1830 -0.5774
vn 0.7070 -0.0162 -0.7070
vn -0.0000 0.7072 -0.7070
vn -0.1830 0.7957 -0.5774
vn -0.0000 -0.7072 -0.7070
vn 0.5774 0.5773 -0.5773
vn 0.6678 0.7071 0.2325
vn -0.6679 0.7070 -0.2326
vn -0.0001 1.0000 -0.0000
vn -0.7072 0.7070 0.0038
vn 0.0037 0.7070 0.7072
vn 0.3770 0.5773 0.7243
vn 0.7242 0.5774 -0.3769
vn -0.7073 0.7070 -0.0000
vn 0.7072 0.7070 0.0001
vn -0.7071 0.7071 0.0112
vn 0.0002 0.7071 -0.7072
vn -0.7716 0.5774 0.2672
vn -0.2896 -0.6452 0.7071
vn 0.5774 0.5773 0.5774
vn -0.2895 -0.6452 0.7070
vn 0.6451 -0.2896 0.7071
vn -0.6452 0.2895 0.7070
vn -0.7068 -0.0225 0.7071
vn -0.0000 0.7072 0.7071
vn -0.0158 -0.7070 0.7071
vn 0.0225 -0.7068 0.7071
vn 0.4641 -0.6716 0.5776
vn 0.0001 0.7074 0.7069
vn -0.0000 0.0003 1.0000
vn 0.6717 0.4642 0.5773
vn -0.0000 0.0001 1.0000
vn -0.7072 0.0001 0.7070
vn -0.0065 0.7073 0.7069
vn 0.7072 0.0002 0.7070
vn -0.0000 0.0002 1.0000
vn -0.7070 0.0159 0.7071
vn -0.7957 -0.1831 0.5773
vn -0.1830 0.7957 0.5773
vn -0.7071 -0.0067 0.7071
vn -0.0000 -0.0002 1.0000
vn -0.0162 0.7070 0.7070
vn -0.7021 0.4167 0.5774
vn 0.7071 -0.0001 0.7071
vn 0.7070 0.0162 0.7070
vn -0.0001 -0.7072 0.7070
vn -0.4168 -0.7022 0.5772
vn -0.0000 0.7071 0.7071
vn -0.6744 -0.7071 0.2126
vn -0.7072 -0.7071 -0.0001
vn 0.0040 -0.7071 -0.7071
vn 0.0001 -0.7071 0.7072
vn 0.7351 -0.5774 0.3555
vn 0.7072 -0.7070 0.0001
vn -0.7071 -0.7070 -0.0125
vn 0.7072 -0.7071 0.0026
vn 0.2846 -0.7071 -0.6473
vn 0.7070 0.5273 0.4712
vn 0.5774 -0.5773 -0.5774
vn 0.7070 0.5272 0.4713
vn 0.7070 -0.4712 0.5273
vn 0.7070 0.4713 -0.5273
vn 0.7071 0.7072 0.0011
vn 0.7070 -0.0001 -0.7072
vn 0.7070 0.0711 0.7036
vn 0.7070 -0.7072 0.0001
vn 0.7071 -0.0012 0.7072
vn 0.5773 0.0056 0.8165
vn 0.5773 -0.8165 0.0054
vn 0.7071 0.7072 0.0001
vn 0.7071 0.0645 -0.7042
vn 0.7071 -0.7072 0.0001
vn 0.7071 0.7042 0.0645
vn 0.5774 0.8121 -0.0842
vn 0.7071 -0.7072 -0.0000
vn 0.5773 0.0843 0.8122
vn 0.7071 -0.0000 -0.7071
vn 0.7070 0.7036 -0.0712
vn 0.5774 0.8153 0.0445
vn 0.7071 -0.7072 0.0015
vn 0.5774 0.0445 -0.8153
vn 0.7070 -0.0000 0.7072
vn -0.7071 0.5272 0.4712
vn -0.5773 -0.5772 -0.5775
vn -0.7071 0.5273 0.4712
vn -0.7070 0.4712 -0.5273
vn -0.7071 -0.4712 0.5273
vn -0.7071 0.0711 0.7036
vn -0.7071 -0.7072 -0.0001
vn -0.7071 -0.0012 -0.7072
vn -0.7071 0.7072 -0.0011
vn -0.5774 0.0055 0.8165
vn -0.5774 -0.8165 0.0054
vn -0.7070 -0.7043 0.0642
vn -0.7070 -0.0644 -0.7043
vn -0.5773 0.8121 -0.0844
vn -0.5774 0.0843 0.8121
vn -0.7070 0.0001 -0.7072
vn -0.7071 0.7036 -0.0711
vn -0.7070 0.0015 0.7072
vn -0.5774 0.8153 0.0443
vn -0.7070 -0.7072 0.0014
vn -0.7071 -0.0000 -0.7072
vn -0.5773 0.0444 -0.8153
vn -0.7071 -0.0000 0.7071
vn -0.2102 0.6754 -0.7069
vn 0.5773 -0.5772 -0.5775
vn 0.6752 0.2103 -0.7070
vn -0.6752 -0.2100 -0.7071
vn -0.6791 0.1972 -0.7070
vn -0.0110 0.7073 -0.7068
vn 0.7072 0.0002 -0.7070
vn 0.1972 0.6792 -0.7070
vn 0.3291 0.7472 -0.5774
vn 0.7472 -0.3291 -0.5774
vn -0.0137 -0.7071 -0.7070
vn -0.7071 -0.0108 -0.7070
vn -0.7594 0.3001 -0.5773
vn -0.2998 -0.7593 -0.5775
vn -0.0001 0.7073 -0.7069
vn -0.7071 0.0137 -0.7070
vn -0.1441 -0.6923 -0.7071
vn -0.7827 -0.2326 -0.5773
vn 0.6923 -0.1441 -0.7071
vn -0.0001 0.7072 -0.7071
vn -0.2327 0.7826 -0.5774
vn -0.2326 0.7071 0.6678
vn 0.0001 0.7071 -0.7072
vn -0.0124 0.7071 0.7070
vn -0.7072 0.7070 -0.0000
vn -0.7071 0.7071 0.0109
vn -0.7609 0.5774 -0.2961
vn -0.7070 0.7071 -0.0123
vn 0.7072 0.7071 -0.0000
vn -0.2671 0.5774 -0.7716
vn -0.2561 -0.6592 0.7071
vn -0.2560 -0.6592 0.7071
vn 0.6592 -0.2560 0.7071
vn -0.6592 0.2560 0.7070
vn -0.6791 -0.1972 0.7071
vn -0.0137 -0.7070 0.7071
vn 0.1971 -0.6791 0.7071
vn 0.3797 -0.7229 0.5772
vn -0.0000 0.7070 0.7072
vn 0.7228 0.3797 0.5774
vn -0.0110 0.7070 0.7071
vn 0.7072 -0.0002 0.7070
vn -0.7071 0.0137 0.7070
vn -0.7827 -0.2326 0.5773
vn -0.2325 0.7827 0.5774
vn -0.7071 -0.0111 0.7070
vn -0.1441 0.6924 0.7070
vn -0.7595 0.2996 0.5774
vn 0.6924 0.1441 0.7070
vn -0.2997 -0.7596 0.5773
vn -0.2128 -0.7070 -0.6744
vn -0.6744 -0.7070 0.2128
vn 0.7071 -0.7070 0.0114
vn 0.0111 -0.7070 -0.7071
vn 0.3552 -0.5774 -0.7352
vn 0.7351 -0.5774 0.3553
vn -0.7071 -0.7070 -0.0124
vn -0.7716 -0.5774 0.2670
vn -0.2669 -0.5774 -0.7716
vn 0.6473 -0.7070 0.2847
vn 0.2847 -0.7070 -0.6474
vn -0.5774 -0.5774 0.5773
vn 0.7070 0.5446 0.4512
vn 0.7071 0.5445 0.4512
vn 0.7070 -0.4512 0.5446
vn 0.7071 0.4512 -0.5445
vn 0.7071 0.0079 0.7071
vn 0.7071 -0.0011 0.7072
vn 0.5773 0.0363 0.8157
vn 0.5773 -0.8157 0.0363
vn 0.7071 0.0071 -0.7071
vn 0.7071 0.7071 0.0072
vn 0.5774 0.8095 -0.1066
vn 0.5773 0.1066 0.8095
vn 0.7070 0.7071 -0.0077
vn 0.7071 0.0016 0.7072
vn 0.5773 0.8137 0.0675
vn 0.7070 -0.7072 0.0016
vn 0.5773 0.0672 -0.8138
vn -0.7071 0.5444 0.4513
vn -0.7071 0.5445 0.4512
vn -0.7070 0.4512 -0.5445
vn -0.7071 -0.4513 0.5444
vn -0.7071 0.0078 0.7071
vn -0.7071 -0.0013 -0.7072
vn -0.5774 0.0361 0.8157
vn -0.7070 -0.0000 -0.7073
vn -0.5773 -0.8157 0.0361
vn -0.7070 -0.7072 0.0071
vn -0.7069 -0.0071 -0.7073
vn -0.7070 0.7072 -0.0001
vn -0.5773 0.8095 -0.1068
vn -0.7070 -0.7072 -0.0000
vn -0.5774 0.1067 0.8095
vn -0.7070 -0.0001 -0.7073
vn -0.5774 0.8137 0.0672
vn -0.7070 -0.7072 0.0015
vn -0.7071 -0.0001 -0.7072
vn -0.5773 0.0672 -0.8138
vn -0.1961 0.6797 -0.7068
vn -0.1960 0.6796 -0.7069
vn 0.6795 0.1962 -0.7070
vn -0.6794 -0.1958 -0.7071
vn -0.0000 0.0003 -1.0000
vn -0.0101 0.7073 -0.7069
vn 0.0223 0.7068 -0.7070
vn 0.3144 0.7536 -0.5772
vn 0.0001 -0.7071 -0.7072
vn 0.7535 -0.3143 -0.5774
vn -0.0144 -0.7069 -0.7072
vn -0.7071 -0.0100 -0.7071
vn -0.7511 0.3203 -0.5773
vn -0.3201 -0.7510 -0.5776
vn -0.7070 0.0145 -0.7070
vn -0.0162 -0.7070 -0.7071
vn -0.7880 -0.2138 -0.5774
vn 0.7070 -0.0161 -0.7071
vn -0.2138 0.7880 -0.5774
vn -0.2325 0.7071 0.6678
vn 0.3770 0.5774 0.7242
vn 0.7242 0.5774 -0.3770
vn -0.0111 0.7070 -0.7071
vn -0.7071 0.7070 0.0111
vn -0.7715 0.5774 0.2672
vn -0.2671 0.5774 -0.7715
vn -0.2688 -0.6540 0.7071
vn 0.5774 0.5774 0.5773
vn -0.2689 -0.6540 0.7071
vn 0.6540 -0.2689 0.7071
vn -0.6540 0.2690 0.7070
vn -0.0146 -0.7069 0.7071
vn 0.0226 -0.7068 0.7071
vn 0.3947 -0.7149 0.5772
vn 0.0001 0.7070 0.7072
vn 0.7147 0.3947 0.5774
vn -0.0102 0.7070 0.7072
vn -0.7070 0.0146 0.7071
vn -0.7881 -0.2136 0.5773
vn -0.2136 0.7881 0.5773
vn -0.0001 -0.7071 0.7071
vn -0.7071 -0.0103 0.7071
vn -0.7512 0.3199 0.5774
vn 0.7070 0.0161 0.7070
vn -0.3200 -0.7513 0.5772
vn -0.7072 -0.7070 -0.0037
vn 0.0040 -0.7070 -0.7072
vn -0.2670 -0.5774 -0.7716
vn -0.0001 -0.7070 0.7072
vn 0.7071 0.5532 0.4404
vn 0.5773 -0.5773 -0.5774
vn 0.7070 0.5533 0.4405
vn 0.7070 -0.4405 0.5532
vn 0.7071 0.4404 -0.5533
vn 1.0000 -0.0001 -0.0000
vn 0.7071 0.7071 0.0010
vn 0.7070 0.0684 0.7039
vn 0.7071 -0.0010 0.7072
vn 0.5774 0.0525 0.8148
vn 0.5773 -0.8148 0.0525
vn 0.7070 0.7072 0.0001
vn 0.7071 0.0619 -0.7044
vn 0.7071 0.7044 0.0620
vn 0.5773 0.8153 0.0446
vn 0.5774 -0.0445 0.8153
vn 0.7070 0.7039 -0.0684
vn 0.7071 0.0011 0.7072
vn 0.7071 -0.7072 0.0011
vn 0.5774 -0.0842 -0.8121
vn -0.7071 0.5531 0.4406
vn -0.5774 -0.5772 -0.5775
vn -0.7070 0.5532 0.4405
vn -0.7070 0.4405 -0.5533
vn -0.7071 -0.4405 0.5531
vn -0.7071 0.0684 0.7038
vn -0.7071 -0.7071 -0.0000
vn -0.7071 -0.0010 -0.7072
vn -1.0000 0.0001 -0.0000
vn -0.7070 0.7072 -0.0010
vn -0.7070 0.0001 0.7072
vn -0.5775 0.0524 0.8147
vn -1.0000 0.0001 -0.0001
vn -0.7069 0.0001 -0.7073
vn -0.5773 -0.8148 0.0522
vn -0.7070 -0.7045 0.0618
vn -0.7070 -0.0620 -0.7045
vn -0.5773 0.8153 0.0443
vn -0.5774 -0.0443 0.8152
vn -0.7070 0.7039 -0.0683
vn -0.7070 0.0010 0.7072
vn -0.5774 0.8121 -0.0844
vn -0.7071 -0.7071 0.0001
vn -0.7071 -0.7072 0.0010
vn -0.5772 -0.0844 -0.8122
vn -0.7072 -0.0000 0.7071
vn -0.1889 0.6817 -0.7068
vn -0.1889 0.6817 -0.7069
vn 0.6815 0.1891 -0.7070
vn -0.6815 -0.1887 -0.7071
vn -0.6812 0.1901 -0.7070
vn -0.0098 0.7073 -0.7069
vn 0.1901 0.6812 -0.7070
vn 0.3985 0.7125 -0.5775
vn 0.0001 -0.7074 -0.7068
vn -0.0000 -0.0003 -1.0000
vn 0.7127 -0.3986 -0.5772
vn -0.7072 -0.0002 -0.7071
vn -0.0099 -0.7073 -0.7068
vn 0.7072 -0.0001 -0.7071
vn -0.7071 -0.0096 -0.7071
vn -0.7466 0.3306 -0.5773
vn -0.3303 -0.7466 -0.5776
vn -0.0000 0.7074 -0.7069
vn -0.7071 0.0100 -0.7070
vn -0.1387 -0.6934 -0.7071
vn -0.7489 -0.3255 -0.5773
vn 0.7072 -0.0001 -0.7070
vn 0.6934 -0.1388 -0.7071
vn -0.3253 0.7487 -0.5776
vn -0.0000 -0.7073 -0.7069
vn -0.2326 0.7070 0.6678
vn 0.6680 0.7070 0.2323
vn -0.6678 0.7070 -0.2327
vn 0.0038 0.7070 0.7072
vn -0.1924 -0.6805 0.7071
vn -0.1925 -0.6805 0.7070
vn 0.6805 -0.1924 0.7071
vn -0.6805 0.1925 0.7070
vn -0.6811 -0.1901 0.7071
vn -0.0100 -0.7071 0.7071
vn 0.1901 -0.6811 0.7071
vn 0.4022 -0.7106 0.5774
vn 0.7106 0.4022 0.5774
vn -0.0098 0.7071 0.7070
vn -0.7071 0.0100 0.7071
vn -0.7489 -0.3253 0.5773
vn -0.3253 0.7489 0.5773
vn -0.7071 -0.0099 0.7070
vn -0.1388 0.6934 0.7070
vn -0.7467 0.3303 0.5773
vn 0.7072 0.0001 0.7070
vn 0.6934 0.1388 0.7070
vn -0.3302 -0.7467 0.5774
vn -0.6744 -0.7071 0.2127
vn 0.7071 -0.7071 0.0114
vn -0.7072 -0.7071 0.0001
vn 0.7070 0.5217 0.4775
vn 0.7070 -0.4775 0.5217
vn 0.7070 0.4775 -0.5216
vn 0.5774 -0.0043 0.8165
vn 0.5773 -0.8165 -0.0042
vn 0.7071 0.7071 0.0071
vn 0.5773 0.8158 -0.0342
vn 0.5774 0.0343 0.8158
vn 0.7071 0.0013 0.7072
vn 0.5774 0.8165 -0.0060
vn 0.7071 -0.7072 0.0013
vn 0.5774 -0.0059 -0.8165
vn -0.7071 0.5216 0.4775
vn -0.7070 0.5216 0.4775
vn -0.7070 0.4775 -0.5217
vn -0.7071 -0.4776 0.5214
vn -0.7071 -0.7071 -0.0001
vn -0.7070 -0.0001 0.7072
vn -0.5774 -0.0042 0.8165
vn -0.5774 -0.8165 -0.0042
vn -0.7071 0.7072 -0.0000
vn -0.5773 0.8158 -0.0346
vn -0.7070 -0.7072 -0.0003
vn -0.5774 0.0345 0.8158
vn -0.5773 0.8165 -0.0062
vn -0.7070 -0.7072 0.0013
vn -0.7071 -0.0002 -0.7072
vn -0.5774 -0.0061 -0.8165
vn -0.2148 0.6738 -0.7071
vn -0.2147 0.6738 -0.7070
vn 0.6738 0.2147 -0.7071
vn -0.6738 -0.2148 -0.7070
vn -0.7068 0.0225 -0.7071
vn 0.0001 -0.7072 -0.7071
vn -0.0112 0.7071 -0.7070
vn 0.0227 0.7068 -0.7071
vn 0.3586 0.7334 -0.5775
vn 0.0001 -0.7073 -0.7069
vn -0.0000 -0.0002 -1.0000
vn 0.7335 -0.3588 -0.5773
vn -0.0121 -0.7072 -0.7069
vn -0.7071 -0.0113 -0.7070
vn -0.7620 0.2932 -0.5774
vn -0.2931 -0.7621 -0.5774
vn -0.7071 0.0121 -0.7071
vn -0.7700 -0.2716 -0.5774
vn 0.7070 -0.0162 -0.7071
vn 0.0001 0.7072 -0.7071
vn -0.2716 0.7700 -0.5774
vn -0.7070 0.7071 0.0111
vn -0.2295 -0.6689 0.7070
vn -0.2296 -0.6689 0.7070
vn 0.6689 -0.2296 0.7070
vn -0.6689 0.2295 0.7071
vn -0.0121 -0.7072 0.7069
vn 0.3748 -0.7254 0.5774
vn 0.7253 0.3749 0.5774
vn -0.0113 0.7071 0.7071
vn -0.7071 0.0122 0.7071
vn -0.7700 -0.2716 0.5773
vn -0.2714 0.7701 0.5773
vn -0.7071 -0.0113 0.7071
vn -0.7621 0.2931 0.5774
vn -0.2931 -0.7621 0.5774
vn 0.7071 -0.7070 0.0112
vn 0.3553 -0.5773 -0.7352
vn -0.0000 -1.0000 -0.0001
vn -0.7072 -0.7070 -0.0001
vn -0.0122 -0.7071 0.7070
vn -0.7071 -0.7070 -0.0123
vn 0.7072 -0.7070 0.0026
vn -0.0027 -0.7070 0.7072
vn -0.6474 -0.7070 -0.2847
vn -0.7071 -0.0006 0.7071
vn -0.7070 0.7072 0.0004
vn -0.3058 -0.6378 0.7069
vn 0.5774 0.5772 0.5775
vn -0.3057 -0.6378 0.7069
vn 0.6377 -0.3060 0.7070
vn -0.6377 0.3056 0.7071
vn -0.7072 -0.0012 0.7071
vn 0.0001 0.7069 0.7073
vn -0.0000 -0.0003 1.0000
vn -0.0082 -0.7073 0.7069
vn 0.0010 -0.7074 0.7068
vn 0.1622 -0.8004 0.5771
vn 0.8002 0.1621 0.5774
vn -0.7072 -0.0002 0.7071
vn -0.0114 0.7068 0.7073
vn 0.7072 -0.0003 0.7071
vn -0.7071 -0.0117 0.7071
vn -0.7928 0.1950 0.5774
vn -0.1951 -0.7930 0.5771
vn -0.0000 0.7069 0.7073
vn -0.7071 0.0079 0.7070
vn -0.0000 -0.0004 1.0000
vn -0.0012 -0.7074 0.7068
vn -0.7603 -0.2979 0.5772
vn 0.7072 -0.0003 0.7070
vn 0.7072 -0.0014 0.7071
vn -0.2975 0.7601 0.5777
vn -0.0000 -0.7075 0.7067
vn -0.3057 -0.6375 -0.7072
vn 0.5773 0.5775 -0.5772
vn -0.6376 0.3060 -0.7070
vn 0.6377 -0.3055 -0.7071
vn -0.0082 -0.7070 -0.7072
vn 0.0010 0.7074 -0.7068
vn -0.7072 0.0012 -0.7071
vn 0.0001 -0.7069 -0.7073
vn 0.1622 -0.8000 -0.5776
vn -0.0000 0.7074 -0.7068
vn 0.8002 0.1624 -0.5773
vn -0.7072 0.0002 -0.7070
vn 0.7071 -0.0112 -0.7070
vn 0.0114 0.7073 -0.7068
vn -0.7928 0.1956 -0.5773
vn -0.1952 -0.7926 -0.5776
vn -0.0001 0.7074 -0.7068
vn -0.7071 0.0084 -0.7071
vn -0.0012 -0.7069 -0.7073
vn -0.7604 -0.2972 -0.5774
vn 0.7072 -0.0009 -0.7070
vn -0.2974 0.7605 -0.5772
vn -0.0000 -0.7070 -0.7072
vn -0.3375 0.7072 -0.6212
vn -0.3374 0.7072 -0.6213
vn -0.6216 0.7069 0.3375
vn 0.6215 0.7071 -0.3372
vn -0.0000 1.0000 0.0003
vn -0.0093 0.7073 -0.7069
vn 0.7072 0.7070 0.0003
vn -0.7068 0.7071 -0.0221
vn -0.0000 0.7068 0.7074
vn -0.7071 0.7070 0.0096
vn -0.7736 0.5774 -0.2608
vn -0.2609 0.5771 0.7739
vn -0.0000 0.7073 -0.7070
vn 0.7067 0.7071 -0.0242
vn 0.0223 0.7073 -0.7066
vn 0.3570 0.5776 -0.7342
vn 0.7344 0.5772 0.3571
vn -0.7072 0.7071 0.0003
vn -0.0245 0.7073 -0.7065
vn 0.7071 0.7071 -0.0057
vn -0.3768 0.5776 -0.7241
vn -0.0000 1.0000 0.0004
vn 0.0060 0.7068 0.7074
vn -0.7072 0.7071 0.0002
vn -0.7243 0.5772 0.3771
vn 0.7072 0.7071 0.0003
vn -0.7070 -0.5299 -0.4683
vn -0.5774 0.5772 0.5775
vn -0.7069 -0.5300 -0.4684
vn -0.7069 -0.4683 0.5301
vn -0.7072 0.4681 -0.5298
vn -1.0000 -0.0000 0.0002
vn -0.7071 -0.0003 -0.7071
vn -0.7070 0.7072 0.0003
vn -0.7070 -0.7071 -0.0110
vn -0.7071 -0.0002 0.7072
vn -0.7070 0.0111 -0.7071
vn -0.5777 0.1309 -0.8057
vn -1.0000 -0.0000 0.0003
vn -0.7068 -0.0005 0.7074
vn -0.5773 0.8060 0.1307
vn -0.7070 -0.0146 -0.7070
vn -0.5774 -0.2447 -0.7790
vn -0.5773 -0.7789 0.2448
vn -1.0000 -0.0000 0.0001
vn -0.7070 -0.7072 -0.0006
vn -0.7070 0.7070 -0.0145
vn -0.7071 -0.0003 0.7072
vn -0.5774 -0.0809 0.8125
vn -0.7071 0.0002 -0.7072
vn -0.5774 -0.8125 -0.0810
vn -0.7070 0.7072 0.0002
vn -0.7070 -0.7072 0.0003
vn 0.3140 -0.7068 -0.6339
vn -0.5773 -0.5776 0.5772
vn 0.6337 -0.7072 0.3137
vn -0.6337 -0.7069 -0.3142
vn -0.0000 -1.0000 -0.0004
vn 0.0093 -0.7068 -0.7074
vn -0.7072 -0.7071 -0.0002
vn 0.7067 -0.7070 -0.0247
vn -0.0000 -1.0000 -0.0003
vn -0.0000 -0.7073 0.7070
vn 0.7071 -0.7071 0.0090
vn 0.7829 -0.5773 -0.2319
vn 0.2317 -0.5777 0.7827
vn -0.0000 -0.7067 -0.7075
vn -0.7068 -0.7070 -0.0226
vn -0.0245 -0.7068 -0.7070
vn -0.3769 -0.5771 -0.7245
vn -0.0000 -0.7073 0.7069
vn -0.7243 -0.5775 0.3767
vn 0.7072 -0.7070 -0.0003
vn 0.0224 -0.7068 -0.7070
vn -0.7072 -0.7070 -0.0061
vn 0.3571 -0.5771 -0.7345
vn -0.0059 -0.7072 0.7070
vn 0.7342 -0.5775 0.3570
vn -0.7072 -0.7070 -0.0002
vn 0.7070 0.4484 -0.5469
vn 0.5774 -0.5776 0.5771
vn 0.7070 0.4485 -0.5468
vn 0.7070 0.5468 0.4484
vn 0.7071 -0.5467 -0.4485
vn 0.7070 0.0008 -0.7072
vn 0.7070 -0.7072 -0.0002
vn 0.7071 -0.0150 0.7070
vn 0.7071 0.7070 0.0150
vn 0.7070 0.0002 -0.7072
vn 0.7070 0.6271 -0.3269
vn 0.7070 -0.6271 0.3269
vn 0.7070 0.3269 0.6271
vn 0.7071 0.3269 0.6271
vn 0.7070 -0.7072 -0.0006
vn 0.7071 0.0110 -0.7071
vn 0.5774 0.1310 -0.8059
vn 0.7071 -0.0003 0.7072
vn 0.5774 0.8059 0.1311
vn 0.7071 -0.0005 0.7071
vn 1.0000 -0.0000 -0.0001
vn 0.7071 -0.7071 -0.0110
vn 0.7070 -0.0002 0.7072
vn 0.5774 -0.0508 0.8149
vn 0.7070 0.0003 -0.7072
vn 0.5774 0.8149 0.0508
vn 0.7071 -0.7071 -0.0003
vn 0.7071 0.7071 0.0007
vn -0.7070 -0.0006 0.7072
vn -0.3058 -0.6380 0.7068
vn 0.5774 0.5771 0.5776
vn -0.3057 -0.6380 0.7068
vn 0.6376 -0.3060 0.7069
vn -0.6377 0.3055 0.7071
vn -0.0082 -0.7074 0.7068
vn 0.1624 -0.8004 0.5770
vn 0.0001 0.7069 0.7074
vn 0.8002 0.1622 0.5774
vn -0.7072 -0.0003 0.7070
vn -0.7071 -0.0117 0.7070
vn -0.7928 0.1949 0.5774
vn 0.7072 -0.0004 0.7070
vn -0.1951 -0.7931 0.5771
vn -0.3057 -0.6374 -0.7073
vn 0.5773 0.5776 -0.5771
vn -0.6377 0.3059 -0.7070
vn -0.0082 -0.7069 -0.7073
vn 0.1624 -0.7999 -0.5777
vn 0.8002 0.1625 -0.5773
vn 0.0114 0.7074 -0.7067
vn -0.1952 -0.7925 -0.5777
vn -0.0014 -0.7069 -0.7073
vn -0.7604 -0.2973 -0.5775
vn -0.2974 0.7606 -0.5771
vn -0.0000 -0.7069 -0.7073
vn -0.7068 0.7070 -0.0241
vn -0.2610 0.5771 0.7739
vn 0.7067 0.7070 -0.0264
vn -0.0001 0.7068 0.7074
vn 0.0244 0.7073 -0.7065
vn -0.0269 0.7073 -0.7064
vn -0.0001 0.7068 0.7075
vn -0.7070 -0.5299 -0.4682
vn -0.5773 0.5772 0.5775
vn -0.7070 -0.5300 -0.4683
vn -0.7071 -0.4682 0.5299
vn -0.7071 0.4682 -0.5300
vn -0.7070 -0.7071 -0.0120
vn -0.7070 -0.0003 0.7072
vn -0.7070 0.0120 -0.7071
vn -0.5774 0.1309 -0.8059
vn -0.7070 -0.0005 0.7072
vn -0.5773 0.8060 0.1308
vn -0.7070 -0.0159 -0.7070
vn -0.5769 -0.2447 -0.7793
vn -0.7074 -0.0004 0.7068
vn -1.0000 -0.0000 -0.0004
vn -0.5773 -0.7790 0.2448
vn -0.7071 0.7071 0.0004
vn -0.7071 -0.7072 -0.0006
vn -0.7070 0.7070 -0.0158
vn -0.7070 -0.0004 0.7072
vn -0.5774 -0.0810 0.8125
vn -0.7070 0.0002 -0.7072
vn -0.5774 -0.8125 -0.0811
vn -0.5774 -0.5775 0.5771
vn 0.6337 -0.7071 0.3137
vn 0.0093 -0.7068 -0.7073
vn 0.7067 -0.7070 -0.0269
vn 0.7071 -0.7070 0.0091
vn 0.2317 -0.5776 0.7828
vn -0.0000 -0.7068 -0.7074
vn -0.7068 -0.7070 -0.0246
vn 0.0001 -0.7073 0.7069
vn -0.0267 -0.7068 -0.7069
vn -0.3770 -0.5771 -0.7244
vn -0.7243 -0.5775 0.3768
vn 0.0244 -0.7068 -0.7070
vn 0.0001 -0.7072 0.7070
vn 0.5773 -0.5776 0.5771
vn 0.7070 -0.5468 -0.4484
vn 0.7069 0.0008 -0.7073
vn 0.7071 -0.7072 -0.0003
vn 1.0000 -0.0000 -0.0002
vn 0.7070 -0.0164 0.7070
vn 0.7070 0.7070 0.0163
vn 0.7072 0.6270 -0.3267
vn 0.7069 -0.6272 0.3269
vn 0.7072 0.3268 0.6270
vn 0.5772 -0.5772 -0.5776
vn 0.7070 -0.7072 -0.0008
vn 0.7070 0.0119 -0.7071
vn 0.5774 0.8059 0.1312
vn 0.7070 -0.0005 0.7072
vn 0.7070 0.7072 0.0002
vn 0.7070 -0.7071 -0.0119
vn 0.5773 0.8149 0.0509
vn 0.7070 0.7072 0.0009
vn -0.0005 0.7071 0.7072
vn 0.7072 0.7070 -0.0003
vn -0.6377 0.3058 0.7070
vn -0.6376 0.3058 0.7070
vn -0.3058 -0.6377 0.7070
vn 0.3058 0.6376 0.7070
vn -0.0013 0.7072 0.7071
vn -0.7072 0.0070 0.7070
vn -0.8003 -0.1622 0.5773
vn -0.0001 -0.0000 1.0000
vn 0.1622 -0.8002 0.5774
vn 0.7071 0.0097 0.7071
vn -0.0000 -0.7072 0.7071
vn -0.0097 0.7071 0.7071
vn 0.1951 0.7928 0.5774
vn -0.0001 -0.7072 0.7071
vn -0.7928 0.1951 0.5774
vn 0.7071 -0.0000 0.7071
vn 0.0070 0.7072 0.7070
vn -0.7072 0.0014 0.7071
vn -0.2976 0.7603 0.5774
vn -0.0014 -0.7072 0.7071
vn 0.7604 0.2975 0.5774
vn -0.6376 0.3057 -0.7071
vn 0.5774 -0.5773 -0.5773
vn 0.3057 0.6377 -0.7071
vn -0.3057 -0.6377 -0.7071
vn -0.7071 0.0069 -0.7071
vn 0.7072 -0.0013 -0.7071
vn 0.0013 0.7072 -0.7071
vn -0.7072 -0.0001 -0.7070
vn -0.8002 -0.1624 -0.5774
vn 0.1623 -0.8003 -0.5772
vn -0.0000 0.7071 -0.7071
vn 0.0001 -0.0001 -1.0000
vn -0.0096 -0.7071 -0.7070
vn 0.0001 -0.0000 -1.0000
vn 0.7071 -0.0097 -0.7070
vn -0.0001 0.7072 -0.7070
vn 0.1954 0.7928 -0.5774
vn -0.7928 0.1953 -0.5774
vn 0.7073 0.0001 -0.7070
vn 0.0001 0.0001 -1.0000
vn 0.0070 0.7071 -0.7071
vn -0.7072 0.0013 -0.7070
vn -0.2975 0.7604 -0.5774
vn -0.0014 -0.7072 -0.7070
vn 0.7605 0.2974 -0.5773
vn -0.7071 -0.0001 -0.7071
vn 0.7070 0.3375 -0.6215
vn 0.5774 -0.5774 0.5773
vn 0.7071 0.3375 -0.6214
vn 0.7070 0.6216 0.3372
vn 0.7071 -0.6215 -0.3374
vn 0.7070 0.0079 -0.7071
vn 0.7070 0.7068 -0.0227
vn 0.7071 -0.0000 0.7072
vn 0.7070 0.7071 0.0077
vn 0.5774 0.7736 -0.2611
vn 0.5774 0.2610 0.7737
vn 0.7070 -0.7068 -0.0248
vn 0.7071 0.0001 0.7072
vn 0.7070 -0.0227 -0.7068
vn 0.5774 -0.3570 -0.7343
vn 0.5774 -0.7343 0.3569
vn 0.7071 0.7072 -0.0001
vn 0.7070 0.0249 -0.7068
vn 0.7071 -0.7071 -0.0050
vn 0.5774 0.3768 -0.7243
vn 0.7071 -0.0051 0.7071
vn 0.5774 0.7243 0.3769
vn -0.5301 0.7071 -0.4680
vn -0.5301 0.7070 -0.4681
vn -0.4680 0.7071 0.5301
vn 0.4681 0.7070 -0.5301
vn -0.0007 0.7070 -0.7072
vn -0.7071 0.7071 -0.0109
vn 0.0108 0.7070 -0.7071
vn 0.1305 0.5774 -0.8060
vn -0.0000 0.7071 0.7072
vn 0.8060 0.5774 0.1306
vn -0.0150 0.7071 -0.7070
vn -0.2449 0.5774 -0.7789
vn -0.0001 0.7071 0.7072
vn -0.7789 0.5774 0.2450
vn -0.7072 0.7071 -0.0004
vn 0.7070 0.7071 -0.0150
vn -0.0806 0.5774 0.8125
vn -0.8125 0.5774 -0.0807
vn -0.7072 0.7070 0.0007
vn -0.7071 -0.3140 -0.6336
vn -0.5774 0.5773 0.5774
vn -0.7071 -0.3139 -0.6336
vn -0.7071 -0.6336 0.3140
vn -0.7071 0.6336 -0.3140
vn -0.7071 -0.0079 -0.7071
vn -0.7070 -0.7068 -0.0249
vn -0.7071 -0.7071 0.0079
vn -0.5774 -0.7829 -0.2319
vn -0.5774 -0.2319 0.7829
vn -0.7070 0.7068 -0.0226
vn -0.7071 -0.0001 0.7072
vn -0.7070 0.0248 -0.7068
vn -0.5774 0.3770 -0.7243
vn -0.5774 0.7243 0.3769
vn -0.7070 -0.0227 -0.7068
vn -0.7070 0.7072 -0.0050
vn -0.5774 -0.3571 -0.7343
vn -0.7070 0.0051 0.7072
vn -0.5774 -0.7342 0.3572
vn 0.4482 -0.7070 -0.5470
vn 0.4482 -0.7070 -0.5471
vn 0.5471 -0.7070 0.4481
vn -0.5470 -0.7070 -0.4482
vn 0.0007 -0.7071 -0.7072
vn -0.7072 -0.7070 0.0001
vn -0.0148 -0.7070 0.7070
vn 0.7070 -0.7070 0.0150
vn 0.6269 -0.7071 -0.3271
vn -0.6271 -0.7070 0.3270
vn 0.3270 -0.7071 0.6270
vn -0.5773 -0.5774 -0.5774
vn -0.7072 -0.7071 -0.0004
vn 0.0108 -0.7071 -0.7071
vn 0.1307 -0.5774 -0.8060
vn 0.8058 -0.5775 0.1309
vn -0.0001 -1.0000 -0.0000
vn -0.7073 -0.7069 -0.0001
vn -0.0004 -0.7071 0.7072
vn -0.7071 -0.7071 -0.0109
vn -0.0507 -0.5774 0.8149
vn 0.8149 -0.5774 0.0507
vn 0.7072 -0.7071 0.0007
vn -0.7073 -0.0006 0.7070
vn -0.7070 0.7072 -0.0002
vn 0.6376 -0.3059 0.7070
vn -0.6377 0.3056 0.7070
vn -0.0082 -0.7075 0.7067
vn 0.1622 -0.8005 0.5770
vn 0.8002 0.1620 0.5774
vn -0.7072 -0.0003 0.7071
vn 0.7071 -0.0003 0.7071
vn -0.7071 -0.0118 0.7070
vn -0.0000 -0.0005 1.0000
vn 0.7071 -0.0002 0.7071
vn -0.1951 -0.7932 0.5769
vn -0.7071 0.0080 0.7070
vn -0.7603 -0.2978 0.5772
vn -0.2975 0.7603 0.5774
vn -0.6377 0.3060 -0.7070
vn 0.6377 -0.3054 -0.7072
vn -0.0082 -0.7068 -0.7074
vn 0.7072 0.0004 -0.7071
vn 0.1624 -0.7998 -0.5779
vn -0.0000 0.0006 -1.0000
vn -0.0000 0.7076 -0.7066
vn -0.7072 0.0001 -0.7070
vn 0.7071 -0.0111 -0.7070
vn -0.1952 -0.7926 -0.5777
vn -0.0001 0.7075 -0.7067
vn -0.7071 0.0085 -0.7071
vn -0.7604 -0.2972 -0.5775
vn 0.7072 0.0004 -0.7070
vn -0.0000 0.0005 -1.0000
vn -0.2974 0.7607 -0.5769
vn -0.6215 0.7069 0.3377
vn -0.7736 0.5774 -0.2609
vn -0.0267 0.7073 -0.7064
vn -0.7071 -0.5300 -0.4682
vn -0.5773 0.5772 0.5776
vn -0.7071 0.4682 -0.5299
vn -0.5774 0.1308 -0.8059
vn -0.5774 0.8059 0.1309
vn -0.5773 -0.7789 0.2449
vn -0.7070 0.0003 -0.7072
vn 0.3139 -0.7068 -0.6339
vn 0.3139 -0.7068 -0.6340
vn 0.6337 -0.7072 0.3136
vn -0.6337 -0.7069 -0.3141
vn 0.0094 -0.7068 -0.7074
vn 0.7829 -0.5773 -0.2321
vn -0.7072 -0.7071 -0.0003
vn 0.2319 -0.5777 0.7827
vn -0.7067 -0.7070 -0.0246
vn -0.7242 -0.5775 0.3769
vn 0.7069 0.6272 -0.3269
vn 0.7071 -0.6270 0.3269
vn 0.7070 0.3267 0.6273
vn 0.7069 0.3269 0.6273
vn 0.5775 -0.5771 -0.5775
vn 0.7070 0.0120 -0.7071
vn 0.7070 -0.7072 -0.0004
vn 0.7069 -0.0005 0.7073
vn 0.7071 0.7071 0.0004
vn 0.5774 0.8149 0.0509
vn 0.7071 0.5533 0.4404
vn 0.7070 0.5533 0.4404
vn 0.7071 -0.4404 0.5532
vn 0.7070 0.4404 -0.5533
vn 0.7071 0.7072 0.0010
vn 0.5774 0.0526 0.8148
vn 0.5774 -0.8148 0.0525
vn 0.5774 0.8122 -0.0841
vn -0.7071 0.5532 0.4405
vn -0.7070 0.5533 0.4404
vn -0.7071 -0.4404 0.5532
vn -0.7070 0.7072 -0.0011
vn -0.5775 0.0525 0.8147
vn -0.5773 -0.8148 0.0523
vn -0.7070 -0.7045 0.0619
vn -0.7069 -0.0620 -0.7046
vn -0.5773 0.8153 0.0442
vn -0.7069 -0.0001 -0.7073
vn -0.7070 0.7038 -0.0684
vn -0.7070 0.0011 0.7072
vn -0.5774 0.8121 -0.0843
vn -0.7070 -0.7072 0.0010
vn -0.1889 0.6815 -0.7070
vn -0.1889 0.6815 -0.7071
vn 0.6815 0.1889 -0.7070
vn -0.6815 -0.1889 -0.7071
vn -0.6811 0.1901 -0.7071
vn -0.0097 0.7071 -0.7071
vn 0.1901 0.6811 -0.7071
vn 0.3985 0.7127 -0.5773
vn 0.7127 -0.3983 -0.5775
vn -0.0099 -0.7069 -0.7072
vn -0.7071 -0.0098 -0.7071
vn -0.7467 0.3303 -0.5773
vn -0.3303 -0.7467 -0.5773
vn -0.7072 0.0102 -0.7070
vn -0.7489 -0.3253 -0.5774
vn -0.3253 0.7489 -0.5774
vn 0.3771 0.5774 0.7242
vn -0.0026 0.7071 0.7072
vn 0.4022 -0.7105 0.5775
vn 0.0001 0.7073 0.7069
vn 0.7106 0.4022 0.5773
vn -0.7071 0.0102 0.7070
vn -0.7489 -0.3252 0.5774
vn -0.3253 0.7489 0.5774
vn -0.7071 -0.0096 0.7070
vn -0.7468 0.3302 0.5773
vn -0.3302 -0.7466 0.5776
vn -0.0000 0.7074 0.7068
vn -0.0124 -0.7070 0.7071
vn -0.0029 -0.7071 0.7072
vn 0.5774 -0.8165 -0.0043
vn 0.7071 0.7072 -0.0000
vn 0.5773 0.8158 -0.0343
vn 0.5774 0.8165 -0.0059
vn 0.5774 -0.0061 -0.8165
vn -0.7071 -0.4775 0.5215
vn -0.7070 0.0079 0.7071
vn -0.5773 0.8158 -0.0345
vn -0.5774 0.0345 0.8157
vn -0.7070 0.0013 0.7072
vn -0.5774 0.8165 -0.0061
vn -0.7071 -0.7072 0.0001
vn -0.2147 0.6738 -0.7071
vn -0.6738 -0.2148 -0.7071
vn 0.3587 0.7335 -0.5774
vn 0.7334 -0.3588 -0.5774
vn -0.0121 -0.7071 -0.7071
vn -0.7071 0.0120 -0.7070
vn -0.0000 -0.0001 -1.0000
vn -0.7700 -0.2717 -0.5773
vn -0.0000 -0.7073 -0.7070
vn -0.2295 -0.6689 0.7071
vn 0.6689 -0.2295 0.7071
vn -0.6689 0.2296 0.7070
vn -0.0121 -0.7071 0.7070
vn -0.2715 0.7701 0.5773
vn 0.3553 -0.5774 -0.7352
vn -0.0029 -0.7070 0.7072
vn 0.2846 -0.7070 -0.6474
vn -0.5533 0.7071 0.4404
vn 0.5774 0.5774 -0.5773
vn -0.5533 0.7070 0.4404
vn 0.4405 0.7071 0.5532
vn -0.4404 0.7070 -0.5533
vn -0.7072 0.7071 0.0010
vn -0.0684 0.7070 0.7039
vn 0.0010 0.7071 0.7072
vn -0.0525 0.5773 0.8149
vn 0.0001 0.7071 -0.7071
vn -0.0000 1.0000 0.0001
vn 0.8148 0.5773 0.0525
vn -0.7072 0.7071 0.0001
vn -0.0619 0.7071 -0.7044
vn 0.7072 0.7071 0.0002
vn -0.7044 0.7070 0.0621
vn -0.8153 0.5773 0.0446
vn 0.0445 0.5773 0.8154
vn -0.7039 0.7070 -0.0683
vn -0.0011 0.7071 0.7072
vn -0.8122 0.5774 -0.0841
vn 0.7072 0.7071 0.0011
vn 0.0842 0.5774 -0.8121
vn -0.5532 -0.7071 0.4405
vn -0.5532 -0.7070 0.4405
vn -0.4405 -0.7071 -0.5532
vn 0.4404 -0.7071 0.5532
vn -0.0684 -0.7071 0.7038
vn 0.7072 -0.7071 -0.0000
vn 0.0010 -0.7071 -0.7072
vn -0.7072 -0.7071 -0.0010
vn -0.0524 -0.5773 0.8148
vn 0.8147 -0.5775 0.0522
vn -0.7073 -0.7069 0.0001
vn 0.7045 -0.7070 0.0622
vn 0.0620 -0.7070 -0.7045
vn -0.8153 -0.5773 0.0443
vn 0.0443 -0.5773 0.8153
vn -0.0000 -0.7071 -0.7072
vn -0.7038 -0.7071 -0.0684
vn -0.0010 -0.7070 0.7072
vn -0.8121 -0.5774 -0.0843
vn 0.7072 -0.7071 -0.0001
vn 0.7072 -0.7070 0.0010
vn 0.0844 -0.5774 -0.8121
vn -0.6815 -0.1889 -0.7070
vn 0.1889 -0.6815 -0.7071
vn -0.1901 -0.6811 -0.7070
vn -0.7071 -0.0043 -0.7071
vn -0.0000 0.0001 -1.0000
vn -0.7126 0.3985 -0.5774
vn -0.0000 -0.7071 -0.7071
vn 0.7071 -0.0044 -0.7071
vn 0.0043 -0.7072 -0.7070
vn -0.3304 -0.7466 -0.5774
vn 0.7467 -0.3303 -0.5773
vn -0.0044 -0.7072 -0.7070
vn 0.3253 -0.7490 -0.5773
vn -0.0001 0.7071 -0.7071
vn 0.1388 0.6934 -0.7071
vn -0.7489 -0.3254 -0.5773
vn -0.7070 -0.2326 0.6678
vn -0.5774 0.5773 -0.5774
vn -0.7070 -0.2326 0.6679
vn -0.7070 0.6679 0.2324
vn -0.7070 -0.6678 -0.2326
vn -0.7070 -0.7072 0.0037
vn -0.7070 -0.0055 0.7072
vn -0.7070 0.0037 0.7072
vn -0.5774 0.3770 0.7242
vn -0.5773 0.7242 -0.3770
vn -0.7070 -0.0049 -0.7072
vn -0.7071 -0.7071 0.0049
vn -0.5774 -0.7610 -0.2959
vn -0.5774 -0.2960 0.7609
vn -0.7071 -0.7071 -0.0051
vn -0.7071 -0.0027 0.7072
vn -0.5774 -0.7715 0.2673
vn -0.7071 0.7072 0.0026
vn -0.5774 -0.2672 -0.7715
vn 0.6805 -0.1924 0.7070
vn -0.5773 0.5774 0.5773
vn 0.6805 -0.1925 0.7070
vn 0.1924 0.6804 0.7071
vn 0.7072 -0.0044 0.7070
vn 0.6811 0.1900 0.7071
vn -0.4021 0.7105 0.5774
vn -0.7072 -0.0044 0.7070
vn 0.0001 0.7072 0.7070
vn -0.0045 -0.7071 0.7071
vn 0.3252 -0.7489 0.5774
vn -0.0001 0.7071 0.7071
vn -0.7489 -0.3253 0.5774
vn 0.0046 -0.7071 0.7071
vn -0.6934 -0.1388 0.7070
vn -0.3302 -0.7468 0.5773
vn 0.7468 -0.3301 0.5773
vn 0.0001 0.0001 1.0000
vn -0.7071 0.0001 0.7071
vn 0.7070 -0.2126 -0.6745
vn 0.7071 -0.2127 -0.6744
vn 0.7071 0.6744 -0.2128
vn 0.7070 -0.6745 0.2128
vn 0.7071 -0.7071 -0.0037
vn 0.7070 0.7071 0.0049
vn 0.7071 0.0049 -0.7071
vn 0.7071 -0.7072 -0.0001
vn 0.7071 0.0037 -0.7071
vn 0.5774 0.3554 -0.7351
vn 0.5774 0.7351 0.3554
vn 0.7070 -0.0053 0.7072
vn 0.7070 0.7072 -0.0001
vn 0.7070 -0.7072 -0.0054
vn 0.5774 -0.7716 0.2671
vn 0.7070 0.7072 -0.0002
vn 0.5774 -0.2670 -0.7716
vn 0.7071 0.7072 0.0026
vn 0.7071 -0.0026 0.7072
vn 0.7071 -0.6473 -0.2846
vn 0.7070 0.6474 0.2847
vn 0.7071 0.2847 -0.6473
vn 0.7071 0.2848 -0.6473
vn 0.5774 -0.5773 0.5774
vn -0.5217 0.7070 0.4775
vn 0.4775 0.7070 0.5217
vn -0.4775 0.7070 -0.5216
vn -0.7072 0.7071 0.0011
vn -0.0079 0.7070 0.7071
vn 0.0012 0.7071 0.7072
vn 0.0043 0.5773 0.8166
vn 0.8165 0.5774 -0.0042
vn -0.0071 0.7071 -0.7070
vn -0.7071 0.7071 0.0072
vn -0.8158 0.5774 -0.0344
vn -0.0343 0.5773 0.8158
vn -0.7071 0.7070 -0.0079
vn -0.0013 0.7071 0.7072
vn -0.8165 0.5774 -0.0058
vn 0.7072 0.7071 0.0013
vn 0.0058 0.5774 -0.8165
vn -0.5216 -0.7071 0.4775
vn -0.5217 -0.7071 0.4774
vn -0.4775 -0.7071 -0.5216
vn 0.4774 -0.7071 0.5217
vn -0.0079 -0.7071 0.7071
vn 0.0012 -0.7071 -0.7072
vn -0.7072 -0.7071 -0.0013
vn 0.0044 -0.5774 0.8165
vn 0.8165 -0.5774 -0.0044
vn 0.7072 -0.7070 0.0071
vn 0.0071 -0.7070 -0.7072
vn -0.8158 -0.5773 -0.0344
vn -0.0345 -0.5773 0.8158
vn -0.7071 -0.7071 -0.0079
vn -0.0013 -0.7070 0.7072
vn -0.8165 -0.5774 -0.0061
vn 0.7072 -0.7070 0.0013
vn -0.0001 -0.7071 -0.7072
vn 0.0061 -0.5774 -0.8165
vn -0.6737 -0.2148 -0.7071
vn -0.6738 -0.2146 -0.7071
vn -0.2148 0.6738 -0.7070
vn 0.2148 -0.6737 -0.7071
vn -0.0225 -0.7068 -0.7071
vn -0.7072 -0.0050 -0.7070
vn -0.7068 0.0228 -0.7071
vn -0.7335 0.3586 -0.5773
vn 0.3587 0.7335 -0.5773
vn 0.7071 -0.0053 -0.7071
vn 0.0049 -0.7072 -0.7070
vn -0.2932 -0.7621 -0.5773
vn 0.7621 -0.2931 -0.5773
vn -0.0053 -0.7072 -0.7070
vn 0.2716 -0.7700 -0.5773
vn 0.0162 0.7070 -0.7071
vn -0.7071 -0.0000 -0.7071
vn -0.7700 -0.2716 -0.5773
vn -0.7070 0.6679 0.2326
vn -0.7071 -0.6678 -0.2325
vn -0.7071 -0.0053 0.7071
vn -0.7070 0.0040 0.7072
vn -0.5773 0.7242 -0.3771
vn -0.7071 -0.0049 -0.7071
vn -0.7070 -0.7072 -0.0053
vn -0.5773 -0.7715 0.2674
vn -0.5774 -0.2671 -0.7716
vn -0.5773 0.5774 0.5774
vn 0.2295 0.6689 0.7071
vn -0.7072 0.0001 0.7071
vn 0.7072 -0.0054 0.7070
vn 0.7068 0.0227 0.7071
vn 0.7254 0.3748 0.5773
vn -0.3749 0.7253 0.5774
vn -0.7072 -0.0049 0.7070
vn -0.0054 -0.7071 0.7071
vn 0.2716 -0.7700 0.5773
vn -0.7701 -0.2714 0.5773
vn 0.0050 -0.7072 0.7070
vn -0.7070 -0.0162 0.7070
vn -0.2929 -0.7621 0.5774
vn -0.0000 0.7073 0.7069
vn 0.7621 -0.2930 0.5773
vn 0.7067 -0.2126 -0.6748
vn 0.5776 0.5772 0.5772
vn 0.7068 -0.2127 -0.6746
vn 0.7071 0.6744 -0.2126
vn 0.7069 -0.6745 0.2129
vn 0.7070 -0.7072 -0.0037
vn 0.7071 0.7071 0.0048
vn 0.7072 0.0049 -0.7070
vn 0.7070 0.0037 -0.7072
vn 0.5774 0.3553 -0.7352
vn 0.5774 0.7351 0.3553
vn 0.7070 -0.7072 -0.0055
vn 0.5773 -0.7716 0.2671
vn 0.7070 0.7072 0.0026
vn 0.7070 -0.0026 0.7072
vn 0.7071 -0.6474 -0.2845
vn 0.7070 0.6474 0.2848
vn 0.7070 0.2846 -0.6474
vn 0.7071 0.2846 -0.6473
vn -0.5533 0.7070 0.4405
vn -0.5533 0.7069 0.4406
vn 0.4405 0.7070 0.5532
vn -0.4404 0.7071 -0.5532
vn 0.0001 1.0000 -0.0000
vn -0.7070 0.7072 0.0010
vn -0.0525 0.5773 0.8148
vn -0.7044 0.7071 0.0621
vn -0.8153 0.5773 0.0445
vn 0.0445 0.5773 0.8153
vn -0.7039 0.7070 -0.0684
vn -0.8121 0.5774 -0.0843
vn 0.5772 -0.5773 -0.5775
vn -0.5533 -0.7071 0.4404
vn -0.4405 -0.7070 -0.5533
vn 0.4405 -0.7071 0.5532
vn -0.0684 -0.7072 0.7037
vn -0.7072 -0.7070 -0.0011
vn -0.0524 -0.5774 0.8148
vn 0.8149 -0.5772 0.0522
vn 0.0001 -1.0000 -0.0001
vn 0.7045 -0.7070 0.0618
vn 0.0620 -0.7069 -0.7046
vn 0.0443 -0.5774 0.8153
vn -0.7038 -0.7071 -0.0682
vn 0.7071 -0.7071 -0.0000
vn 0.0844 -0.5773 -0.8122
vn -0.0000 -0.7071 0.7071
vn 0.1889 -0.6814 -0.7071
vn -0.7071 -0.0097 -0.7071
vn -0.7126 0.3986 -0.5773
vn 0.7071 -0.0099 -0.7071
vn 0.0097 -0.7071 -0.7070
vn -0.0001 -0.0000 -1.0000
vn -0.3305 -0.7466 -0.5774
vn -0.0001 0.0001 -1.0000
vn 0.7466 -0.3303 -0.5776
vn -0.7074 -0.0000 -0.7069
vn -0.0003 -0.0000 -1.0000
vn -0.0100 -0.7071 -0.7070
vn 0.6934 -0.1387 -0.7071
vn 0.3253 -0.7489 -0.5774
vn -0.5774 0.5774 -0.5773
vn -0.7070 0.6679 0.2325
vn -0.7070 -0.6679 -0.2325
vn -0.7070 -0.0122 0.7071
vn -0.7070 0.0038 0.7072
vn -0.7070 -0.0111 -0.7071
vn -0.7071 -0.7071 0.0111
vn -0.5773 -0.7610 -0.2960
vn -0.7071 0.7071 -0.0000
vn -0.5774 -0.2961 0.7609
vn -0.7070 -0.7071 -0.0122
vn -0.7071 -0.0026 0.7072
vn -0.5774 -0.2672 -0.7716
vn 0.1924 0.6805 0.7071
vn 0.7071 -0.0100 0.7071
vn 0.6811 0.1901 0.7071
vn -0.4022 0.7106 0.5774
vn -0.7071 -0.0098 0.7070
vn 0.3253 -0.7489 0.5773
vn 0.0098 -0.7071 0.7070
vn 0.7468 -0.3302 0.5774
vn -0.7072 -0.0001 0.7070
vn 0.7069 -0.2126 -0.6746
vn 0.5775 0.5773 0.5773
vn 0.7070 -0.2128 -0.6745
vn 0.7070 -0.6744 0.2128
vn 0.7071 0.7071 0.0114
vn 0.7071 0.0111 -0.7071
vn 0.5772 0.3554 -0.7352
vn 0.5774 0.7350 0.3555
vn 0.7070 -0.0122 0.7071
vn 0.7070 -0.7071 -0.0125
vn 0.7070 -0.0001 0.7072
vn 0.7071 -0.0027 0.7072
vn 0.7070 0.6473 0.2848
vn -0.4774 0.7070 -0.5217
vn 0.0043 0.5773 0.8165
vn 0.8165 0.5774 -0.0043
vn -0.0071 0.7071 -0.7071
vn -0.8158 0.5774 -0.0343
vn -0.7071 0.7070 -0.0078
vn -0.8165 0.5774 -0.0059
vn 0.0060 0.5774 -0.8164
vn 0.5773 -0.5773 -0.5775
vn -0.5216 -0.7071 0.4774
vn -0.4775 -0.7070 -0.5217
vn 0.4775 -0.7071 0.5215
vn -0.0079 -0.7072 0.7070
vn -0.7072 -0.7071 -0.0011
vn 0.0043 -0.5774 0.8165
vn 0.8165 -0.5774 -0.0043
vn 0.7071 -0.7071 0.0071
vn 0.0071 -0.7069 -0.7073
vn -0.8158 -0.5773 -0.0345
vn -0.0345 -0.5774 0.8157
vn 0.0060 -0.5773 -0.8165
vn -0.2146 0.6739 -0.7070
vn -0.0225 -0.7068 -0.7070
vn -0.7071 -0.0112 -0.7070
vn -0.7068 0.0226 -0.7070
vn -0.7335 0.3588 -0.5773
vn 0.3588 0.7334 -0.5773
vn 0.7071 -0.0121 -0.7071
vn 0.0112 -0.7071 -0.7070
vn -0.2932 -0.7620 -0.5774
vn 0.7621 -0.2931 -0.5774
vn -0.0120 -0.7071 -0.7070
vn 0.2717 -0.7700 -0.5773
vn -0.7700 -0.2715 -0.5774
vn 0.7071 0.0001 -0.7071
vn -0.7070 0.6680 0.2322
vn -0.7070 -0.6679 -0.2326
vn -0.5777 0.3770 0.7240
vn -0.7068 0.0001 -0.7075
vn -0.5774 0.7242 -0.3769
vn -0.7070 -0.7072 0.0002
vn -0.7071 -0.0111 -0.7071
vn -0.7071 -0.7070 0.0111
vn -0.5774 -0.7610 -0.2958
vn 0.7071 -0.0121 0.7070
vn 0.7068 0.0225 0.7071
vn 0.7254 0.3748 0.5774
vn 0.2715 -0.7700 0.5773
vn 0.0113 -0.7071 0.7071
vn -0.0161 0.7070 0.7070
vn 0.7621 -0.2931 0.5774
vn 0.7070 -0.2128 -0.6744
vn 0.7070 0.6744 -0.2127
vn 0.7070 0.7071 0.0112
vn 0.7070 0.0111 -0.7071
vn 0.7071 -0.0122 0.7071
vn 0.7071 -0.7070 -0.0125
vn 0.5774 -0.7715 0.2672
vn 0.5774 -0.2671 -0.7716
vn 0.7070 -0.0027 0.7072
vn 0.7070 -0.6474 -0.2847
vn 0.7070 0.6473 0.2847
vn 0.7070 0.2847 -0.6474
vn -0.8121 0.5774 -0.0842
vn 0.8149 -0.5773 0.0522
vn -0.8121 -0.5773 -0.0844
vn -0.1901 -0.6811 -0.7071
vn 0.0096 -0.7072 -0.7070
vn -0.3306 -0.7466 -0.5773
vn -0.0002 0.7072 -0.7070
vn 0.7467 -0.3304 -0.5774
vn -0.0100 -0.7072 -0.7070
vn 0.3253 -0.7488 -0.5774
vn 0.1386 0.6935 -0.7070
vn -0.7488 -0.3253 -0.5775
vn -0.7070 0.6678 0.2326
vn -0.7070 -0.7071 0.0115
vn -0.7071 0.7071 -0.0001
vn -0.5774 -0.7716 0.2671
vn -0.5771 -0.2672 -0.7717
vn 0.3253 -0.7490 0.5773
vn -0.6935 -0.1388 0.7070
vn 0.7070 -0.7071 -0.0126
vn 0.5773 -0.7716 0.2672
vn 0.7071 -0.6473 -0.2847
vn 0.7071 0.6473 0.2847
vn 0.0060 0.5774 -0.8165
vn 0.4775 -0.7071 0.5216
vn 0.0071 -0.7069 -0.7072
vn -0.0345 -0.5774 0.8158
vn 0.0061 -0.5773 -0.8165
vn 0.5773 0.5774 -0.5773
vn -0.2146 0.6738 -0.7070
vn -0.0000 0.7073 -0.7069
vn 0.7621 -0.2930 -0.5774
vn 0.0162 0.7070 -0.7070
vn -0.7700 -0.2715 -0.5773
vn -0.5774 0.3771 0.7242
vn -0.7069 -0.0111 -0.7072
vn -0.7071 0.7071 -0.0002
vn -0.7071 -0.7070 0.0114
vn -0.5776 -0.2960 0.7608
vn -0.5771 -0.2671 -0.7718
vn 0.6689 -0.2294 0.7071
vn 0.6689 -0.2295 0.7070
vn -0.0122 -0.7071 0.7071
vn 0.2716 -0.7699 0.5774
vn -0.0001 0.0001 1.0000
vn -0.7701 -0.2715 0.5773
vn 0.7068 0.0111 -0.7073
vn 0.7071 -0.7071 -0.0001
vn 0.5774 -0.7716 0.2670
vn 0.5774 -0.2669 -0.7716
vn 0.7070 -0.6474 -0.2846
vn 0.4404 0.7071 0.5532
vn -0.5532 -0.7071 0.4404
vn -0.4404 -0.7070 -0.5533
vn 0.4405 -0.7071 0.5531
vn 0.8148 -0.5773 0.0523
vn 0.7045 -0.7070 0.0620
vn -0.8121 -0.5773 -0.0843
vn 0.7072 -0.7071 0.0010
vn -0.6815 -0.1888 -0.7070
vn -0.6815 -0.1888 -0.7071
vn -0.1889 0.6816 -0.7070
vn 0.7071 -0.0099 -0.7070
vn 0.0098 -0.7071 -0.7071
vn 0.7467 -0.3302 -0.5774
vn -0.0098 -0.7071 -0.7070
vn 0.0003 -0.0000 -1.0000
vn 0.3254 -0.7488 -0.5773
vn 0.0001 0.7073 -0.7069
vn 0.0003 0.0001 -1.0000
vn 0.1388 0.6936 -0.7069
vn -0.7072 0.0002 -0.7071
vn -0.7489 -0.3252 -0.5774
vn -0.7070 -0.6678 -0.2327
vn -0.5774 -0.7610 -0.2960
vn -0.5774 -0.7715 0.2672
vn -0.0102 -0.7071 0.7071
vn -0.0003 -0.0000 1.0000
vn 0.3251 -0.7489 0.5774
vn -0.0002 0.7072 0.7071
vn -0.7489 -0.3254 0.5773
vn 0.7467 -0.3302 0.5774
vn 0.7071 -0.2128 -0.6744
vn 0.7070 0.6744 -0.2128
vn 0.7071 -0.6744 0.2127
vn 0.7071 0.7071 0.0112
vn 0.7071 -0.0001 0.7072
vn 0.7071 0.7072 0.0027
vn 0.0059 0.5774 -0.8165
vn -0.4774 -0.7070 -0.5218
vn 0.0043 -0.5773 0.8165
vn -0.0000 -1.0000 0.0001
vn 0.8165 -0.5774 -0.0042
vn 0.7071 -0.7071 0.0072
vn -0.6738 -0.2147 -0.7071
vn -0.6738 -0.2146 -0.7070
vn -0.0225 -0.7067 -0.7071
vn -0.7335 0.3586 -0.5774
vn 0.0113 -0.7071 -0.7070
vn 0.2716 -0.7699 -0.5774
vn -0.7070 0.6678 0.2325
vn -0.5774 -0.7609 -0.2960
vn -0.5773 -0.7715 0.2673
vn -0.5772 -0.2672 -0.7717
vn 0.2716 -0.7701 0.5772
vn -0.7070 -0.0163 0.7070
vn 0.7073 -0.2126 -0.6742
vn 0.5771 0.5773 0.5776
vn 0.7072 -0.2128 -0.6742
vn 0.7069 0.6745 -0.2129
vn 0.7072 -0.6744 0.2125
vn 1.0000 -0.0000 -0.0003
vn 0.5774 0.3553 -0.7351
vn 0.5773 0.7351 0.3554
vn 0.7070 0.6473 0.2849
vn -0.4404 0.7070 -0.5534
vn -0.0000 1.0000 -0.0001
vn -0.0684 0.7071 0.7038
vn -0.8121 0.5773 -0.0842
vn 0.0843 0.5773 -0.8121
vn -0.4404 -0.7071 -0.5532
vn 0.0014 -0.7071 -0.7072
vn 0.7045 -0.7070 0.0619
vn -0.7039 -0.7071 -0.0682
vn -0.8121 -0.5774 -0.0842
vn -0.6039 -0.3678 -0.7071
vn -0.6040 -0.3677 -0.7071
vn -0.3699 0.6029 -0.7069
vn 0.3702 -0.6024 -0.7072
vn -0.0891 -0.7014 -0.7072
vn -0.7068 -0.0240 -0.7071
vn -0.7016 0.0884 -0.7070
vn -0.7955 0.1842 -0.5773
vn 0.1845 0.7955 -0.5772
vn 0.7067 -0.0245 -0.7071
vn 0.0242 -0.7068 -0.7070
vn -0.1838 -0.7956 -0.5773
vn 0.7957 -0.1833 -0.5773
vn -0.0247 -0.7068 -0.7070
vn 0.7019 -0.0863 -0.7071
vn 0.1766 -0.7972 -0.5773
vn 0.0873 0.7018 -0.7071
vn -0.7072 -0.0000 -0.7070
vn -0.7973 -0.1762 -0.5773
vn -0.7071 -0.4298 0.5615
vn -0.7070 -0.4297 0.5617
vn -0.7071 0.5600 0.4318
vn -0.7070 -0.5599 -0.4320
vn -0.7071 -0.0302 0.7064
vn -0.7070 0.0018 0.7072
vn -0.5774 0.1440 0.8037
vn -0.5774 0.8036 -0.1443
vn -0.7071 -0.0272 -0.7066
vn -0.7071 -0.7066 0.0275
vn -0.5774 -0.8051 -0.1360
vn -0.5774 -0.1358 0.8051
vn -0.7070 -0.7065 -0.0305
vn -0.7071 -0.0017 0.7072
vn -0.5774 -0.8106 0.0977
vn -0.7071 0.7072 0.0016
vn -0.5774 -0.0974 -0.8107
vn 0.6006 -0.3733 0.7071
vn 0.6008 -0.3731 0.7070
vn 0.3752 0.5994 0.7071
vn -0.3755 -0.5993 0.7070
vn 0.0892 -0.7015 0.7071
vn 0.7067 -0.0245 0.7071
vn 0.7016 0.0883 0.7071
vn 0.7938 0.1912 0.5774
vn -0.1916 0.7937 0.5774
vn -0.7068 -0.0240 0.7070
vn -0.0248 -0.7067 0.7071
vn 0.1766 -0.7972 0.5774
vn -0.7973 -0.1762 0.5774
vn 0.0242 -0.7067 0.7071
vn -0.7019 -0.0863 0.7070
vn -0.1837 -0.7956 0.5773
vn -0.0873 0.7018 0.7070
vn 0.7957 -0.1832 0.5773
vn 0.7069 -0.4028 -0.5814
vn 0.7070 -0.4027 -0.5814
vn 0.7071 0.5799 -0.4047
vn 0.7070 -0.5797 0.4052
vn 0.7071 -0.7072 -0.0017
vn 0.7071 0.7066 0.0274
vn 1.0000 -0.0000 0.0003
vn 0.7073 0.0274 -0.7064
vn 0.7071 0.0017 -0.7072
vn 0.5774 0.1061 -0.8096
vn 0.5774 0.8095 0.1064
vn 0.7070 -0.0302 0.7065
vn 0.7070 -0.7065 -0.0305
vn 0.5774 -0.8106 0.0977
vn 0.5774 -0.0974 -0.8107
vn 0.7070 0.7072 0.0017
vn 0.7070 -0.0018 0.7072
vn 0.7070 -0.5756 -0.4109
vn 0.7070 0.5754 0.4111
vn 0.7070 0.4088 -0.5770
vn 0.7071 0.4086 -0.5772
vn -0.5217 0.7071 0.4774
vn 0.4774 0.7071 0.5216
vn -0.7072 0.7071 0.0013
vn -0.0164 0.7071 0.7069
vn -0.0149 0.7071 -0.7070
vn -0.7070 0.7071 0.0152
vn -0.7070 0.7071 -0.0165
vn -0.8165 0.5774 -0.0060
vn 0.0060 0.5773 -0.8165
vn -0.0164 -0.7071 0.7070
vn 0.0042 -0.5774 0.8165
vn 0.7070 -0.7071 0.0151
vn 0.0149 -0.7069 -0.7071
vn -0.8158 -0.5773 -0.0346
vn -0.7070 -0.7071 -0.0165
vn -0.0015 -0.7070 0.7072
vn -0.8165 -0.5774 -0.0062
vn -0.6749 -0.2111 -0.7071
vn -0.6750 -0.2107 -0.7071
vn -0.2121 0.6746 -0.7071
vn 0.2128 -0.6744 -0.7071
vn -0.0481 -0.7055 -0.7071
vn -0.7065 -0.0308 -0.7070
vn -0.7056 0.0476 -0.7071
vn -0.7318 0.3620 -0.5774
vn 0.3626 0.7316 -0.5774
vn 0.7064 -0.0331 -0.7071
vn 0.0311 -0.7065 -0.7070
vn -0.2979 -0.7602 -0.5774
vn 0.7605 -0.2973 -0.5774
vn -0.0334 -0.7064 -0.7070
vn 0.0002 -0.0000 -1.0000
vn 0.7063 -0.0342 -0.7071
vn 0.2767 -0.7683 -0.5772
vn 0.0001 0.7072 -0.7070
vn 0.0346 0.7063 -0.7071
vn -0.7683 -0.2761 -0.5775
vn 0.7073 -0.0000 -0.7069
vn -0.7070 -0.2287 0.6692
vn -0.7070 -0.2283 0.6693
vn -0.7070 0.6688 0.2299
vn -0.7071 -0.6685 -0.2304
vn -0.7070 -0.7072 0.0038
vn -0.7070 -0.0336 0.7064
vn -0.7070 0.0039 0.7072
vn -0.5777 0.3800 0.7224
vn -0.5774 0.7224 -0.3804
vn -0.7070 -0.7072 0.0001
vn -0.7071 -0.0304 -0.7065
vn -0.7071 -0.7065 0.0307
vn -0.5774 -0.7592 -0.3005
vn -0.5774 -0.3002 0.7593
vn -0.7070 -0.7064 -0.0340
vn -0.5774 -0.7698 0.2721
vn -0.7071 0.7072 0.0027
vn -0.5774 -0.2717 -0.7700
vn 0.6702 -0.2256 0.7070
vn 0.6703 -0.2254 0.7070
vn 0.2268 0.6698 0.7071
vn -0.2275 -0.6696 0.7070
vn 0.0481 -0.7056 0.7070
vn 0.7064 -0.0332 0.7070
vn 0.7056 0.0476 0.7071
vn 0.7238 0.3778 0.5774
vn -0.3784 0.7235 0.5774
vn -0.7065 -0.0308 0.7071
vn -0.0335 -0.7064 0.7071
vn 0.2765 -0.7682 0.5774
vn -0.7685 -0.2759 0.5773
vn 0.0312 -0.7065 0.7071
vn -0.7064 -0.0342 0.7070
vn -0.2976 -0.7603 0.5774
vn -0.0346 0.7064 0.7070
vn 0.7605 -0.2972 0.5774
vn 0.7070 -0.2090 -0.6756
vn 0.7071 -0.2088 -0.6756
vn 0.7070 0.6752 -0.2103
vn 0.7071 -0.6750 0.2107
vn 0.7070 -0.7072 -0.0038
vn 0.7070 0.7065 0.0308
vn 0.7069 0.0304 -0.7066
vn 0.7070 0.0039 -0.7072
vn 0.5771 0.3587 -0.7337
vn 0.7073 0.0001 0.7070
vn 0.5773 0.7332 0.3594
vn 0.7071 -0.0336 0.7063
vn 0.7071 -0.7063 -0.0338
vn 0.5774 -0.7699 0.2720
vn 0.5774 -0.2715 -0.7700
vn 0.7070 0.7072 0.0027
vn 0.7070 -0.0028 0.7072
vn 0.7070 -0.6487 -0.2817
vn 0.7071 0.6484 0.2821
vn 0.7072 0.2800 -0.6492
vn 0.7071 0.2798 -0.6493
vn 0.5772 -0.5774 0.5775
vn -0.7106 0.6555 -0.2558
vn -0.8639 0.5022 0.0390
vn -0.6830 0.6830 -0.2587
vn -0.5022 0.8639 -0.0390
vn -0.6830 0.6830 0.2587
vn -0.6554 0.7107 0.2558
vn -0.9432 0.2123 -0.2558
vn -0.9992 0.0030 0.0390
vn -0.9330 0.2500 -0.2587
vn -0.7107 0.6554 -0.2558
vn -0.8668 0.4971 -0.0390
vn -0.9330 0.2500 0.2587
vn -0.9229 0.2878 0.2558
vn -0.6555 0.7106 0.2558
vn -0.9431 0.2123 -0.2558
vn -0.6830 0.6831 -0.2587
vn -0.9230 0.2875 0.2558
vn -0.9229 0.2877 0.2558
vn -0.2878 0.9229 -0.2557
vn -0.4971 0.8668 0.0390
vn -0.2500 0.9330 -0.2587
vn -0.0030 0.9992 -0.0390
vn -0.2500 0.9330 0.2587
vn -0.2123 0.9431 0.2558
vn -0.2878 0.9229 -0.2558
vn 0.2123 0.9431 -0.2558
vn 0.0030 0.9992 0.0390
vn 0.2500 0.9330 -0.2587
vn 0.4971 0.8668 -0.0390
vn 0.2500 0.9330 0.2587
vn 0.2877 0.9229 0.2558
vn 0.2500 0.9330 0.2588
vn 0.2875 0.9230 0.2558
vn -0.2877 0.9229 -0.2558
vn -0.2123 0.9432 0.2558
vn 0.2878 0.9229 0.2558
vn 0.6555 0.7106 -0.2558
vn 0.5022 0.8639 0.0390
vn 0.6830 0.6830 -0.2587
vn 0.8639 0.5022 -0.0390
vn 0.6830 0.6830 0.2587
vn 0.7106 0.6555 0.2558
vn 0.9992 0.0030 -0.0390
vn 0.9330 0.2500 0.2587
vn 0.9431 0.2123 0.2558
vn 0.7105 0.6556 0.2558
vn 0.9229 0.2877 -0.2558
vn 0.8668 0.4971 0.0390
vn 0.9330 0.2500 -0.2587
vn 0.6830 0.6831 0.2587
vn 0.9230 0.2875 -0.2558
vn 0.9432 0.2123 0.2558
vn 0.7105 -0.6556 -0.2558
vn 0.8639 -0.5022 0.0390
vn 0.6830 -0.6830 -0.2587
vn 0.5022 -0.8639 -0.0390
vn 0.6830 -0.6830 0.2587
vn 0.6555 -0.7106 0.2558
vn 0.9431 -0.2123 -0.2558
vn 0.9992 -0.0030 0.0390
vn 0.9330 -0.2500 -0.2587
vn 0.7107 -0.6554 -0.2557
vn 0.8668 -0.4971 -0.0390
vn 0.9330 -0.2500 0.2587
vn 0.9229 -0.2877 0.2558
vn 0.9230 0.2876 -0.2558
vn 0.9229 0.2878 -0.2558
vn 0.6554 -0.7107 0.2558
vn 0.9229 -0.2878 0.2558
vn 0.7106 -0.6555 -0.2558
vn 0.6830 -0.6831 -0.2587
vn 0.9229 -0.2878 0.2557
vn 0.9432 -0.2123 -0.2558
vn 0.2877 -0.9229 -0.2558
vn 0.4971 -0.8668 0.0390
vn 0.2500 -0.9330 -0.2587
vn 0.0030 -0.9992 -0.0390
vn 0.2500 -0.9330 0.2587
vn 0.2123 -0.9432 0.2557
vn 0.2123 -0.9431 0.2558
vn 0.2878 -0.9229 -0.2557
vn 0.2125 -0.9431 0.2558
vn -0.2123 -0.9431 -0.2558
vn -0.0030 -0.9992 0.0390
vn -0.2500 -0.9330 -0.2587
vn -0.4971 -0.8668 -0.0390
vn -0.2500 -0.9330 0.2587
vn -0.2877 -0.9229 0.2558
vn -0.2123 -0.9432 -0.2558
vn -0.2878 -0.9229 0.2558
vn -0.9229 -0.2877 -0.2558
vn -0.8668 -0.4971 0.0390
vn -0.9330 -0.2500 -0.2587
vn -0.9992 -0.0030 -0.0390
vn -0.9330 -0.2500 0.2587
vn -0.9431 -0.2123 0.2558
vn -0.6555 -0.7106 -0.2558
vn -0.5022 -0.8639 0.0390
vn -0.6830 -0.6830 -0.2587
vn -0.9229 -0.2878 -0.2558
vn -0.8639 -0.5022 -0.0390
vn -0.6830 -0.6830 0.2587
vn -0.7106 -0.6555 0.2558
vn -0.9432 -0.2123 0.2558
vn -0.9230 -0.2875 -0.2558
vn -0.7107 -0.6554 0.2558
vn -0.6554 -0.7107 -0.2557
vn -0.6830 -0.6831 0.2587
vn -0.6556 -0.7105 -0.2558
vn -0.7105 -0.6555 0.2558
vt 2.189291 -1.270780
vt 2.189291 -1.273501
vt 2.191751 -1.273501
vt 2.191751 -1.270780
vt 2.189291 0.205010
vt 2.213024 -1.273501
vt 2.191751 0.205010
vt 2.189291 0.207474
vt 2.191751 0.207474
vt 2.213024 0.207474
vt 2.213024 0.205010
vt 2.215400 0.207474
vt 2.215400 0.205010
vt 2.213024 -1.270780
vt 2.215400 -1.273501
vt 2.215400 -1.270780
vt -1.191751 -1.273501
vt -1.189291 -1.273501
vt -1.189291 -1.270780
vt -1.191751 -1.270780
vt -1.213024 -1.273501
vt -1.191751 0.205010
vt -1.189291 0.205010
vt -1.189291 0.207474
vt -1.191751 0.207474
vt -1.213024 0.205010
vt -1.213024 0.207474
vt -1.215400 0.207474
vt -1.215400 0.205010
vt -1.213024 -1.270780
vt -1.215400 -1.273501
vt -1.215400 -1.270780
vt -1.175474 2.191751
vt -1.175474 2.189291
vt -1.167962 2.189291
vt -1.167962 2.191751
vt -1.175474 2.213024
vt -1.017639 2.189291
vt -1.167962 2.213024
vt -1.175474 2.215400
vt -1.167962 2.215400
vt -1.017639 2.215400
vt -1.017639 2.191751
vt -1.012253 2.189291
vt -1.012253 2.191751
vt -1.017639 2.213024
vt -1.012253 2.215400
vt -1.012253 2.213024
vt -1.175474 -1.270780
vt -1.175474 -1.273501
vt -1.167962 -1.273501
vt -1.167962 -1.270780
vt -1.175474 0.205010
vt -1.017639 -1.273501
vt -1.167962 0.205010
vt -1.175474 0.207474
vt -1.167961 0.207474
vt -1.017639 0.207474
vt -1.017639 0.205010
vt -1.012252 0.207474
vt -1.012253 0.205010
vt -1.017639 -1.270780
vt -1.012253 -1.273501
vt -1.012253 -1.270780
vt 2.175474 2.213024
vt 2.175474 2.215400
vt 2.167961 2.215400
vt 2.167961 2.213024
vt 2.175474 2.191751
vt 2.017639 2.215400
vt 2.167961 2.191751
vt 2.175474 2.189291
vt 2.167961 2.189291
vt 2.017639 2.189291
vt 2.017639 2.213024
vt 2.012252 2.215400
vt 2.012252 2.213024
vt 2.017639 2.191751
vt 2.012252 2.189291
vt 2.012252 2.191751
vt 2.175474 0.205010
vt 2.175474 0.207474
vt 2.167961 0.207474
vt 2.167961 0.205010
vt 2.175474 -1.270780
vt 2.017639 0.205010
vt 2.017639 0.207474
vt 2.167962 -1.270780
vt 2.175474 -1.273501
vt 2.167962 -1.273501
vt 2.017639 -1.273501
vt 2.017639 -1.270780
vt 2.012253 -1.273501
vt 2.012253 -1.270780
vt 2.012252 0.205010
vt 2.012252 0.207474
vt 2.218841 -1.270780
vt 2.218841 -1.273501
vt 2.219993 -1.273501
vt 2.219993 -1.270780
vt 2.218841 0.205010
vt 2.417724 -1.273501
vt 2.417724 -1.270780
vt 2.420551 -1.273501
vt 2.420551 -1.270780
vt 2.420551 0.205010
vt 2.417724 0.205010
vt 2.420551 0.207474
vt 2.417724 0.207474
vt 2.219993 0.205010
vt 2.219993 0.207474
vt 2.218841 0.207474
vt -1.219993 -1.273501
vt -1.218841 -1.273501
vt -1.218841 -1.270780
vt -1.219993 -1.270780
vt -1.219993 0.205010
vt -1.417724 -1.273500
vt -1.417724 -1.270780
vt -1.420551 -1.273500
vt -1.420551 -1.270780
vt -1.420551 0.205010
vt -1.417724 0.205010
vt -1.420551 0.207474
vt -1.417724 0.207474
vt -1.219993 0.207474
vt -1.218841 0.207474
vt -1.218841 0.205010
vt -1.175474 2.219993
vt -1.175474 2.218841
vt -1.167962 2.218841
vt -1.167962 2.219993
vt -1.175474 2.417724
vt -1.017639 2.218841
vt -1.167962 2.417724
vt -1.175474 2.420551
vt -1.167962 2.420551
vt -1.017639 2.420551
vt -1.017639 2.219993
vt -1.012253 2.218841
vt -1.012253 2.219993
vt -1.017639 2.417724
vt -1.012253 2.420551
vt -1.012253 2.417724
vt -1.175474 -1.270780
vt -1.175474 -1.273501
vt -1.167961 -1.270780
vt -1.175474 0.205010
vt -1.017639 -1.273500
vt -1.175474 0.207474
vt -1.167962 0.207474
vt -1.017639 0.207474
vt -1.017640 0.205010
vt -1.012252 0.207474
vt -1.012253 0.205010
vt -1.012253 -1.273500
vt -1.012253 -1.270780
vt 2.175474 2.417724
vt 2.175474 2.420551
vt 2.167962 2.420551
vt 2.167962 2.417724
vt 2.175474 2.219993
vt 2.017639 2.420551
vt 2.167961 2.219993
vt 2.175474 2.218841
vt 2.167961 2.218841
vt 2.017639 2.218841
vt 2.017639 2.417724
vt 2.012252 2.420551
vt 2.012252 2.417724
vt 2.017639 2.219993
vt 2.012253 2.218841
vt 2.012253 2.219993
vt 2.167961 0.207474
vt 2.167962 0.205010
vt 2.017640 0.205010
vt 2.017639 0.207474
vt 2.167961 -1.270780
vt 2.017639 -1.273501
vt 2.017639 -1.270780
vt 2.012253 0.205010
vt 2.012253 0.207474
vt 2.189291 -1.270780
vt 2.189291 -1.273501
vt 2.191252 -1.273501
vt 2.191252 -1.270780
vt 2.189291 0.205010
vt 2.212953 -1.273501
vt 2.191252 0.205010
vt 2.189291 0.207474
vt 2.191252 0.207474
vt 2.212953 0.207474
vt 2.212953 0.205010
vt 2.215400 0.207474
vt 2.215400 0.205010
vt 2.212953 -1.270780
vt 2.215400 -1.273501
vt 2.215400 -1.270780
vt -1.191252 -1.273501
vt -1.189291 -1.273501
vt -1.189291 -1.270780
vt -1.191252 -1.270780
vt -1.212953 -1.273501
vt -1.191252 0.205010
vt -1.189291 0.205010
vt -1.189291 0.207474
vt -1.191252 0.207474
vt -1.212953 0.205010
vt -1.212953 0.207474
vt -1.215400 0.207474
vt -1.215400 0.205010
vt -1.212953 -1.270780
vt -1.215400 -1.273501
vt -1.215400 -1.270780
vt 0.330196 2.191252
vt 0.330196 2.189291
vt 0.337708 2.189291
vt 0.337708 2.191252
vt 0.330196 2.212953
vt 0.488030 2.189291
vt 0.337708 2.212953
vt 0.330196 2.215400
vt 0.337708 2.215400
vt 0.488030 2.215400
vt 0.488030 2.191252
vt 0.493417 2.189291
vt 0.493417 2.191252
vt 0.488030 2.212953
vt 0.493417 2.215400
vt 0.493417 2.212953
vt 0.330196 -1.270780
vt 0.330196 -1.273501
vt 0.337708 -1.273501
vt 0.337708 -1.270780
vt 0.330196 0.205010
vt 0.488030 -1.273501
vt 0.337708 0.205010
vt 0.330196 0.207474
vt 0.337708 0.207474
vt 0.488030 0.207474
vt 0.488030 0.205010
vt 0.493417 0.207474
vt 0.493417 0.205010
vt 0.488030 -1.270780
vt 0.493417 -1.273501
vt 0.493417 -1.270780
vt 0.669804 2.212953
vt 0.669804 2.215400
vt 0.662292 2.215400
vt 0.662292 2.212953
vt 0.669804 2.191252
vt 0.511970 2.215400
vt 0.662292 2.191252
vt 0.669804 2.189291
vt 0.662292 2.189291
vt 0.511970 2.189291
vt 0.511970 2.212953
vt 0.506583 2.215400
vt 0.506583 2.212953
vt 0.511970 2.191252
vt 0.506583 2.189291
vt 0.506583 2.191252
vt 0.669804 0.205010
vt 0.669804 0.207474
vt 0.662292 0.207474
vt 0.662292 0.205010
vt 0.669804 -1.270780
vt 0.511970 0.205010
vt 0.511970 0.207474
vt 0.662292 -1.270780
vt 0.669804 -1.273501
vt 0.662292 -1.273501
vt 0.511970 -1.273501
vt 0.511970 -1.270780
vt 0.506583 -1.273501
vt 0.506583 -1.270780
vt 0.506583 0.205010
vt 0.506583 0.207474
vt 2.218842 -1.270780
vt 2.218842 -1.273501
vt 2.220659 -1.273501
vt 2.220659 -1.270780
vt 2.218842 0.205010
vt 2.417962 -1.273501
vt 2.220659 0.205010
vt 2.218842 0.207474
vt 2.220659 0.207474
vt 2.417962 0.207474
vt 2.417962 0.205010
vt 2.420552 0.207474
vt 2.420552 0.205010
vt 2.417962 -1.270780
vt 2.420552 -1.273501
vt 2.420552 -1.270780
vt -1.220659 -1.273501
vt -1.218842 -1.273501
vt -1.218842 -1.270780
vt -1.220659 -1.270780
vt -1.417962 -1.273501
vt -1.220659 0.205010
vt -1.218842 0.205010
vt -1.218842 0.207474
vt -1.220659 0.207474
vt -1.417962 0.205010
vt -1.417962 0.207474
vt -1.420552 0.207474
vt -1.420552 0.205010
vt -1.417962 -1.270780
vt -1.420552 -1.273501
vt -1.420552 -1.270780
vt 0.330196 2.220659
vt 0.330196 2.218842
vt 0.337708 2.218842
vt 0.337708 2.220659
vt 0.330195 2.417962
vt 0.488030 2.218842
vt 0.337708 2.417962
vt 0.330195 2.420552
vt 0.337708 2.420552
vt 0.488030 2.420552
vt 0.488030 2.220659
vt 0.493417 2.218842
vt 0.493417 2.220659
vt 0.488030 2.417962
vt 0.493417 2.420552
vt 0.493417 2.417962
vt 0.330196 -1.270780
vt 0.330195 -1.273501
vt 0.337708 -1.273501
vt 0.337708 -1.270780
vt 0.330196 0.205010
vt 0.337708 0.205010
vt 0.330196 0.207474
vt 0.337708 0.207474
vt 0.488030 0.207474
vt 0.488030 0.205010
vt 0.493417 0.207474
vt 0.493417 0.205010
vt 0.488030 -1.270780
vt 0.493417 -1.273501
vt 0.493417 -1.270780
vt 0.669804 2.417962
vt 0.669804 2.420552
vt 0.662292 2.420552
vt 0.662292 2.417962
vt 0.669804 2.220659
vt 0.511970 2.420552
vt 0.662292 2.220659
vt 0.669804 2.218842
vt 0.662292 2.218842
vt 0.511970 2.218842
vt 0.511970 2.417962
vt 0.506583 2.420552
vt 0.506583 2.417962
vt 0.511970 2.220659
vt 0.506583 2.218842
vt 0.506583 2.220659
vt 0.662292 0.207474
vt 0.669804 -1.270780
vt 0.511970 0.205010
vt 0.511970 0.207474
vt 0.662292 -1.273501
vt 0.511970 -1.270780
vt 0.506583 -1.273501
vt 0.506583 -1.270780
vt 0.506583 0.205010
vt 0.506583 0.207474
vt 2.189292 -1.270780
vt 2.189292 -1.273501
vt 2.191038 -1.273501
vt 2.191038 -1.270780
vt 2.189292 0.205010
vt 2.213619 -1.273501
vt 2.191038 0.205010
vt 2.189292 0.207474
vt 2.191038 0.207474
vt 2.213619 0.207474
vt 2.213619 0.205010
vt 2.215401 0.207474
vt 2.215401 0.205010
vt 2.213619 -1.270780
vt 2.215401 -1.273501
vt 2.215401 -1.270780
vt -1.191038 -1.273501
vt -1.189292 -1.273501
vt -1.189292 -1.270780
vt -1.191038 -1.270780
vt -1.213619 -1.273501
vt -1.191038 0.205010
vt -1.189292 0.205010
vt -1.189292 0.207474
vt -1.191038 0.207474
vt -1.213619 0.205010
vt -1.213619 0.207474
vt -1.215401 0.207474
vt -1.215401 0.205010
vt -1.213619 -1.270780
vt -1.215401 -1.273501
vt -1.215401 -1.270780
vt 1.841350 2.191038
vt 1.841350 2.189292
vt 1.848863 2.189292
vt 1.848862 2.191038
vt 1.841350 2.213619
vt 1.999185 2.189292
vt 1.848862 2.213619
vt 1.841350 2.215401
vt 1.848862 2.215401
vt 1.999185 2.215401
vt 1.999185 2.191038
vt 2.004571 2.189292
vt 2.004571 2.191038
vt 1.999185 2.213619
vt 2.004571 2.215401
vt 2.004571 2.213619
vt 1.841350 -1.270780
vt 1.841350 -1.273501
vt 1.848862 -1.273501
vt 1.848863 -1.270780
vt 1.841350 0.205010
vt 1.999185 -1.273501
vt 1.848863 0.205010
vt 1.841350 0.207474
vt 1.848863 0.207474
vt 1.999185 0.207474
vt 1.999185 0.205010
vt 2.004572 0.207474
vt 2.004571 0.205010
vt 1.999185 -1.270780
vt 2.004571 -1.273501
vt 2.004571 -1.270780
vt -0.841350 2.213619
vt -0.841350 2.215401
vt -0.848863 2.215401
vt -0.848863 2.213619
vt -0.841350 2.191038
vt -0.999185 2.215401
vt -0.848863 2.191038
vt -0.841350 2.189292
vt -0.848863 2.189292
vt -0.999185 2.189292
vt -0.999185 2.213619
vt -1.004572 2.215401
vt -1.004572 2.213619
vt -0.999185 2.191038
vt -1.004572 2.189292
vt -1.004572 2.191038
vt -0.841350 0.205010
vt -0.841350 0.207474
vt -0.848863 0.207474
vt -0.848863 0.205010
vt -0.841350 -1.270780
vt -0.999185 0.205010
vt -0.999185 0.207474
vt -0.848863 -1.270780
vt -0.841350 -1.273501
vt -0.848863 -1.273501
vt -0.999185 -1.273501
vt -0.999185 -1.270780
vt -1.004571 -1.273501
vt -1.004571 -1.270780
vt -1.004572 0.205010
vt -1.004572 0.207474
vt 2.218842 -1.270780
vt 2.218842 -1.273501
vt 2.220850 -1.273501
vt 2.220850 -1.270780
vt 2.218842 0.205010
vt 2.418390 -1.273501
vt 2.220850 0.205010
vt 2.218842 0.207474
vt 2.220850 0.207474
vt 2.418390 0.207474
vt 2.418390 0.205010
vt 2.420552 0.207474
vt 2.420552 0.205010
vt 2.418390 -1.270780
vt 2.420552 -1.273501
vt 2.420552 -1.270780
vt -1.220850 -1.273501
vt -1.218842 -1.273501
vt -1.218842 -1.270780
vt -1.220850 -1.270780
vt -1.418390 -1.273500
vt -1.220850 0.205010
vt -1.218842 0.205010
vt -1.218842 0.207474
vt -1.220850 0.207474
vt -1.418390 0.205010
vt -1.418390 0.207474
vt -1.420552 0.207474
vt -1.420552 0.205010
vt -1.418390 -1.270780
vt -1.420552 -1.273500
vt -1.420552 -1.270780
vt 1.841350 2.220850
vt 1.841350 2.218842
vt 1.848862 2.218842
vt 1.848862 2.220850
vt 1.841350 2.418390
vt 1.999185 2.218842
vt 1.848862 2.418390
vt 1.841350 2.420552
vt 1.848862 2.420552
vt 1.999184 2.420552
vt 1.999185 2.220850
vt 2.004571 2.218842
vt 2.004571 2.220850
vt 1.999184 2.418390
vt 2.004571 2.420552
vt 2.004571 2.418390
vt 1.841350 -1.270780
vt 1.841350 -1.273501
vt 1.841350 0.205010
vt 1.999184 -1.273500
vt 1.841350 0.207474
vt 1.999185 0.207474
vt 1.999185 0.205010
vt 2.004571 0.207474
vt 2.004571 0.205010
vt 1.999184 -1.270780
vt 2.004571 -1.273500
vt -0.841350 2.418390
vt -0.841350 2.420552
vt -0.848863 2.420552
vt -0.848863 2.418390
vt -0.841350 2.220850
vt -0.999185 2.420552
vt -0.848863 2.220850
vt -0.841350 2.218842
vt -0.848863 2.218842
vt -0.999185 2.218842
vt -0.999185 2.418390
vt -1.004572 2.420552
vt -1.004572 2.418390
vt -0.999185 2.220850
vt -1.004572 2.218842
vt -1.004572 2.220850
vt -0.848863 0.207474
vt -0.848863 0.205010
vt -0.999185 0.205010
vt -0.999185 0.207474
vt -0.848862 -1.273501
vt -1.004571 -1.273501
vt -1.004572 0.205010
vt -1.004572 0.207474
vt 1.906416 -1.262486
vt -1.199366 -1.260525
vt -1.199366 -1.262486
vt -2.506659 2.199365
vt -2.506659 2.201559
vt -2.512115 2.201559
vt -2.512115 2.199365
vt -2.506660 -0.906416
vt -2.736025 2.201559
vt -2.512115 -0.906416
vt -2.506660 -0.909448
vt -2.512115 -0.909448
vt -2.736026 -0.909448
vt -2.736026 -0.906416
vt -2.742005 -0.909448
vt -2.742005 -0.906416
vt -2.736025 2.199365
vt -2.742004 2.201559
vt -2.742004 2.199365
vt 3.512115 2.201560
vt 3.506659 2.201560
vt 3.506659 2.199366
vt 3.512115 2.199366
vt 3.736025 2.201560
vt 3.512115 -0.906416
vt 3.506660 -0.906416
vt 3.506660 -0.909449
vt 3.512115 -0.909449
vt 3.736026 -0.906416
vt 3.736026 -0.909449
vt 3.742005 -0.909449
vt 3.742005 -0.906416
vt 3.736025 2.199366
vt 3.742004 2.201560
vt 3.742004 2.199366
vt 3.512115 -1.077912
vt 3.506659 -1.077912
vt 3.506659 -1.080993
vt 3.512115 -1.080993
vt 3.736025 -1.077912
vt 3.506659 -1.260525
vt 3.736025 -1.080993
vt 3.742004 -1.077912
vt 3.742004 -1.080993
vt 3.742004 -1.260525
vt 3.512115 -1.260525
vt 3.506659 -1.262486
vt 3.512115 -1.262486
vt 3.736025 -1.260525
vt 3.742004 -1.262486
vt 3.736025 -1.262486
vt -1.199365 -1.077912
vt -1.201559 -1.077912
vt -1.201559 -1.080993
vt -1.199365 -1.080993
vt 1.906416 -1.077912
vt -1.201560 -1.260525
vt -1.201560 -1.262486
vt 1.906416 -1.260525
vt 1.906416 -1.080993
vt 1.909449 -1.260525
vt 1.909449 -1.262486
vt 1.909448 -1.080993
vt 1.909448 -1.077912
vt -2.736026 -1.077912
vt -2.742005 -1.077912
vt -2.742005 -1.080993
vt -2.736026 -1.080993
vt -2.512115 -1.077912
vt -2.742005 -1.260525
vt -2.512115 -1.080993
vt -2.506660 -1.077912
vt -2.506660 -1.080993
vt -2.506660 -1.260525
vt -2.736026 -1.260525
vt -2.742005 -1.262486
vt -2.736026 -1.262486
vt -2.512115 -1.260525
vt -2.506660 -1.262486
vt -2.512115 -1.262486
vt -0.906416 -1.077912
vt -0.909448 -1.077912
vt -0.909448 -1.080993
vt -0.906416 -1.080993
vt 2.199365 -1.077912
vt -0.906416 -1.260525
vt -0.909449 -1.260525
vt 2.199365 -1.080993
vt -0.906416 -1.262486
vt -0.909449 -1.262486
vt 2.199366 -1.260525
vt 2.201560 -1.260525
vt 2.201560 -1.262486
vt 2.199366 -1.262486
vt 2.201559 -1.080993
vt 2.201559 -1.077912
vt 1.906416 0.212541
vt -1.199366 0.214502
vt -1.199366 0.212541
vt -2.468475 2.199365
vt -2.468475 2.201560
vt -2.473930 2.201560
vt -2.473930 2.199365
vt -2.468475 -0.906416
vt -2.697840 2.201559
vt -2.473931 -0.906416
vt -2.468475 -0.909448
vt -2.473931 -0.909448
vt -2.697841 -0.909448
vt -2.697841 -0.906416
vt -2.703821 -0.909448
vt -2.703821 -0.906416
vt -2.697840 2.199366
vt -2.703820 2.201559
vt -2.703820 2.199366
vt 3.473930 2.201560
vt 3.468475 2.201560
vt 3.468475 2.199366
vt 3.473930 2.199366
vt 3.697840 2.201559
vt 3.473931 -0.906416
vt 3.468475 -0.906416
vt 3.468475 -0.909448
vt 3.473931 -0.909448
vt 3.697841 -0.906416
vt 3.697841 -0.909448
vt 3.703821 -0.909448
vt 3.703821 -0.906416
vt 3.697840 2.199366
vt 3.703820 2.201559
vt 3.703820 2.199366
vt 3.473930 0.382280
vt 3.468475 0.382280
vt 3.468475 0.379199
vt 3.473930 0.379199
vt 3.697840 0.382280
vt 3.468475 0.214502
vt 3.697840 0.379199
vt 3.703820 0.382280
vt 3.703820 0.379199
vt 3.703820 0.214502
vt 3.473930 0.214502
vt 3.468475 0.212541
vt 3.473930 0.212541
vt 3.697840 0.214502
vt 3.703820 0.212541
vt 3.697840 0.212541
vt -1.199366 0.382280
vt -1.201559 0.382280
vt -1.201559 0.379199
vt -1.199366 0.379199
vt 1.906416 0.382280
vt -1.201559 0.214502
vt -1.201559 0.212541
vt 1.906416 0.214502
vt 1.906416 0.379199
vt 1.909448 0.214502
vt 1.909448 0.212540
vt 1.909448 0.379199
vt 1.909448 0.382280
vt -2.697841 0.382280
vt -2.703821 0.382280
vt -2.703821 0.379199
vt -2.697841 0.379199
vt -2.473931 0.382280
vt -2.703821 0.214502
vt -2.473931 0.379199
vt -2.468475 0.382280
vt -2.468475 0.379199
vt -2.468475 0.214502
vt -2.697841 0.214502
vt -2.703821 0.212540
vt -2.697841 0.212540
vt -2.473931 0.214502
vt -2.468475 0.212540
vt -2.473931 0.212540
vt -0.906416 0.382280
vt -0.909448 0.382280
vt -0.909448 0.379199
vt -0.906416 0.379199
vt 2.199365 0.382280
vt -0.906416 0.214502
vt -0.909448 0.214502
vt 2.199365 0.379199
vt -0.906416 0.212541
vt -0.909448 0.212540
vt 2.199366 0.214502
vt 2.201560 0.214502
vt 2.201560 0.212541
vt 2.199366 0.212541
vt 2.201560 0.379199
vt 2.201560 0.382280
vt 3.572479 1.879076
vt 0.505975 1.881034
vt 0.505975 1.879072
vt 0.494025 2.189291
vt 0.496640 2.189291
vt 0.496640 2.193867
vt 0.494025 2.193867
vt -2.572479 2.189292
vt 0.496641 2.415667
vt -2.572479 2.193867
vt -2.576096 2.189292
vt -2.576096 2.193867
vt -2.576096 2.415667
vt -2.572479 2.415667
vt -2.576096 2.420681
vt -2.572479 2.420681
vt 0.494025 2.415667
vt 0.496641 2.420681
vt 0.494025 2.420681
vt 0.503360 2.193867
vt 0.503360 2.189291
vt 0.505976 2.189291
vt 0.505976 2.193867
vt 0.503360 2.415667
vt 3.572479 2.193867
vt 3.572479 2.189292
vt 3.576095 2.189292
vt 3.576095 2.193867
vt 3.572479 2.415667
vt 3.576095 2.415667
vt 3.576095 2.420681
vt 3.572479 2.420681
vt 0.505975 2.415667
vt 0.503360 2.420681
vt 0.505975 2.420681
vt 2.193867 2.060752
vt 2.189291 2.060752
vt 2.189291 2.057671
vt 2.193867 2.057671
vt 2.415667 2.060752
vt 2.189291 1.881034
vt 2.415667 2.057671
vt 2.420681 2.060752
vt 2.420681 2.057671
vt 2.420681 1.881034
vt 2.193867 1.881034
vt 2.189291 1.879073
vt 2.193867 1.879073
vt 2.415667 1.881034
vt 2.420681 1.879073
vt 2.415667 1.879073
vt 0.505975 2.060752
vt 0.503359 2.060752
vt 0.503359 2.057671
vt 0.505975 2.057671
vt 3.572479 2.060756
vt 0.503360 1.881034
vt 0.503360 1.879073
vt 3.572479 1.881038
vt 3.572479 2.057675
vt 3.576095 1.881038
vt 3.576095 1.879076
vt 3.576096 2.057675
vt 3.576096 2.060756
vt -1.415667 2.060756
vt -1.420681 2.060756
vt -1.420681 2.057675
vt -1.415667 2.057675
vt -1.193867 2.060756
vt -1.420681 1.881038
vt -1.193867 2.057675
vt -1.189292 2.060756
vt -1.189292 2.057675
vt -1.189292 1.881038
vt -1.415667 1.881038
vt -1.420681 1.879076
vt -1.415667 1.879076
vt -1.193867 1.881038
vt -1.189292 1.879076
vt -1.193867 1.879076
vt -2.572479 2.060756
vt -2.576096 2.060756
vt -2.576096 2.057675
vt -2.572479 2.057675
vt 0.494025 2.060752
vt -2.572479 1.881038
vt -2.576095 1.881038
vt 0.494025 2.057671
vt -2.572479 1.879076
vt -2.576095 1.879076
vt 0.494024 1.881034
vt 0.496640 1.881034
vt 0.496640 1.879073
vt 0.494024 1.879072
vt 0.496640 2.057671
vt 0.496640 2.060752
vt 1.906416 1.882007
vt -1.199365 1.883969
vt -1.199365 1.882007
vt -2.506660 -0.906416
vt -2.736025 2.201559
vt -2.512115 -0.906416
vt -2.506660 -0.909448
vt -2.512115 -0.909448
vt -2.736026 -0.909448
vt -2.736026 -0.906416
vt -2.742005 -0.909448
vt -2.742005 -0.906416
vt -2.742004 2.201559
vt 3.512115 2.201559
vt 3.506659 2.201559
vt 3.506659 2.199365
vt 3.512115 2.199365
vt 3.736025 2.201559
vt 3.512115 -0.906416
vt 3.506660 -0.906416
vt 3.506660 -0.909448
vt 3.512115 -0.909448
vt 3.736026 -0.906416
vt 3.736026 -0.909448
vt 3.742005 -0.909448
vt 3.742005 -0.906416
vt 3.736025 2.199365
vt 3.742004 2.201559
vt 3.742004 2.199365
vt 3.512115 2.051746
vt 3.506659 2.051746
vt 3.506659 2.048666
vt 3.512115 2.048666
vt 3.736025 2.051746
vt 3.506659 1.883969
vt 3.736025 2.048666
vt 3.742004 2.051746
vt 3.742004 2.048666
vt 3.742004 1.883969
vt 3.512115 1.883969
vt 3.506659 1.882007
vt 3.512115 1.882007
vt 3.736025 1.883969
vt 3.742004 1.882007
vt 3.736025 1.882007
vt -1.199365 2.051746
vt -1.201559 2.051746
vt -1.201559 2.048666
vt -1.199365 2.048666
vt 1.906416 2.051746
vt -1.201559 1.883969
vt -1.201559 1.882007
vt 1.906416 1.883968
vt 1.906416 2.048665
vt 1.909448 1.883968
vt 1.909448 1.882007
vt 1.909448 2.048665
vt 1.909448 2.051746
vt -2.736026 2.051746
vt -2.742005 2.051746
vt -2.742005 2.048665
vt -2.736026 2.048665
vt -2.512115 2.051746
vt -2.742005 1.883968
vt -2.512115 2.048665
vt -2.506660 2.051746
vt -2.506660 2.048665
vt -2.506660 1.883968
vt -2.736026 1.883968
vt -2.742005 1.882007
vt -2.736026 1.882007
vt -2.512115 1.883968
vt -2.506660 1.882007
vt -2.512115 1.882007
vt -0.906416 2.051746
vt -0.909448 2.051746
vt -0.909448 2.048665
vt -0.906416 2.048665
vt 2.199365 2.051746
vt -0.906416 1.883968
vt -0.909448 1.883968
vt 2.199365 2.048666
vt -0.906416 1.882007
vt -0.909448 1.882007
vt 2.199365 1.883969
vt 2.201559 1.883969
vt 2.201559 1.882007
vt 2.199365 1.882007
vt 2.201559 2.048666
vt 2.201559 2.051746
vt 2.189292 0.392229
vt 2.189292 0.389508
vt 2.191038 0.389508
vt 2.191038 0.392229
vt 2.189292 1.873581
vt 2.213619 0.389508
vt 2.191038 1.873581
vt 2.189292 1.876045
vt 2.191038 1.876045
vt 2.213619 1.876045
vt 2.213619 1.873581
vt 2.215401 1.876045
vt 2.215401 1.873581
vt 2.213619 0.392229
vt 2.215401 0.389508
vt 2.215401 0.392229
vt -1.191038 0.389508
vt -1.189292 0.389508
vt -1.189292 0.392229
vt -1.191038 0.392229
vt -1.213619 0.389509
vt -1.191038 1.873581
vt -1.189292 1.873581
vt -1.189292 1.876045
vt -1.191038 1.876045
vt -1.213619 1.873581
vt -1.213619 1.876045
vt -1.215401 1.876045
vt -1.215401 1.873581
vt -1.213619 0.392229
vt -1.215401 0.389508
vt -1.215401 0.392229
vt 1.841350 0.392229
vt 1.841350 0.389508
vt 1.848862 0.389508
vt 1.848863 0.392229
vt 1.841350 1.873581
vt 1.999185 0.389508
vt 1.848863 1.873581
vt 1.841350 1.876045
vt 1.848863 1.876045
vt 1.999185 1.876045
vt 1.999185 1.873581
vt 2.004572 1.876045
vt 2.004571 1.873581
vt 1.999185 0.392229
vt 2.004571 0.389508
vt 2.004571 0.392229
vt -0.841350 1.873581
vt -0.841350 1.876045
vt -0.848863 1.876045
vt -0.848863 1.873581
vt -0.841350 0.392229
vt -0.999185 1.873581
vt -0.999185 1.876045
vt -0.848863 0.392229
vt -0.841350 0.389508
vt -0.848863 0.389508
vt -0.999185 0.389508
vt -0.999185 0.392229
vt -1.004571 0.389508
vt -1.004571 0.392229
vt -1.004572 1.873581
vt -1.004572 1.876045
vt 2.218842 0.392229
vt 2.218842 0.389508
vt 2.220850 0.389508
vt 2.220850 0.392229
vt 2.218842 1.873581
vt 2.418390 0.389508
vt 2.220850 1.873581
vt 2.218842 1.876045
vt 2.220850 1.876045
vt 2.418390 1.876045
vt 2.418390 1.873581
vt 2.420552 1.876045
vt 2.420552 1.873581
vt 2.418390 0.392229
vt 2.420552 0.389508
vt 2.420552 0.392229
vt -1.220850 0.389508
vt -1.218842 0.389508
vt -1.218842 0.392229
vt -1.220850 0.392229
vt -1.418390 0.389509
vt -1.220850 1.873581
vt -1.218842 1.873581
vt -1.218842 1.876045
vt -1.220850 1.876045
vt -1.418390 1.873581
vt -1.418390 1.876045
vt -1.420552 1.876045
vt -1.420552 1.873581
vt -1.418390 0.392229
vt -1.420552 0.389509
vt -1.420552 0.392229
vt 1.841350 0.392229
vt 1.841350 0.389508
vt 1.841350 1.873581
vt 1.999184 0.389509
vt 1.841350 1.876045
vt 1.999185 1.876045
vt 1.999185 1.873581
vt 2.004571 1.876045
vt 2.004571 1.873581
vt 1.999184 0.392229
vt 2.004571 0.389509
vt 2.004571 0.392229
vt -0.848863 1.876045
vt -0.848863 1.873581
vt -0.999185 1.876045
vt -0.848862 0.389508
vt -0.999185 0.389508
vt -0.999185 0.392229
vt -1.004571 0.389508
vt -1.004572 1.876045
vt 3.483965 0.397790
vt 3.483965 0.395070
vt 3.486048 0.395070
vt 3.486048 0.397790
vt 3.483965 1.873581
vt 3.512973 0.395070
vt 3.486048 1.873581
vt 3.483965 1.876045
vt 3.486048 1.876045
vt 3.512973 1.876045
vt 3.512973 1.873581
vt 3.515097 1.876045
vt 3.515097 1.873581
vt 3.512973 0.397790
vt 3.515097 0.395070
vt 3.515097 0.397790
vt -2.486048 0.395070
vt -2.483966 0.395070
vt -2.483966 0.397790
vt -2.486048 0.397791
vt -2.512973 0.395070
vt -2.486048 1.873581
vt -2.483966 1.873581
vt -2.483966 1.876045
vt -2.486048 1.876045
vt -2.512973 1.873581
vt -2.512973 1.876045
vt -2.515097 1.876045
vt -2.515097 1.873581
vt -2.512973 0.397791
vt -2.515097 0.395070
vt -2.515097 0.397791
vt 3.486048 -0.761199
vt 3.483965 -0.761199
vt 3.483965 -0.767500
vt 3.486048 -0.767500
vt 3.512973 -0.761199
vt 3.483966 -0.893569
vt 3.512973 -0.767500
vt 3.515097 -0.761199
vt 3.515097 -0.767500
vt 3.515097 -0.893569
vt 3.486048 -0.893569
vt 3.483966 -0.898087
vt 3.486048 -0.898087
vt 3.512973 -0.893569
vt 3.515097 -0.898087
vt 3.512973 -0.898087
vt 1.761199 0.397790
vt 1.761199 0.395070
vt 1.767500 0.395070
vt 1.767500 0.397790
vt 1.761200 1.873581
vt 1.893569 0.395070
vt 1.767500 1.873581
vt 1.761200 1.876045
vt 1.767500 1.876045
vt 1.893569 1.876045
vt 1.893569 1.873581
vt 1.898087 1.876045
vt 1.898087 1.873581
vt 1.893569 0.397791
vt 1.898087 0.395070
vt 1.898087 0.397791
vt -2.512973 -0.761200
vt -2.515097 -0.761200
vt -2.515097 -0.767500
vt -2.512973 -0.767500
vt -2.486048 -0.761200
vt -2.515097 -0.893569
vt -2.486048 -0.767500
vt -2.483965 -0.761200
vt -2.483965 -0.767500
vt -2.483966 -0.893569
vt -2.512973 -0.893569
vt -2.515097 -0.898087
vt -2.512973 -0.898087
vt -2.486048 -0.893569
vt -2.483966 -0.898087
vt -2.486048 -0.898087
vt -0.761200 1.873581
vt -0.761200 1.876045
vt -0.767500 1.876045
vt -0.767500 1.873581
vt -0.761199 0.397790
vt -0.893569 1.873581
vt -0.893569 1.876045
vt -0.767500 0.397790
vt -0.761199 0.395070
vt -0.767500 0.395070
vt -0.893569 0.395070
vt -0.893569 0.397790
vt -0.898087 0.395070
vt -0.898087 0.397790
vt -0.898087 1.873581
vt -0.898087 1.876045
vt 3.519200 0.397790
vt 3.519200 0.395070
vt 3.521595 0.395070
vt 3.521595 0.397790
vt 3.519200 1.873581
vt 3.757137 0.395070
vt 3.521595 1.873581
vt 3.519200 1.876045
vt 3.521595 1.876045
vt 3.757137 1.876045
vt 3.757137 1.873581
vt 3.759715 1.876045
vt 3.759715 1.873581
vt 3.757137 0.397790
vt 3.759715 0.395070
vt 3.759715 0.397790
vt -2.521595 0.395070
vt -2.519200 0.395070
vt -2.519200 0.397790
vt -2.521595 0.397791
vt -2.757137 0.395070
vt -2.521595 1.873581
vt -2.519200 1.873581
vt -2.519200 1.876045
vt -2.521595 1.876045
vt -2.757137 1.873581
vt -2.757137 1.876045
vt -2.759715 1.876045
vt -2.759715 1.873581
vt -2.757137 0.397791
vt -2.759715 0.395070
vt -2.759715 0.397791
vt 3.521595 -0.761199
vt 3.519200 -0.761199
vt 3.519200 -0.767500
vt 3.521595 -0.767500
vt 3.757137 -0.761199
vt 3.519200 -0.893569
vt 3.757137 -0.767500
vt 3.759715 -0.761199
vt 3.759715 -0.767500
vt 3.759715 -0.893569
vt 3.521595 -0.893569
vt 3.519200 -0.898087
vt 3.521595 -0.898087
vt 3.757137 -0.893569
vt 3.759715 -0.898087
vt 3.757137 -0.898087
vt 1.761199 1.873581
vt 1.893569 0.395070
vt 1.761200 1.876045
vt 1.893569 1.876045
vt 1.893569 1.873581
vt 1.898087 1.876045
vt 1.898087 1.873581
vt 1.893569 0.397791
vt 1.898087 0.395070
vt 1.898087 0.397791
vt -2.757137 -0.761200
vt -2.759715 -0.761200
vt -2.759715 -0.767500
vt -2.757137 -0.767500
vt -2.521595 -0.761200
vt -2.759715 -0.893569
vt -2.521595 -0.767500
vt -2.519200 -0.761200
vt -2.519200 -0.767500
vt -2.519200 -0.893569
vt -2.757137 -0.893569
vt -2.759715 -0.898087
vt -2.757137 -0.898087
vt -2.521595 -0.893569
vt -2.519200 -0.898087
vt -2.521595 -0.898087
vt -0.767500 1.873581
vt -0.893569 1.876045
vt -0.767500 0.395070
vt -0.893569 0.395070
vt -0.893569 0.397791
vt -0.898087 0.395070
vt -0.898087 0.397790
vt -0.898087 1.876045
vt 3.479753 0.397790
vt 3.479753 0.395070
vt 3.481836 0.395070
vt 3.481836 0.397790
vt 3.479753 1.873581
vt 3.508760 0.395070
vt 3.481836 1.873581
vt 3.479753 1.876045
vt 3.481836 1.876045
vt 3.508760 1.876045
vt 3.508760 1.873581
vt 3.510885 1.876045
vt 3.510885 1.873581
vt 3.508760 0.397790
vt 3.510885 0.395070
vt 3.510885 0.397790
vt -2.481836 0.395070
vt -2.479753 0.395070
vt -2.479753 0.397790
vt -2.481836 0.397791
vt -2.508760 0.395070
vt -2.481836 1.873581
vt -2.479753 1.873581
vt -2.479753 1.876045
vt -2.481836 1.876045
vt -2.508760 1.873581
vt -2.508760 1.876045
vt -2.510885 1.876045
vt -2.510885 1.873581
vt -2.508760 0.397791
vt -2.510885 0.395070
vt -2.510885 0.397791
vt 3.481836 1.177151
vt 3.479753 1.177151
vt 3.479753 1.170851
vt 3.481836 1.170851
vt 3.508760 1.177151
vt 3.479753 1.044782
vt 3.508760 1.170851
vt 3.510885 1.177151
vt 3.510885 1.170851
vt 3.510885 1.044782
vt 3.481836 1.044782
vt 3.479753 1.040264
vt 3.481836 1.040264
vt 3.508760 1.044782
vt 3.510885 1.040264
vt 3.508760 1.040264
vt -0.177151 0.397790
vt -0.177151 0.395070
vt -0.170851 0.395070
vt -0.170851 0.397790
vt -0.177151 1.873581
vt -0.044782 0.395070
vt -0.170851 1.873581
vt -0.177151 1.876045
vt -0.170851 1.876045
vt -0.044782 1.876045
vt -0.044782 1.873581
vt -0.040264 1.876045
vt -0.040264 1.873581
vt -0.044782 0.397791
vt -0.040264 0.395070
vt -0.040264 0.397791
vt -2.508760 1.177151
vt -2.510885 1.177151
vt -2.510885 1.170851
vt -2.508760 1.170851
vt -2.481836 1.177151
vt -2.510885 1.044782
vt -2.481836 1.170851
vt -2.479753 1.177151
vt -2.479753 1.170851
vt -2.479753 1.044782
vt -2.508760 1.044782
vt -2.510885 1.040264
vt -2.508760 1.040264
vt -2.481836 1.044782
vt -2.479753 1.040264
vt -2.481836 1.040264
vt 1.177151 1.873581
vt 1.177151 1.876045
vt 1.170851 1.876045
vt 1.170851 1.873581
vt 1.177151 0.397790
vt 1.044782 1.873581
vt 1.044782 1.876045
vt 1.170851 0.397790
vt 1.177151 0.395070
vt 1.170851 0.395070
vt 1.044782 0.395070
vt 1.044782 0.397790
vt 1.040264 0.395070
vt 1.040264 0.397790
vt 1.040264 1.873581
vt 1.040264 1.876045
vt 3.514988 0.397790
vt 3.514988 0.395070
vt 3.517382 0.395070
vt 3.517382 0.397790
vt 3.514988 1.873581
vt 3.752925 0.395070
vt 3.517382 1.873581
vt 3.514988 1.876045
vt 3.517382 1.876045
vt 3.752925 1.876045
vt 3.752925 1.873581
vt 3.755503 1.876045
vt 3.755503 1.873581
vt 3.752925 0.397790
vt 3.755503 0.395070
vt 3.755503 0.397790
vt -2.517382 0.395070
vt -2.514988 0.395070
vt -2.514988 0.397790
vt -2.517382 0.397791
vt -2.752925 0.395070
vt -2.517382 1.873581
vt -2.514988 1.873581
vt -2.514988 1.876045
vt -2.517382 1.876045
vt -2.752925 1.873581
vt -2.752925 1.876045
vt -2.755502 1.876045
vt -2.755502 1.873581
vt -2.752925 0.397791
vt -2.755502 0.395070
vt -2.755502 0.397791
vt 3.517382 1.177151
vt 3.514988 1.177151
vt 3.514988 1.170851
vt 3.517382 1.170851
vt 3.752925 1.177151
vt 3.514988 1.044782
vt 3.752925 1.170851
vt 3.755503 1.177151
vt 3.755503 1.170851
vt 3.755502 1.044782
vt 3.517382 1.044782
vt 3.514988 1.040264
vt 3.517382 1.040264
vt 3.752925 1.044782
vt 3.755502 1.040264
vt 3.752925 1.040264
vt -0.170851 0.395070
vt -0.170851 0.397790
vt -0.177151 1.873581
vt -0.044782 0.395070
vt -0.044782 1.876045
vt -0.044782 1.873581
vt -0.040264 1.876045
vt -0.040264 1.873581
vt -0.044782 0.397791
vt -0.040264 0.395070
vt -0.040264 0.397791
vt -2.752925 1.177151
vt -2.755503 1.177151
vt -2.755503 1.170851
vt -2.752925 1.170851
vt -2.517382 1.177151
vt -2.755502 1.044782
vt -2.517382 1.170851
vt -2.514988 1.177151
vt -2.514988 1.170851
vt -2.514988 1.044782
vt -2.752925 1.044782
vt -2.755502 1.040264
vt -2.752925 1.040264
vt -2.517382 1.044782
vt -2.514988 1.040264
vt -2.517382 1.040264
vt 1.170851 1.876045
vt 1.177151 0.397790
vt 1.044782 1.876045
vt 1.044782 0.395070
vt 1.044782 0.397791
vt 1.040264 0.395070
vt 1.040264 0.397790
vt 1.040264 1.876045
vt 2.272530 -1.263967
vt 2.272530 -1.266688
vt 2.274277 -1.266688
vt 2.274277 -1.263967
vt 2.272530 0.182297
vt 2.296857 -1.266688
vt 2.274277 0.182297
vt 2.272530 0.184761
vt 2.274277 0.184761
vt 2.296857 0.184761
vt 2.296857 0.182297
vt 2.298639 0.184761
vt 2.298639 0.182297
vt 2.296857 -1.263967
vt 2.298639 -1.266688
vt 2.298639 -1.263967
vt -1.274277 -1.266688
vt -1.272530 -1.266688
vt -1.272530 -1.263967
vt -1.274277 -1.263967
vt -1.296857 -1.266687
vt -1.274277 0.182297
vt -1.272530 0.182297
vt -1.272530 0.184761
vt -1.274277 0.184761
vt -1.296857 0.182297
vt -1.296857 0.184761
vt -1.298639 0.184761
vt -1.298639 0.182297
vt -1.296857 -1.263967
vt -1.298639 -1.266688
vt -1.298639 -1.263967
vt 1.937918 2.274277
vt 1.937918 2.272530
vt 1.941270 2.272530
vt 1.941270 2.274277
vt 1.937918 2.296857
vt 2.001292 2.272530
vt 1.941270 2.296857
vt 1.937918 2.298639
vt 1.941270 2.298639
vt 2.001292 2.298639
vt 2.001292 2.274277
vt 2.004571 2.272530
vt 2.004571 2.274277
vt 2.001292 2.296857
vt 2.004571 2.298639
vt 2.004571 2.296857
vt 1.937918 -1.263967
vt 1.937918 -1.266688
vt 1.941270 -1.266688
vt 1.941270 -1.263967
vt 1.937918 0.182297
vt 2.001292 -1.266688
vt 1.941270 0.182297
vt 1.937919 0.184761
vt 1.941270 0.184761
vt 2.001293 0.184761
vt 2.001292 0.182297
vt 2.004572 0.184761
vt 2.004571 0.182297
vt 2.001292 -1.263967
vt 2.004571 -1.266688
vt 2.004571 -1.263967
vt -0.937919 2.296857
vt -0.937919 2.298639
vt -0.941270 2.298639
vt -0.941270 2.296857
vt -0.937919 2.274277
vt -1.001293 2.298639
vt -0.941270 2.274277
vt -0.937919 2.272530
vt -0.941270 2.272530
vt -1.001293 2.272530
vt -1.001293 2.296857
vt -1.004572 2.298639
vt -1.004572 2.296857
vt -1.001293 2.274277
vt -1.004572 2.272530
vt -1.004572 2.274277
vt -0.937918 0.182297
vt -0.937919 0.184761
vt -0.941270 0.184761
vt -0.941270 0.182297
vt -0.937918 -1.263967
vt -1.001292 0.182297
vt -1.001293 0.184761
vt -0.941270 -1.263967
vt -0.937918 -1.266688
vt -0.941270 -1.266688
vt -1.001292 -1.266688
vt -1.001292 -1.263967
vt -1.004571 -1.266688
vt -1.004571 -1.263967
vt -1.004571 0.182297
vt -1.004572 0.184761
vt 2.302080 -1.263967
vt 2.302080 -1.266688
vt 2.304088 -1.266688
vt 2.304088 -1.263967
vt 2.302080 0.182297
vt 2.398259 -1.266688
vt 2.304088 0.182297
vt 2.302080 0.184761
vt 2.304088 0.184761
vt 2.398259 0.184761
vt 2.398259 0.182297
vt 2.400421 0.184761
vt 2.400421 0.182297
vt 2.398259 -1.263967
vt 2.400421 -1.266688
vt 2.400421 -1.263967
vt -1.304088 -1.266688
vt -1.302080 -1.266688
vt -1.302080 -1.263967
vt -1.304088 -1.263967
vt -1.398259 -1.266687
vt -1.304088 0.182297
vt -1.302080 0.182297
vt -1.302080 0.184761
vt -1.304088 0.184761
vt -1.398259 0.182297
vt -1.398259 0.184761
vt -1.400421 0.184761
vt -1.400421 0.182297
vt -1.398259 -1.263967
vt -1.400421 -1.266687
vt -1.400421 -1.263967
vt 1.937918 2.304088
vt 1.937918 2.302080
vt 1.945431 2.302080
vt 1.945431 2.304088
vt 1.937918 2.398259
vt 1.999185 2.302080
vt 1.945431 2.398259
vt 1.937918 2.400421
vt 1.945431 2.400421
vt 1.999184 2.400421
vt 1.999185 2.304088
vt 2.004571 2.302080
vt 2.004571 2.304088
vt 1.999184 2.398259
vt 2.004571 2.400421
vt 2.004571 2.398259
vt 1.945431 -1.266688
vt 1.945431 -1.263967
vt 1.999184 -1.266687
vt 1.945431 0.182297
vt 1.945431 0.184761
vt 1.999185 0.184761
vt 1.999185 0.182297
vt 2.004572 0.184761
vt 2.004571 0.182297
vt 1.999184 -1.263967
vt 2.004571 -1.266687
vt 2.004571 -1.263967
vt -0.937919 2.398259
vt -0.937919 2.400421
vt -0.945431 2.400421
vt -0.945431 2.398259
vt -0.937919 2.304088
vt -0.999185 2.400421
vt -0.945431 2.304088
vt -0.937919 2.302080
vt -0.945431 2.302080
vt -0.999185 2.302080
vt -0.999185 2.398259
vt -1.004572 2.400421
vt -1.004572 2.398259
vt -0.999185 2.304088
vt -1.004572 2.302080
vt -1.004572 2.304088
vt -0.945431 0.184761
vt -0.945431 0.182297
vt -0.937918 -1.263967
vt -0.999185 0.182297
vt -0.999185 0.184761
vt -0.945431 -1.263967
vt -0.945431 -1.266688
vt -0.999185 -1.266688
vt -0.999185 -1.263967
vt -1.004572 0.182297
vt -1.004572 0.184761
vt -1.169126 -1.237622
vt -1.229598 -0.542034
vt -1.229598 -1.237622
vt -1.169126 -0.542034
vt -1.086520 -1.237622
vt -1.229598 0.153554
vt -1.086520 -0.542034
vt -1.169126 0.153554
vt -1.229598 0.849142
vt -1.086520 0.153554
vt -1.169126 0.849142
vt -1.229598 1.544730
vt -1.086520 0.849142
vt -1.169126 1.544730
vt -1.229598 2.240318
vt -1.086520 1.544730
vt -1.169126 2.240318
vt -1.086520 2.240318
vt 3.505363 -1.237622
vt 3.406865 -0.542034
vt 3.406865 -1.237622
vt 3.505363 -0.542034
vt 3.406865 0.153554
vt 3.308367 -0.542034
vt 3.308367 -1.237622
vt 3.308367 0.153554
vt 3.308367 0.849142
vt 3.406865 0.849142
vt 3.308367 1.544730
vt 3.505363 0.153554
vt 3.505363 0.849142
vt 3.406865 1.544730
vt 3.308367 2.240318
vt 3.406865 2.240318
vt 2.229598 -1.237622
vt 2.169126 -0.542034
vt 2.169126 -1.237622
vt 2.229598 -0.542034
vt 2.169126 0.153554
vt 2.086520 0.153554
vt 2.229598 0.153554
vt 2.086520 0.849142
vt 2.169126 0.849142
vt 2.229598 0.849142
vt 2.086520 1.544730
vt 2.169126 1.544730
vt 2.086520 2.240318
vt 2.229598 1.544730
vt 2.169126 2.240318
vt 2.229598 2.240318
vt 2.003914 -1.237622
vt 1.943442 -0.542034
vt 1.943442 -1.237622
vt 2.003914 -0.542034
vt 2.086520 -1.237622
vt 1.943442 0.153554
vt 2.086520 -0.542034
vt 2.003914 0.153554
vt 1.943442 0.849142
vt 2.003914 0.849142
vt 1.943442 1.544730
vt 2.003914 1.544730
vt 1.943442 2.240318
vt 2.003914 2.240318
vt -2.308367 -1.237622
vt -2.406865 -0.542034
vt -2.406865 -1.237622
vt -2.308367 -0.542034
vt -2.406865 0.153554
vt -2.308367 0.153554
vt -2.406865 0.849142
vt -2.308367 0.849142
vt -2.406865 1.544730
vt -2.308367 1.544730
vt -2.406865 2.240318
vt -2.308367 2.240318
vt -2.505363 -0.542034
vt -2.505363 -1.237622
vt -2.505363 0.153554
vt -2.505363 0.849142
vt -2.505363 1.544730
vt -2.505363 2.240318
vt -1.003913 -1.237622
vt -1.003913 -0.542034
vt -0.943442 -1.237622
vt -0.943442 -0.542034
vt -1.003913 0.153554
vt -0.943442 0.153554
vt -1.003913 0.849142
vt -0.943442 0.849142
vt -1.003913 1.544730
vt -0.943442 1.544730
vt -1.003913 2.240318
vt -0.943442 2.240318
vt 3.505363 1.544730
vt 3.505363 2.240318
vt 3.406865 2.086520
vt 3.406865 2.251732
vt 3.308367 2.229598
vt 3.505363 2.229598
vt 3.236262 2.169126
vt 3.577468 2.169126
vt 3.209870 2.086520
vt 3.603861 2.086520
vt 3.236262 2.003914
vt 3.577468 2.003913
vt 3.308367 1.943442
vt 3.505363 1.943442
vt 3.406865 1.921307
vt -2.406865 2.086520
vt -2.308367 2.229598
vt -2.406865 2.251732
vt -2.505363 2.229598
vt -2.236262 2.169126
vt -2.577468 2.169126
vt -2.209870 2.086520
vt -2.603861 2.086520
vt -2.236262 2.003914
vt -2.577468 2.003913
vt -2.308367 1.943442
vt -2.505363 1.943442
vt -2.406865 1.921307
s 1
f 1/1/1 3/2/2 2/3/3
f 4/1/4 6/3/5 5/4/6
f 7/5/7 9/1/8 8/4/6
f 10/6/9 12/4/6 11/3/10
f 13/5/11 15/4/6 14/7/6
f 16/8/12 18/5/13 17/7/14
f 19/8/15 21/7/6 20/9/16
f 22/10/17 24/9/18 23/7/6
f 25/10/19 27/7/14 26/11/14
s 0
f 28/11/6 30/7/6 29/4/6
s 1
f 31/12/20 33/10/18 32/11/6
f 34/12/21 36/11/22 35/13/23
f 37/6/24 39/14/6 38/4/6
s 0
f 40/11/6 42/4/6 41/14/6
s 1
f 43/13/25 45/11/6 44/14/6
f 46/15/26 48/14/6 47/6/27
f 49/13/28 51/14/6 50/16/29
f 52/15/30 54/16/31 53/14/6
f 55/17/32 57/18/33 56/19/32
f 58/17/34 60/19/35 59/20/36
f 61/21/37 63/17/38 62/20/36
f 64/22/36 66/20/36 65/19/39
f 67/22/36 69/19/40 68/23/41
f 70/24/42 72/22/43 71/23/44
f 73/24/45 75/25/46 74/22/36
f 76/25/47 78/26/43 77/22/43
s 0
f 79/26/36 81/20/36 80/22/36
s 1
f 82/25/48 84/27/49 83/26/36
f 85/28/50 87/26/36 86/27/51
f 88/28/52 90/29/44 89/26/43
f 91/21/53 93/20/43 92/30/43
s 0
f 94/26/36 96/30/36 95/20/36
s 1
f 97/29/54 99/30/36 98/26/36
f 100/31/55 102/21/38 101/30/36
f 103/29/56 105/32/57 104/30/36
f 106/31/58 108/30/36 107/32/59
f 109/33/60 111/34/61 110/35/62
f 112/33/63 114/35/64 113/36/65
f 115/37/66 117/33/67 116/36/65
f 118/38/68 120/36/65 119/35/69
f 121/37/70 123/36/65 122/39/65
f 124/40/71 126/37/72 125/39/73
f 127/40/74 129/39/73 128/41/75
f 130/42/76 132/41/77 131/39/73
f 133/38/78 135/43/65 134/36/65
s 0
f 136/43/65 138/39/65 137/36/65
s 1
f 139/44/79 141/43/65 140/38/69
f 142/44/80 144/45/81 143/43/65
f 145/42/82 147/39/65 146/46/65
s 0
f 148/43/65 150/46/65 149/39/65
s 1
f 151/45/83 153/46/65 152/43/65
f 154/47/84 156/42/85 155/46/65
f 157/45/86 159/48/81 158/46/65
f 160/47/87 162/46/65 161/48/88
f 163/49/89 165/50/90 164/51/91
f 166/49/92 168/51/93 167/52/94
f 169/53/95 171/49/96 170/52/94
f 172/54/97 174/52/94 173/51/98
f 175/53/99 177/52/94 176/55/94
f 178/56/100 180/53/96 179/55/94
f 181/56/101 183/55/94 182/57/102
f 184/58/103 186/57/104 185/55/94
f 187/58/105 189/55/94 188/59/94
s 0
f 190/59/94 192/55/94 191/52/94
s 1
f 193/60/106 195/58/104 194/59/94
f 196/60/107 198/59/94 197/61/108
f 199/54/109 201/62/94 200/52/94
s 0
f 202/59/94 204/52/94 203/62/94
s 1
f 205/61/110 207/59/94 206/62/94
f 208/63/111 210/62/94 209/54/98
f 211/61/112 213/62/94 212/64/113
f 214/63/114 216/64/115 215/62/94
f 217/65/116 219/66/117 218/67/118
f 220/65/119 222/67/120 221/68/121
f 223/69/122 225/65/123 224/68/121
f 226/70/124 228/68/121 227/67/125
f 229/69/126 231/68/121 230/71/121
f 232/72/127 234/69/123 233/71/121
f 235/72/128 237/71/121 236/73/129
f 238/74/130 240/73/131 239/71/121
f 241/70/132 243/75/133 242/68/133
s 0
f 244/75/121 246/71/121 245/68/121
s 1
f 247/76/134 249/75/133 248/70/135
f 250/76/136 252/77/137 251/75/133
f 253/74/138 255/71/121 254/78/121
s 0
f 256/75/121 258/78/121 257/71/121
s 1
f 259/77/139 261/78/121 260/75/121
f 262/79/140 264/74/141 263/78/121
f 265/77/142 267/80/143 266/78/121
f 268/79/144 270/78/121 269/80/145
f 271/81/146 273/82/147 272/83/148
f 274/81/149 276/83/150 275/84/151
f 277/85/152 279/81/153 278/84/151
f 280/86/151 282/84/151 281/83/154
f 283/86/151 285/83/155 284/87/156
f 286/85/157 288/84/151 287/88/151
s 0
f 289/86/151 291/88/151 290/84/151
s 1
f 292/89/158 294/85/159 293/88/151
f 295/89/160 297/88/151 296/90/161
f 298/91/162 300/90/163 299/88/151
f 301/91/164 303/88/151 302/92/151
s 0
f 304/86/151 306/92/151 305/88/151
s 1
f 307/93/165 309/91/166 308/92/151
f 310/93/167 312/92/151 311/94/168
f 313/95/169 315/94/170 314/92/151
f 316/95/171 318/92/151 317/86/151
f 319/95/172 321/86/151 320/87/173
f 322/95/174 324/87/175 323/96/176
f 325/97/177 327/98/178 326/99/177
f 328/97/179 330/99/180 329/100/6
f 331/101/181 333/97/182 332/100/6
f 334/102/183 336/100/6 335/99/10
f 337/102/184 339/103/6 338/100/6
f 340/104/185 342/103/6 341/102/10
f 343/104/186 345/105/187 344/103/6
f 346/106/188 348/103/6 347/105/29
s 0
f 349/107/6 351/100/6 350/103/6
s 1
f 352/106/189 354/107/6 353/103/6
f 355/108/190 357/107/6 356/106/191
f 358/108/192 360/109/10 359/107/193
s 0
f 361/107/6 363/110/6 362/100/6
s 1
f 364/109/194 366/110/22 365/107/22
f 367/109/195 369/111/196 368/110/22
f 370/112/197 372/110/22 371/111/198
f 373/112/199 375/101/13 374/110/14
f 376/101/200 378/100/6 377/110/6
f 379/113/201 381/114/33 380/115/202
f 382/113/203 384/115/204 383/116/36
f 385/117/36 387/116/36 386/115/205
f 388/118/206 390/113/38 389/116/36
f 391/118/207 393/116/36 392/119/36
f 394/120/208 396/118/38 395/119/36
f 397/120/209 399/119/36 398/121/59
f 400/122/210 402/121/57 401/119/36
s 0
f 403/123/36 405/119/36 404/116/36
s 1
f 406/122/211 408/119/36 407/123/36
f 409/124/212 411/122/213 410/123/43
f 412/124/214 414/123/215 413/125/216
f 415/126/217 417/125/218 416/123/219
s 0
f 418/123/36 420/116/36 419/117/36
s 1
f 421/126/220 423/123/36 422/117/36
f 424/127/221 426/126/222 425/117/36
f 427/127/223 429/117/36 428/128/224
f 430/117/36 432/115/225 431/128/226
f 433/129/227 435/130/228 434/131/229
f 436/129/230 438/131/231 437/132/232
f 439/133/233 441/129/67 440/132/65
f 442/134/234 444/132/232 443/131/235
f 445/133/236 447/132/65 446/135/65
f 448/136/237 450/133/67 449/135/65
f 451/136/238 453/135/65 452/137/239
f 454/138/240 456/137/241 455/135/65
f 457/134/242 459/139/232 458/132/232
s 0
f 460/139/65 462/135/65 461/132/65
s 1
f 463/140/243 465/139/232 464/134/244
f 466/140/245 468/141/246 467/139/232
f 469/138/247 471/135/65 470/142/65
s 0
f 472/139/65 474/142/65 473/135/65
s 1
f 475/141/248 477/142/65 476/139/65
f 478/143/249 480/138/241 479/142/65
f 481/141/250 483/144/251 482/142/65
f 484/143/252 486/142/65 485/144/253
f 487/145/91 489/146/254 488/51/91
f 490/145/255 492/51/256 491/147/257
f 493/148/258 495/145/113 494/147/94
f 496/149/97 498/147/94 497/51/98
f 499/148/259 501/147/257 500/55/257
f 502/150/260 504/148/113 503/55/94
f 505/150/261 507/55/257 506/151/262
f 508/152/103 510/151/263 509/55/94
f 511/152/264 513/55/94 512/153/94
s 0
f 514/153/94 516/55/94 515/147/94
s 1
f 517/154/106 519/152/104 518/153/94
f 520/154/107 522/153/94 521/155/265
f 523/149/109 525/62/94 524/147/94
s 0
f 526/153/94 528/147/94 527/62/94
s 1
f 529/155/110 531/153/94 530/62/94
f 532/156/266 534/62/94 533/149/98
f 535/155/112 537/62/94 536/157/113
f 538/156/114 540/157/115 539/62/94
f 541/158/267 543/159/268 542/160/269
f 544/158/270 546/160/271 545/161/121
f 547/162/272 549/158/273 548/161/121
f 550/163/274 552/161/121 551/160/125
f 553/162/275 555/161/121 554/164/121
f 556/165/276 558/162/277 557/164/278
f 559/165/279 561/164/280 560/166/281
f 562/167/282 564/166/283 563/164/284
f 565/163/285 567/168/121 566/161/121
s 0
f 568/168/121 570/164/121 569/161/121
s 1
f 571/169/286 573/168/121 572/163/141
f 574/169/287 576/170/143 575/168/121
f 577/167/288 579/164/289 578/171/289
s 0
f 580/168/121 582/171/121 581/164/121
s 1
f 583/170/290 585/171/121 584/168/121
f 586/172/291 588/167/292 587/171/289
f 589/170/293 591/173/294 590/171/121
f 592/172/295 594/171/289 593/173/296
f 595/81/146 597/82/147 596/174/148
f 598/81/149 600/174/297 599/175/151
f 601/85/152 603/81/153 602/175/151
f 604/176/151 606/175/151 605/174/154
f 607/176/151 609/174/155 608/177/298
f 610/85/299 612/175/151 611/178/151
s 0
f 613/176/151 615/178/151 614/175/151
s 1
f 616/89/158 618/85/300 617/178/151
f 619/89/301 621/178/151 620/90/161
f 622/179/162 624/90/302 623/178/151
f 625/179/303 627/178/151 626/180/151
s 0
f 628/176/151 630/180/151 629/178/151
s 1
f 631/93/165 633/179/163 632/180/151
f 634/93/167 636/180/151 635/94/168
f 637/181/304 639/94/170 638/180/151
f 640/181/171 642/180/151 641/176/151
f 643/181/172 645/176/151 644/177/173
f 646/181/305 648/177/175 647/182/176
f 649/183/306 651/184/307 650/185/308
f 652/183/309 654/185/310 653/186/6
f 655/187/311 657/183/312 656/186/6
f 658/188/313 660/186/6 659/185/314
f 661/187/315 663/186/6 662/189/6
f 664/190/316 666/187/13 665/189/6
f 667/190/317 669/189/14 668/191/318
f 670/192/319 672/191/320 671/189/14
f 673/192/321 675/189/6 674/193/6
s 0
f 676/193/6 678/189/6 677/186/6
s 1
f 679/194/322 681/192/323 680/193/6
f 682/194/324 684/193/6 683/195/325
f 685/188/326 687/196/6 686/186/6
s 0
f 688/193/6 690/186/6 689/196/6
s 1
f 691/195/25 693/193/6 692/196/6
f 694/197/327 696/196/6 695/188/314
f 697/195/328 699/196/6 698/198/29
f 700/197/329 702/198/330 701/196/6
f 703/199/331 705/200/332 704/201/333
f 706/199/334 708/201/335 707/202/36
f 709/203/336 711/199/337 710/202/36
f 712/204/36 714/202/36 713/201/338
f 715/204/36 717/201/339 716/205/41
f 718/206/340 720/204/36 719/205/224
f 721/206/341 723/207/46 722/204/36
f 724/207/342 726/208/36 725/204/36
s 0
f 727/208/36 729/202/36 728/204/36
s 1
f 730/207/343 732/209/49 731/208/36
f 733/210/344 735/208/36 734/209/51
f 736/210/345 738/211/346 737/208/36
f 739/203/347 741/202/36 740/212/36
s 0
f 742/208/36 744/212/36 743/202/36
s 1
f 745/211/348 747/212/36 746/208/36
f 748/213/349 750/203/337 749/212/36
f 751/211/350 753/214/351 752/212/36
f 754/213/352 756/212/36 755/214/353
f 757/215/354 759/216/355 758/217/354
f 760/215/356 762/217/357 761/218/73
f 763/219/358 765/215/67 764/218/65
f 766/220/359 768/218/73 767/217/360
f 769/219/361 771/218/65 770/221/65
f 772/222/362 774/219/253 773/221/65
f 775/222/363 777/221/65 776/223/239
f 778/224/364 780/223/241 779/221/65
f 781/220/365 783/225/73 782/218/73
s 0
f 784/225/65 786/221/65 785/218/65
s 1
f 787/226/366 789/225/73 788/220/360
f 790/226/367 792/227/368 791/225/73
f 793/224/369 795/221/65 794/228/65
s 0
f 796/225/65 798/228/65 797/221/65
s 1
f 799/227/370 801/228/65 800/225/65
f 802/229/371 804/224/23 803/228/65
f 805/227/372 807/230/373 806/228/65
f 808/229/374 810/228/65 809/230/88
f 811/231/375 813/232/90 812/233/91
f 814/231/255 816/233/93 815/234/94
f 817/235/95 819/231/376 818/234/94
f 820/236/377 822/234/94 821/233/98
f 823/235/99 825/234/94 824/237/94
f 826/238/100 828/235/96 827/237/94
f 829/238/101 831/237/94 830/239/378
f 832/240/103 834/239/263 833/237/94
f 835/240/379 837/237/94 836/241/94
s 0
f 838/241/94 840/237/94 839/234/94
s 1
f 841/242/380 843/240/104 842/241/94
f 844/242/107 846/241/94 845/243/108
f 847/236/381 849/244/94 848/234/94
s 0
f 850/241/94 852/234/94 851/244/94
s 1
f 853/243/110 855/241/94 854/244/94
f 856/245/266 858/244/94 857/236/382
f 859/243/112 861/244/94 860/246/113
f 862/245/383 864/246/115 863/244/94
f 865/247/384 867/248/268 866/249/385
f 868/247/386 870/249/387 869/250/121
f 871/251/388 873/247/123 872/250/121
f 874/252/389 876/250/280 875/249/125
f 877/251/390 879/250/121 878/253/121
f 880/254/391 882/251/392 881/253/289
f 883/254/393 885/253/133 884/255/129
f 886/256/394 888/255/395 887/253/133
f 889/252/396 891/257/121 890/250/121
s 0
f 892/257/121 894/253/121 893/250/121
s 1
f 895/258/397 897/257/121 896/252/125
f 898/258/398 900/259/294 899/257/121
f 901/256/399 903/253/133 902/260/133
s 0
f 904/257/121 906/260/121 905/253/121
s 1
f 907/259/400 909/260/121 908/257/121
f 910/261/401 912/256/131 911/260/133
f 913/259/402 915/262/294 914/260/121
f 916/261/403 918/260/133 917/262/296
f 919/263/146 921/264/147 920/265/404
f 922/263/149 924/265/405 923/266/151
f 925/267/152 927/263/153 926/266/151
f 928/268/151 930/266/151 929/265/406
f 931/268/151 933/265/407 932/269/161
f 934/267/157 936/266/151 935/270/151
s 0
f 937/268/151 939/270/151 938/266/151
s 1
f 940/271/408 942/267/159 941/270/151
f 943/271/409 945/270/151 944/272/161
f 946/273/162 948/272/163 947/270/151
f 949/273/410 951/270/151 950/274/151
s 0
f 952/268/151 954/274/151 953/270/151
s 1
f 955/275/411 957/273/163 956/274/151
f 958/275/412 960/274/151 959/276/168
f 961/277/169 963/276/170 962/274/151
f 964/277/171 966/274/151 965/268/151
f 967/277/172 969/268/151 968/269/413
f 970/277/174 972/269/414 971/278/415
f 973/279/416 975/280/178 974/281/417
f 976/279/418 978/281/419 977/282/6
f 979/283/311 981/279/312 980/282/6
f 982/284/420 984/282/6 983/281/323
f 985/283/421 987/282/6 986/285/6
f 988/286/422 990/283/325 989/285/6
f 991/286/423 993/285/6 992/287/318
f 994/288/424 996/287/320 995/285/6
f 997/288/425 999/285/6 998/289/6
s 0
f 1000/289/6 1002/285/6 1001/282/6
s 1
f 1003/290/426 1005/288/320 1004/289/6
f 1006/290/427 1008/289/6 1007/291/325
f 1009/284/428 1011/292/14 1010/282/14
s 0
f 1012/289/6 1014/282/6 1013/292/6
s 1
f 1015/291/429 1017/289/6 1016/292/6
f 1018/293/430 1020/292/6 1019/284/27
f 1021/291/431 1023/292/6 1022/294/29
f 1024/293/432 1026/294/330 1025/292/6
f 1027/295/433 1029/296/332 1028/297/434
f 1030/295/435 1032/297/436 1031/298/36
f 1033/299/437 1035/295/337 1034/298/36
f 1036/300/36 1038/298/36 1037/297/438
f 1039/300/36 1041/297/339 1040/301/41
f 1042/302/439 1044/300/43 1043/301/440
f 1045/302/441 1047/303/49 1046/300/43
f 1048/303/442 1050/304/43 1049/300/43
s 0
f 1051/304/36 1053/298/36 1052/300/36
s 1
f 1054/303/443 1056/305/444 1055/304/43
f 1057/306/445 1059/304/43 1058/305/446
f 1060/306/447 1062/307/448 1061/304/43
f 1063/299/207 1065/298/36 1064/308/36
s 0
f 1066/304/36 1068/308/36 1067/298/36
s 1
f 1069/307/348 1071/308/36 1070/304/36
f 1072/309/449 1074/299/337 1073/308/36
f 1075/307/450 1077/310/451 1076/308/36
f 1078/309/452 1080/308/36 1079/310/353
f 1081/311/453 1083/312/355 1082/313/454
f 1084/311/455 1086/313/456 1085/314/457
f 1087/315/233 1089/311/67 1088/314/65
f 1090/316/458 1092/314/457 1091/313/77
f 1093/315/459 1095/314/65 1094/317/65
f 1096/318/460 1098/315/461 1097/317/73
f 1099/318/462 1101/317/73 1100/319/75
f 1102/320/463 1104/319/77 1103/317/73
f 1105/316/464 1107/321/457 1106/314/457
s 0
f 1108/321/65 1110/317/65 1109/314/65
s 1
f 1111/322/465 1113/321/457 1112/316/77
f 1114/322/466 1116/323/368 1115/321/457
f 1117/320/467 1119/317/65 1118/324/65
s 0
f 1120/321/65 1122/324/65 1121/317/65
s 1
f 1123/323/468 1125/324/65 1124/321/65
f 1126/325/469 1128/320/85 1127/324/65
f 1129/323/470 1131/326/81 1130/324/65
f 1132/325/471 1134/324/65 1133/326/88
f 1135/327/89 1137/328/90 1136/329/472
f 1138/327/92 1140/329/93 1139/330/94
f 1141/331/95 1143/327/96 1142/330/94
f 1144/236/97 1146/330/94 1145/329/98
f 1147/331/99 1149/330/94 1148/332/94
f 1150/333/473 1152/331/96 1151/332/94
f 1153/333/474 1155/332/94 1154/334/378
f 1156/335/475 1158/334/98 1157/332/94
f 1159/335/476 1161/332/94 1160/336/94
s 0
f 1162/336/94 1164/332/94 1163/330/94
s 1
f 1165/337/106 1167/335/263 1166/336/94
f 1168/337/107 1170/336/94 1169/338/376
f 1171/236/109 1173/339/94 1172/330/94
s 0
f 1174/336/94 1176/330/94 1175/339/94
s 1
f 1177/338/110 1179/336/94 1178/339/94
f 1180/340/477 1182/339/94 1181/236/98
f 1183/338/112 1185/339/94 1184/341/113
f 1186/340/478 1188/341/115 1187/339/94
f 1189/342/479 1191/343/480 1190/344/481
f 1192/342/482 1194/344/483 1193/345/280
f 1195/346/272 1197/342/273 1196/345/121
f 1198/347/484 1200/345/280 1199/344/125
f 1201/346/485 1203/345/121 1202/348/121
f 1204/349/486 1206/346/487 1205/348/289
f 1207/349/488 1209/348/133 1208/350/129
f 1210/351/489 1212/350/131 1211/348/133
f 1213/347/490 1215/352/280 1214/345/280
s 0
f 1216/352/121 1218/348/121 1217/345/121
s 1
f 1219/353/491 1221/352/280 1220/347/141
f 1222/353/492 1224/354/493 1223/352/280
f 1225/351/494 1227/348/133 1226/355/133
s 0
f 1228/352/121 1230/355/121 1229/348/121
s 1
f 1231/354/290 1233/355/121 1232/352/121
f 1234/356/495 1236/351/141 1235/355/133
f 1237/354/496 1239/357/294 1238/355/121
f 1240/356/497 1242/355/133 1241/357/296
f 1243/263/146 1245/264/147 1244/358/404
f 1246/263/149 1248/358/405 1247/266/151
f 1249/359/498 1251/263/153 1250/266/151
f 1252/360/151 1254/266/151 1253/358/406
f 1255/360/151 1257/358/407 1256/361/161
f 1258/359/499 1260/266/151 1259/270/151
s 0
f 1261/360/151 1263/270/151 1262/266/151
s 1
f 1264/271/408 1266/359/153 1265/270/151
f 1267/271/409 1269/270/151 1268/362/161
f 1270/273/162 1272/362/166 1271/270/151
f 1273/273/303 1275/270/151 1274/363/151
s 0
f 1276/360/151 1278/363/151 1277/270/151
s 1
f 1279/364/411 1281/273/163 1280/363/151
f 1282/364/500 1284/363/151 1283/365/501
f 1285/366/304 1287/365/170 1286/363/151
f 1288/366/171 1290/363/151 1289/360/151
f 1291/366/172 1293/360/151 1292/361/413
f 1294/366/174 1296/361/414 1295/367/415
f 1297/368/502 1299/369/503 1298/370/504
f 1300/368/505 1302/370/506 1301/371/507
f 1303/372/508 1305/368/191 1304/371/507
f 1306/373/509 1308/371/6 1307/370/10
f 1309/372/510 1311/371/6 1310/374/6
f 1312/375/511 1314/372/312 1313/374/6
f 1315/375/512 1317/374/14 1316/376/513
f 1318/377/514 1320/376/320 1319/374/14
f 1321/377/515 1323/374/6 1322/378/6
s 0
f 1324/378/6 1326/374/6 1325/371/6
s 1
f 1327/379/516 1329/377/196 1328/378/14
f 1330/379/517 1332/378/6 1331/380/29
f 1333/373/518 1335/381/6 1334/371/6
s 0
f 1336/378/6 1338/371/6 1337/381/6
s 1
f 1339/380/519 1341/378/6 1340/381/6
f 1342/382/322 1344/381/6 1343/373/196
f 1345/380/520 1347/381/6 1346/383/29
f 1348/382/521 1350/383/187 1349/381/6
f 1351/384/522 1353/385/523 1352/386/524
f 1354/384/525 1356/386/526 1355/387/43
f 1357/388/527 1359/384/528 1358/387/36
f 1360/389/36 1362/387/36 1361/386/529
f 1363/389/530 1365/386/531 1364/390/532
f 1366/391/533 1368/389/534 1367/390/535
f 1369/391/536 1371/392/49 1370/389/43
f 1372/392/537 1374/393/219 1373/389/219
s 0
f 1375/393/36 1377/387/36 1376/389/36
s 1
f 1378/392/538 1380/394/49 1379/393/43
f 1381/395/539 1383/393/43 1382/394/51
f 1384/395/540 1386/396/44 1385/393/43
f 1387/388/541 1389/387/219 1388/397/219
s 0
f 1390/393/36 1392/397/36 1391/387/36
s 1
f 1393/396/542 1395/397/36 1394/393/36
f 1396/398/543 1398/388/544 1397/397/36
f 1399/396/545 1401/399/351 1400/397/36
f 1402/398/546 1404/397/43 1403/399/547
f 1405/400/548 1407/401/355 1406/402/549
f 1408/400/550 1410/402/551 1409/403/457
f 1411/404/552 1413/400/67 1412/403/65
f 1414/405/553 1416/403/457 1415/402/77
f 1417/404/554 1419/403/65 1418/406/65
f 1420/407/555 1422/404/556 1421/406/557
f 1423/407/558 1425/406/557 1424/408/559
f 1426/409/560 1428/408/561 1427/406/557
f 1429/405/562 1431/410/457 1430/403/457
s 0
f 1432/410/65 1434/406/65 1433/403/65
s 1
f 1435/411/563 1437/410/457 1436/405/77
f 1438/411/564 1440/412/565 1439/410/457
f 1441/409/566 1443/406/557 1442/413/557
s 0
f 1444/410/65 1446/413/65 1445/406/65
s 1
f 1447/412/567 1449/413/65 1448/410/65
f 1450/414/568 1452/409/569 1451/413/557
f 1453/412/570 1455/415/81 1454/413/65
f 1456/414/571 1458/413/557 1457/415/572
f 1459/416/573 1461/417/90 1460/418/89
f 1462/416/574 1464/418/575 1463/419/94
f 1465/420/95 1467/416/96 1466/419/94
f 1468/421/97 1470/419/94 1469/418/98
f 1471/420/576 1473/419/94 1472/422/94
f 1474/423/473 1476/420/96 1475/422/94
f 1477/423/474 1479/422/94 1478/424/102
f 1480/425/103 1482/424/382 1481/422/94
f 1483/425/105 1485/422/94 1484/426/94
s 0
f 1486/426/94 1488/422/94 1487/419/94
s 1
f 1489/427/106 1491/425/104 1490/426/94
f 1492/427/107 1494/426/94 1493/428/376
f 1495/421/109 1497/429/94 1496/419/94
s 0
f 1498/426/94 1500/419/94 1499/429/94
s 1
f 1501/428/110 1503/426/94 1502/429/94
f 1504/430/111 1506/429/94 1505/421/98
f 1507/428/112 1509/429/94 1508/431/113
f 1510/430/383 1512/431/115 1511/429/94
f 1513/432/577 1515/433/268 1514/434/578
f 1516/432/579 1518/434/580 1517/435/121
f 1519/436/581 1521/432/123 1520/435/121
f 1522/437/582 1524/435/121 1523/434/125
f 1525/436/583 1527/435/121 1526/438/121
f 1528/439/584 1530/436/123 1529/438/121
f 1531/439/585 1533/438/121 1532/440/547
f 1534/441/586 1536/440/135 1535/438/121
f 1537/437/587 1539/442/121 1538/435/121
s 0
f 1540/442/121 1542/438/121 1541/435/121
s 1
f 1543/443/588 1545/442/121 1544/437/141
f 1546/443/589 1548/444/294 1547/442/121
f 1549/441/590 1551/438/133 1550/445/133
s 0
f 1552/442/121 1554/445/121 1553/438/121
s 1
f 1555/444/591 1557/445/121 1556/442/121
f 1558/446/592 1560/441/593 1559/445/280
f 1561/444/594 1563/447/294 1562/445/121
f 1564/446/595 1566/445/121 1565/447/145
f 1567/448/146 1569/449/147 1568/450/148
f 1570/448/149 1572/450/596 1571/451/151
f 1573/452/152 1575/448/153 1574/451/151
f 1576/453/151 1578/451/151 1577/450/597
f 1579/453/151 1581/450/155 1580/454/598
f 1582/452/299 1584/451/151 1583/455/151
s 0
f 1585/453/151 1587/455/151 1586/451/151
s 1
f 1588/456/158 1590/452/159 1589/455/151
f 1591/456/301 1593/455/151 1592/457/161
f 1594/458/162 1596/457/163 1595/455/151
f 1597/458/303 1599/455/151 1598/459/151
s 0
f 1600/453/151 1602/459/151 1601/455/151
s 1
f 1603/460/165 1605/458/163 1604/459/151
f 1606/460/167 1608/459/151 1607/461/501
f 1609/462/169 1611/461/170 1610/459/151
f 1612/462/171 1614/459/151 1613/453/151
f 1615/462/172 1617/453/151 1616/454/173
f 1618/462/174 1620/454/175 1619/463/176
f 1621/464/599 1623/465/307 1622/466/599
f 1624/464/600 1626/466/601 1625/467/6
f 1627/468/311 1629/464/29 1628/467/6
f 1630/469/183 1632/467/6 1631/466/10
f 1633/468/315 1635/467/6 1634/470/6
f 1636/471/602 1638/468/312 1637/470/6
f 1639/471/603 1641/470/14 1640/472/513
f 1642/473/424 1644/472/320 1643/470/14
f 1645/473/604 1647/470/6 1646/474/6
s 0
f 1648/474/6 1650/470/6 1649/467/6
s 1
f 1651/475/605 1653/473/196 1652/474/22
f 1654/475/606 1656/474/6 1655/476/29
f 1657/469/184 1659/477/6 1658/467/6
s 0
f 1660/474/6 1662/467/6 1661/477/6
s 1
f 1663/476/607 1665/474/6 1664/477/6
f 1666/478/608 1668/477/6 1667/469/196
f 1669/476/609 1671/477/6 1670/479/29
f 1672/478/610 1674/479/187 1673/477/6
f 1675/480/611 1677/481/33 1676/482/612
f 1678/480/613 1680/482/614 1679/483/43
f 1681/484/206 1683/480/615 1682/483/36
f 1684/485/36 1686/483/36 1685/482/338
f 1687/485/36 1689/482/339 1688/486/616
f 1690/487/617 1692/485/36 1691/486/224
f 1693/487/618 1695/488/619 1694/485/36
f 1696/488/220 1698/489/36 1697/485/36
s 0
f 1699/489/36 1701/483/36 1700/485/36
s 1
f 1702/488/443 1704/490/49 1703/489/219
f 1705/491/620 1707/489/215 1706/490/621
f 1708/491/622 1710/492/440 1709/489/43
f 1711/484/207 1713/483/36 1712/493/36
s 0
f 1714/489/36 1716/493/36 1715/483/36
s 1
f 1717/492/348 1719/493/36 1718/489/36
f 1720/494/623 1722/484/446 1721/493/43
f 1723/492/624 1725/495/625 1724/493/36
f 1726/494/626 1728/493/36 1727/495/41
f 1729/496/627 1731/497/61 1730/498/628
f 1732/496/629 1734/498/630 1733/499/65
f 1735/500/631 1737/496/632 1736/499/65
f 1738/501/633 1740/499/65 1739/498/23
f 1741/500/634 1743/499/65 1742/502/65
f 1744/503/635 1746/500/636 1745/502/637
f 1747/503/638 1749/502/637 1748/504/559
f 1750/505/639 1752/504/561 1751/502/637
f 1753/501/640 1755/506/65 1754/499/65
s 0
f 1756/506/65 1758/502/65 1757/499/65
s 1
f 1759/507/641 1761/506/65 1760/501/23
f 1762/507/642 1764/508/81 1763/506/65
f 1765/505/643 1767/502/65 1766/509/65
s 0
f 1768/506/65 1770/509/65 1769/502/65
s 1
f 1771/508/468 1773/509/65 1772/506/65
f 1774/510/644 1776/505/241 1775/509/65
f 1777/508/645 1779/511/646 1778/509/65
f 1780/510/647 1782/509/65 1781/511/88
f 1783/512/573 1785/513/90 1784/418/89
f 1786/512/574 1788/418/93 1787/419/94
f 1789/514/95 1791/512/96 1790/419/94
f 1792/515/97 1794/419/94 1793/418/98
f 1795/514/99 1797/419/94 1796/422/94
f 1798/516/473 1800/514/96 1799/422/94
f 1801/516/474 1803/422/94 1802/424/102
f 1804/517/103 1806/424/382 1805/422/94
f 1807/517/648 1809/422/94 1808/518/94
s 0
f 1810/518/94 1812/422/94 1811/419/94
s 1
f 1813/519/106 1815/517/104 1814/518/94
f 1816/519/107 1818/518/94 1817/520/265
f 1819/515/109 1821/521/94 1820/419/94
s 0
f 1822/518/94 1824/419/94 1823/521/94
s 1
f 1825/520/110 1827/518/94 1826/521/94
f 1828/522/111 1830/521/94 1829/515/98
f 1831/520/112 1833/521/94 1832/431/113
f 1834/522/114 1836/431/115 1835/521/94
f 1837/523/649 1839/524/268 1838/525/650
f 1840/523/651 1842/525/652 1841/526/133
f 1843/527/272 1845/523/123 1844/526/121
f 1846/528/653 1848/526/133 1847/525/131
f 1849/527/275 1851/526/121 1850/529/121
f 1852/530/654 1854/527/123 1853/529/121
f 1855/530/655 1857/529/121 1856/531/129
f 1858/532/656 1860/531/125 1859/529/121
f 1861/528/657 1863/533/121 1862/526/121
s 0
f 1864/533/121 1866/529/121 1865/526/121
s 1
f 1867/534/658 1869/533/121 1868/528/141
f 1870/534/659 1872/535/294 1871/533/121
f 1873/532/660 1875/529/121 1874/536/121
s 0
f 1876/533/121 1878/536/121 1877/529/121
s 1
f 1879/535/290 1881/536/121 1880/533/121
f 1882/537/661 1884/532/141 1883/536/121
f 1885/535/496 1887/538/143 1886/536/121
f 1888/537/662 1890/536/121 1889/538/145
f 1891/448/146 1893/449/147 1892/539/404
f 1894/448/149 1896/539/405 1895/540/151
f 1897/452/498 1899/448/153 1898/540/151
f 1900/541/151 1902/540/151 1901/539/663
f 1903/541/151 1905/539/407 1904/542/161
f 1906/452/499 1908/540/151 1907/455/151
s 0
f 1909/541/151 1911/455/151 1910/540/151
s 1
f 1912/456/664 1914/452/300 1913/455/665
f 1915/456/409 1917/455/665 1916/543/666
f 1918/458/667 1920/543/163 1919/455/665
f 1921/458/668 1923/455/151 1922/459/151
s 0
f 1924/541/151 1926/459/151 1925/455/151
s 1
f 1927/544/411 1929/458/163 1928/459/151
f 1930/544/500 1932/459/151 1931/461/501
f 1933/545/669 1935/461/170 1934/459/151
f 1936/545/670 1938/459/151 1937/541/151
f 1939/545/671 1941/541/151 1940/542/413
f 1942/545/414 1944/542/414 1943/546/415
f 1945/547/672 1947/548/43 1946/549/673
f 1948/550/674 1950/551/675 1949/552/676
f 1951/550/677 1953/552/678 1952/553/289
f 1954/554/679 1956/550/680 1955/553/681
f 1957/555/682 1959/553/289 1958/552/395
f 1960/554/683 1962/553/681 1961/556/681
f 1963/557/684 1965/554/680 1964/556/681
f 1966/557/685 1968/556/681 1967/558/686
f 1969/559/687 1971/558/688 1970/556/681
f 1972/559/689 1974/556/681 1973/560/681
s 0
f 1975/560/681 1977/556/681 1976/553/681
s 1
f 1978/561/690 1980/559/688 1979/560/681
f 1981/561/691 1983/560/681 1982/562/692
f 1984/555/693 1986/563/694 1985/553/694
s 0
f 1987/560/681 1989/553/681 1988/563/681
s 1
f 1990/562/695 1992/560/681 1991/563/681
f 1993/564/696 1995/563/694 1994/555/697
f 1996/562/698 1998/563/681 1997/565/692
f 1999/564/699 2001/565/700 2000/563/694
f 2002/566/701 2004/567/702 2003/568/701
f 2005/566/703 2007/568/704 2006/569/73
f 2008/570/705 2010/566/77 2009/569/73
f 2011/571/457 2013/569/457 2012/568/706
f 2014/571/457 2016/568/707 2015/572/708
f 2017/573/709 2019/571/457 2018/572/710
f 2020/573/711 2022/574/712 2021/571/457
f 2023/574/713 2025/575/457 2024/571/457
s 0
f 2026/575/457 2028/569/457 2027/571/457
s 1
f 2029/574/714 2031/576/712 2030/575/457
f 2032/577/715 2034/575/457 2033/576/244
f 2035/577/716 2037/578/717 2036/575/457
f 2038/570/718 2040/569/73 2039/579/73
s 0
f 2041/575/457 2043/579/457 2042/569/457
s 1
f 2044/578/719 2046/579/457 2045/575/457
f 2047/580/720 2049/570/77 2048/579/73
f 2050/578/721 2052/581/710 2051/579/457
f 2053/580/722 2055/579/73 2054/581/723
f 2056/582/724 2058/583/675 2057/584/725
f 2059/582/726 2061/584/727 2060/585/728
f 2062/586/729 2064/582/730 2063/585/728
f 2065/587/731 2067/585/728 2066/584/732
f 2068/586/733 2070/585/728 2069/588/728
f 2071/589/734 2073/586/730 2072/588/728
f 2074/589/735 2076/588/728 2075/590/736
f 2077/591/737 2079/590/732 2078/588/728
f 2080/587/738 2082/592/728 2081/585/728
s 0
f 2083/592/728 2085/588/728 2084/585/728
s 1
f 2086/593/739 2088/592/728 2087/587/732
f 2089/593/740 2091/594/741 2090/592/728
f 2092/591/742 2094/588/728 2093/595/728
s 0
f 2095/592/728 2097/595/728 2096/588/728
s 1
f 2098/594/743 2100/595/728 2099/592/728
f 2101/596/744 2103/591/732 2102/595/745
f 2104/594/746 2106/597/747 2105/595/745
f 2107/596/748 2109/595/745 2108/597/749
f 2110/598/750 2112/599/751 2111/600/752
f 2113/598/753 2115/600/754 2114/601/755
f 2116/602/756 2118/598/757 2117/601/755
f 2119/603/758 2121/601/36 2120/600/759
f 2122/603/760 2124/548/36 2123/601/36
f 2125/604/761 2127/548/762 2126/603/763
f 2128/604/764 2130/549/621 2129/548/219
s 0
f 2131/605/36 2133/601/36 2132/548/36
f 2134/605/36 2136/606/36 2135/601/36
s 1
f 2137/607/765 2139/606/36 2138/605/36
f 2140/608/766 2142/607/226 2141/605/36
f 2143/608/767 2145/605/768 2144/547/673
f 2146/547/769 2148/605/36 2147/548/36
f 2149/607/770 2151/609/771 2150/606/36
f 2152/610/772 2154/606/36 2153/609/773
f 2155/610/774 2157/602/775 2156/606/43
f 2158/602/776 2160/601/36 2159/606/36
f 2161/611/777 2163/612/778 2162/613/777
f 2164/611/779 2166/613/780 2165/614/781
f 2167/615/782 2169/611/783 2168/614/781
f 2170/616/784 2172/614/785 2171/613/786
f 2173/615/787 2175/614/781 2174/617/781
f 2176/618/788 2178/615/783 2177/617/781
f 2179/618/789 2181/617/781 2180/619/790
f 2182/620/791 2184/619/786 2183/617/785
f 2185/616/792 2187/621/785 2186/614/785
s 0
f 2188/621/785 2190/617/785 2189/614/785
s 1
f 2191/622/793 2193/621/785 2192/616/794
f 2194/622/795 2196/623/796 2195/621/785
f 2197/620/797 2199/617/785 2198/624/785
s 0
f 2200/621/785 2202/624/785 2201/617/785
s 1
f 2203/623/798 2205/624/785 2204/621/785
f 2206/625/799 2208/620/794 2207/624/785
f 2209/623/800 2211/626/796 2210/624/785
f 2212/625/801 2214/624/785 2213/626/802
f 2215/627/803 2217/628/804 2216/629/805
f 2218/627/806 2220/629/807 2219/630/6
f 2221/631/808 2223/627/809 2222/630/6
f 2224/632/6 2226/630/6 2225/629/810
f 2227/632/6 2229/629/811 2228/633/812
s 0
f 2230/632/6 2232/634/6 2231/630/6
s 1
f 2233/635/813 2235/632/6 2234/633/814
f 2236/635/815 2238/633/816 2237/636/228
f 2239/635/817 2241/637/6 2240/632/6
s 0
f 2242/632/6 2244/637/6 2243/634/6
s 1
f 2245/638/818 2247/634/6 2246/637/6
f 2248/639/819 2250/638/820 2249/637/6
f 2251/639/821 2253/637/6 2252/640/809
f 2254/635/822 2256/640/513 2255/637/823
f 2257/638/824 2259/641/825 2258/634/6
f 2260/642/826 2262/634/6 2261/641/827
f 2263/642/828 2265/631/829 2264/634/6
f 2266/631/830 2268/630/823 2267/634/823
f 2269/643/831 2271/644/768 2270/645/46
f 2272/646/832 2274/647/833 2273/648/834
f 2275/646/835 2277/648/836 2276/649/681
f 2278/650/679 2280/646/680 2279/649/681
f 2281/651/837 2283/649/681 2282/648/395
f 2284/650/683 2286/649/681 2285/652/681
f 2287/653/838 2289/650/839 2288/652/694
f 2290/653/840 2292/652/694 2291/654/841
f 2293/655/687 2295/654/697 2294/652/694
f 2296/655/842 2298/652/694 2297/656/694
s 0
f 2299/656/681 2301/652/681 2300/649/681
s 1
f 2302/657/843 2304/655/844 2303/656/694
f 2305/657/845 2307/656/694 2306/658/692
f 2308/651/693 2310/659/694 2309/649/694
s 0
f 2311/656/681 2313/649/681 2312/659/681
s 1
f 2314/658/695 2316/656/681 2315/659/681
f 2317/660/696 2319/659/694 2318/651/697
f 2320/658/698 2322/659/681 2321/661/692
f 2323/660/699 2325/661/700 2324/659/694
f 2326/662/846 2328/663/847 2327/664/846
f 2329/662/848 2331/664/704 2330/665/457
f 2332/666/849 2334/662/235 2333/665/457
f 2335/667/457 2337/665/457 2336/664/706
f 2338/667/457 2340/664/707 2339/668/708
f 2341/669/850 2343/667/232 2342/668/246
f 2344/669/851 2346/670/712 2345/667/232
f 2347/670/713 2349/671/232 2348/667/232
s 0
f 2350/671/457 2352/665/457 2351/667/457
s 1
f 2353/670/852 2355/672/712 2354/671/232
f 2356/673/715 2358/671/232 2357/672/244
f 2359/673/853 2361/674/246 2360/671/232
f 2362/666/718 2364/665/457 2363/675/457
s 0
f 2365/671/457 2367/675/457 2366/665/457
s 1
f 2368/674/854 2370/675/457 2369/671/457
f 2371/676/855 2373/666/235 2372/675/457
f 2374/674/721 2376/677/710 2375/675/457
f 2377/676/856 2379/675/457 2378/677/857
f 2380/678/724 2382/679/675 2381/680/725
f 2383/678/726 2385/680/727 2384/681/728
f 2386/682/729 2388/678/730 2387/681/728
f 2389/683/858 2391/681/728 2390/680/732
f 2392/682/733 2394/681/728 2393/684/728
f 2395/685/734 2397/682/730 2396/684/728
f 2398/685/859 2400/684/728 2399/686/736
f 2401/687/860 2403/686/861 2402/684/728
f 2404/683/862 2406/688/728 2405/681/728
s 0
f 2407/688/728 2409/684/728 2408/681/728
s 1
f 2410/689/739 2412/688/728 2411/683/732
f 2413/689/740 2415/690/741 2414/688/728
f 2416/687/863 2418/684/728 2417/691/728
s 0
f 2419/688/728 2421/691/728 2420/684/728
s 1
f 2422/690/743 2424/691/728 2423/688/728
f 2425/692/744 2427/687/864 2426/691/745
f 2428/690/746 2430/693/741 2429/691/745
f 2431/692/748 2433/691/745 2432/693/749
f 2434/694/865 2436/695/866 2435/696/867
f 2437/694/868 2439/696/869 2438/697/36
f 2440/698/756 2442/694/757 2441/697/755
f 2443/699/870 2445/697/36 2444/696/871
f 2446/699/872 2448/644/36 2447/697/36
f 2449/700/873 2451/644/36 2450/699/874
f 2452/700/875 2454/645/621 2453/644/43
s 0
f 2455/701/36 2457/697/36 2456/644/36
f 2458/701/36 2460/702/36 2459/697/36
s 1
f 2461/703/876 2463/702/36 2462/701/36
f 2464/704/877 2466/703/878 2465/701/879
f 2467/704/880 2469/701/755 2468/643/881
f 2470/643/882 2472/701/36 2471/644/36
f 2473/703/883 2475/705/884 2474/702/36
f 2476/706/885 2478/702/36 2477/705/886
f 2479/706/887 2481/698/775 2480/702/43
f 2482/698/776 2484/697/36 2483/702/36
f 2485/707/777 2487/708/888 2486/709/777
f 2488/707/889 2490/709/780 2489/710/785
f 2491/711/890 2493/707/666 2492/710/785
f 2494/712/891 2496/710/785 2495/709/794
f 2497/711/892 2499/710/785 2498/713/785
f 2500/714/788 2502/711/666 2501/713/785
f 2503/714/893 2505/713/785 2504/715/894
f 2506/716/895 2508/715/896 2507/713/785
f 2509/712/897 2511/717/785 2510/710/785
s 0
f 2512/717/785 2514/713/785 2513/710/785
s 1
f 2515/718/898 2517/717/785 2516/712/143
f 2518/718/899 2520/719/796 2519/717/785
f 2521/716/900 2523/713/785 2522/720/785
s 0
f 2524/717/785 2526/720/785 2525/713/785
s 1
f 2527/719/798 2529/720/785 2528/717/785
f 2530/721/799 2532/716/901 2531/720/785
f 2533/719/800 2535/722/796 2534/720/785
f 2536/721/801 2538/720/785 2537/722/802
f 2539/723/803 2541/724/902 2540/725/803
f 2542/723/806 2544/725/903 2543/726/6
f 2545/727/904 2547/723/905 2546/726/906
f 2548/728/6 2550/726/6 2549/725/907
f 2551/728/6 2553/725/908 2552/729/827
s 0
f 2554/728/6 2556/730/6 2555/726/6
s 1
f 2557/731/909 2559/728/22 2558/729/910
f 2560/731/911 2562/729/911 2561/732/912
f 2563/731/913 2565/733/906 2564/728/906
s 0
f 2566/728/6 2568/733/6 2567/730/6
s 1
f 2569/734/914 2571/730/6 2570/733/6
f 2572/735/819 2574/734/825 2573/733/6
f 2575/735/915 2577/733/6 2576/736/809
f 2578/731/916 2580/736/917 2579/733/6
f 2581/734/918 2583/737/825 2582/730/6
f 2584/738/826 2586/730/6 2585/737/812
f 2587/738/919 2589/727/809 2588/730/6
f 2590/727/920 2592/726/14 2591/730/14
f 2593/739/921 2595/740/94 2594/741/922
f 2596/742/923 2598/743/147 2597/744/924
f 2599/742/925 2601/744/926 2600/745/121
f 2602/746/927 2604/742/131 2603/745/121
f 2605/747/928 2607/745/121 2606/744/143
f 2608/746/679 2610/745/280 2609/748/280
f 2611/749/929 2613/746/292 2612/748/930
f 2614/749/931 2616/748/121 2615/750/273
f 2617/751/932 2619/750/933 2618/748/121
f 2620/751/934 2622/748/930 2621/752/930
s 0
f 2623/752/121 2625/748/121 2624/745/121
s 1
f 2626/753/935 2628/751/936 2627/752/930
f 2629/753/937 2631/752/121 2630/754/938
f 2632/747/939 2634/755/121 2633/745/121
s 0
f 2635/752/121 2637/745/121 2636/755/121
s 1
f 2638/754/940 2640/752/280 2639/755/280
f 2641/756/941 2643/755/121 2642/747/143
f 2644/754/942 2646/755/121 2645/757/125
f 2647/756/943 2649/757/129 2648/755/121
f 2650/758/944 2652/759/945 2651/760/944
f 2653/758/946 2655/760/947 2654/761/65
f 2656/762/948 2658/758/632 2657/761/65
f 2659/763/65 2661/761/65 2660/760/949
f 2662/763/65 2664/760/950 2663/764/951
f 2665/765/952 2667/763/65 2666/764/23
f 2668/765/953 2670/766/954 2669/763/955
f 2671/766/956 2673/767/957 2672/763/957
s 0
f 2674/767/65 2676/761/65 2675/763/65
s 1
f 2677/766/958 2679/768/959 2678/767/65
f 2680/769/960 2682/767/65 2681/768/253
f 2683/769/961 2685/770/962 2684/767/963
f 2686/762/964 2688/761/65 2687/771/65
s 0
f 2689/767/65 2691/771/65 2690/761/65
s 1
f 2692/770/965 2694/771/65 2693/767/65
f 2695/772/966 2697/762/632 2696/771/65
f 2698/770/967 2700/773/85 2699/771/65
f 2701/772/968 2703/771/955 2702/773/969
f 2704/774/970 2706/775/971 2705/776/972
f 2707/774/973 2709/776/974 2708/777/6
f 2710/778/975 2712/774/314 2711/777/6
f 2713/779/976 2715/777/6 2714/776/977
f 2716/778/978 2718/777/6 2717/780/6
f 2719/781/979 2721/778/314 2720/780/6
f 2722/781/980 2724/780/6 2723/782/191
f 2725/783/981 2727/782/982 2726/780/6
f 2728/779/983 2730/784/6 2729/777/6
s 0
f 2731/784/6 2733/780/6 2732/777/6
s 1
f 2734/785/984 2736/784/6 2735/779/330
f 2737/785/985 2739/786/986 2738/784/6
f 2740/783/987 2742/780/6 2741/787/6
s 0
f 2743/784/6 2745/787/6 2744/780/6
s 1
f 2746/786/988 2748/787/6 2747/784/6
f 2749/788/989 2751/783/187 2750/787/6
f 2752/786/990 2754/789/986 2753/787/6
f 2755/788/991 2757/787/6 2756/789/323
f 2758/790/992 2760/791/480 2759/792/993
f 2761/790/994 2763/792/995 2762/793/94
f 2764/794/996 2766/790/382 2765/793/94
f 2767/795/997 2769/793/94 2768/792/392
f 2770/795/998 2772/740/94 2771/793/94
f 2773/796/999 2775/740/94 2774/795/1000
f 2776/796/1001 2778/741/378 2777/740/94
s 0
f 2779/797/94 2781/793/94 2780/740/94
f 2782/797/94 2784/798/94 2783/793/94
s 1
f 2785/799/1002 2787/798/94 2786/797/94
f 2788/800/1003 2790/799/1004 2789/797/94
f 2791/800/1005 2793/797/94 2792/739/104
f 2794/739/1006 2796/797/94 2795/740/94
f 2797/799/1007 2799/801/115 2798/798/94
f 2800/802/1008 2802/798/94 2801/801/113
f 2803/802/1009 2805/794/263 2804/798/94
f 2806/794/1010 2808/793/94 2807/798/94
f 2809/803/1011 2811/804/1012 2810/805/1013
f 2812/803/1014 2814/805/1015 2813/806/36
f 2815/807/1016 2817/803/46 2816/806/768
f 2818/808/1017 2820/806/36 2819/805/59
f 2821/807/1018 2823/806/36 2822/809/36
f 2824/810/1019 2826/807/222 2825/809/36
f 2827/810/1020 2829/809/36 2828/811/351
f 2830/812/1021 2832/811/1022 2831/809/36
f 2833/808/1023 2835/813/36 2834/806/36
s 0
f 2836/813/36 2838/809/36 2837/806/36
s 1
f 2839/814/1024 2841/813/36 2840/808/41
f 2842/814/1025 2844/815/51 2843/813/36
f 2845/812/1026 2847/809/36 2846/816/36
s 0
f 2848/813/36 2850/816/36 2849/809/36
s 1
f 2851/815/1027 2853/816/36 2852/813/36
f 2854/817/1028 2856/812/41 2855/816/36
f 2857/815/1029 2859/818/51 2858/816/36
f 2860/817/1030 2862/816/36 2861/818/444
f 2863/819/1031 2865/820/415 2864/821/1032
f 2866/819/1033 2868/821/1034 2867/822/151
f 2869/823/1035 2871/819/1036 2870/822/151
f 2872/824/151 2874/822/151 2873/821/1037
f 2875/824/151 2877/821/1038 2876/825/461
s 0
f 2878/824/151 2880/826/151 2879/822/151
s 1
f 2881/827/1039 2883/824/151 2882/825/1040
f 2884/827/1041 2886/825/1041 2885/828/1042
f 2887/827/1043 2889/829/151 2888/824/151
s 0
f 2890/824/151 2892/829/151 2891/826/151
s 1
f 2893/830/1044 2895/826/151 2894/829/151
f 2896/831/1045 2898/830/300 2897/829/151
f 2899/831/1046 2901/829/1047 2900/832/1048
f 2902/827/1049 2904/832/163 2903/829/151
f 2905/830/1050 2907/833/153 2906/826/151
f 2908/834/1051 2910/826/151 2909/833/723
f 2911/834/1052 2913/823/156 2912/826/151
f 2914/823/1053 2916/822/151 2915/826/151
f 2917/835/1054 2919/836/215 2918/837/1055
f 2920/550/832 2922/551/833 2921/552/834
f 2923/550/1056 2925/552/1057 2924/553/289
f 2926/838/679 2928/550/680 2927/553/681
f 2929/839/1058 2931/553/694 2930/552/697
f 2932/838/683 2934/553/681 2933/840/681
f 2935/841/1059 2937/838/839 2936/840/694
f 2938/841/1060 2940/840/694 2939/842/1061
f 2941/843/687 2943/842/1062 2942/840/681
f 2944/843/1063 2946/840/1064 2945/844/1064
s 0
f 2947/844/681 2949/840/681 2948/553/681
s 1
f 2950/845/690 2952/843/1065 2951/844/681
f 2953/845/1066 2955/844/1064 2954/846/732
f 2956/839/1067 2958/563/681 2957/553/681
s 0
f 2959/844/681 2961/553/681 2960/563/681
s 1
f 2962/846/695 2964/844/681 2963/563/681
f 2965/847/1068 2967/563/681 2966/839/697
f 2968/846/698 2970/563/681 2969/565/692
f 2971/847/1069 2973/565/794 2972/563/289
f 2974/848/846 2976/849/847 2975/850/846
f 2977/848/1070 2979/850/1071 2978/851/232
f 2980/852/1072 2982/848/1073 2981/851/232
f 2983/853/457 2985/851/457 2984/850/706
f 2986/853/457 2988/850/707 2987/854/708
f 2989/855/1074 2991/853/1075 2990/854/1076
f 2992/855/711 2994/856/1077 2993/853/457
f 2995/856/1078 2997/857/232 2996/853/232
s 0
f 2998/857/457 3000/851/457 2999/853/457
s 1
f 3001/856/714 3003/858/712 3002/857/457
f 3004/859/715 3006/857/457 3005/858/360
f 3007/859/1079 3009/860/1080 3008/857/232
f 3010/852/1081 3012/851/232 3011/861/232
s 0
f 3013/857/457 3015/861/457 3014/851/457
s 1
f 3016/860/854 3018/861/457 3017/857/457
f 3019/862/1082 3021/852/1083 3020/861/1084
f 3022/860/721 3024/863/710 3023/861/457
f 3025/862/1085 3027/861/1084 3026/863/894
f 3028/864/724 3030/865/675 3029/866/725
f 3031/864/1086 3033/866/727 3032/867/728
f 3034/868/729 3036/864/730 3035/867/728
f 3037/869/858 3039/867/728 3038/866/732
f 3040/868/733 3042/867/728 3041/870/728
f 3043/871/1087 3045/868/730 3044/870/728
f 3046/871/859 3048/870/728 3047/872/736
f 3049/873/860 3051/872/861 3050/870/728
f 3052/869/862 3054/874/728 3053/867/728
s 0
f 3055/874/728 3057/870/728 3056/867/728
s 1
f 3058/875/739 3060/874/728 3059/869/732
f 3061/875/740 3063/876/741 3062/874/728
f 3064/873/1088 3066/870/728 3065/877/728
s 0
f 3067/874/728 3069/877/728 3068/870/728
s 1
f 3070/876/743 3072/877/728 3071/874/728
f 3073/878/744 3075/873/864 3074/877/745
f 3076/876/746 3078/879/741 3077/877/745
f 3079/878/748 3081/877/745 3080/879/749
f 3082/880/1089 3084/881/1090 3083/882/750
f 3085/880/868 3087/882/1091 3086/883/36
f 3088/884/756 3090/880/757 3089/883/755
f 3091/885/870 3093/883/36 3092/882/874
f 3094/885/872 3096/836/36 3095/883/36
f 3097/886/1092 3099/836/36 3098/885/871
f 3100/886/1093 3102/837/216 3101/836/36
s 0
f 3103/887/36 3105/883/36 3104/836/36
f 3106/887/36 3108/888/36 3107/883/36
s 1
f 3109/889/876 3111/888/36 3110/887/36
f 3112/890/766 3114/889/871 3113/887/36
f 3115/890/1094 3117/887/768 3116/835/881
f 3118/835/882 3120/887/36 3119/836/36
f 3121/889/883 3123/891/871 3122/888/36
f 3124/892/772 3126/888/36 3125/891/1095
f 3127/892/774 3129/884/757 3128/888/43
f 3130/884/776 3132/883/36 3131/888/36
f 3133/893/1096 3135/894/778 3134/895/1097
f 3136/893/1098 3138/895/1099 3137/896/781
f 3139/897/1100 3141/893/783 3140/896/781
f 3142/898/891 3144/896/785 3143/895/794
f 3145/897/787 3147/896/781 3146/899/781
f 3148/900/1101 3150/897/1102 3149/899/781
f 3151/900/1103 3153/899/781 3152/901/894
f 3154/902/1104 3156/901/896 3155/899/785
f 3157/898/897 3159/903/785 3158/896/785
s 0
f 3160/903/785 3162/899/785 3161/896/785
s 1
f 3163/904/898 3165/903/785 3164/898/143
f 3166/904/1105 3168/905/796 3167/903/785
f 3169/902/900 3171/899/785 3170/906/785
s 0
f 3172/903/785 3174/906/785 3173/899/785
s 1
f 3175/905/798 3177/906/785 3176/903/785
f 3178/907/799 3180/902/896 3179/906/785
f 3181/905/800 3183/908/796 3182/906/785
f 3184/907/801 3186/906/785 3185/908/802
f 3187/909/803 3189/910/804 3188/911/803
f 3190/909/806 3192/911/903 3191/912/6
f 3193/913/808 3195/909/809 3194/912/6
f 3196/914/6 3198/912/6 3197/911/907
f 3199/914/6 3201/911/908 3200/915/812
s 0
f 3202/914/6 3204/916/6 3203/912/6
s 1
f 3205/917/1106 3207/914/906 3206/915/1107
f 3208/917/1108 3210/915/1109 3209/918/1110
f 3211/917/913 3213/919/906 3212/914/906
s 0
f 3214/914/6 3216/919/6 3215/916/6
s 1
f 3217/920/1111 3219/916/6 3218/919/6
f 3220/921/819 3222/920/825 3221/919/6
f 3223/921/821 3225/919/823 3224/922/1112
f 3226/917/1113 3228/922/1114 3227/919/22
f 3229/920/918 3231/923/825 3230/916/6
f 3232/924/826 3234/916/6 3233/923/827
f 3235/924/1115 3237/913/829 3236/916/6
f 3238/913/830 3240/912/823 3239/916/823
f 3241/925/1116 3243/926/2 3242/927/1117
f 3244/925/1118 3246/927/1119 3245/928/6
f 3247/929/1120 3249/925/8 3248/928/6
f 3250/930/509 3252/928/6 3251/927/10
f 3253/929/421 3255/928/6 3254/931/6
f 3256/932/1121 3258/929/8 3257/931/6
f 3259/932/1122 3261/931/6 3260/933/986
f 3262/934/514 3264/933/320 3263/931/6
f 3265/934/515 3267/931/6 3266/935/6
s 0
f 3268/935/6 3270/931/6 3269/928/6
s 1
f 3271/936/327 3273/934/320 3272/935/6
f 3274/936/517 3276/935/6 3275/937/191
f 3277/930/518 3279/938/6 3278/928/6
s 0
f 3280/935/6 3282/928/6 3281/938/6
s 1
f 3283/937/519 3285/935/6 3284/938/6
f 3286/939/1123 3288/938/6 3287/930/809
f 3289/937/520 3291/938/6 3290/940/29
f 3292/939/521 3294/940/187 3293/938/6
f 3295/941/1124 3297/942/33 3296/943/1125
f 3298/941/525 3300/943/1126 3299/944/43
f 3301/945/527 3303/941/528 3302/944/36
f 3304/946/36 3306/944/36 3305/943/529
f 3307/946/530 3309/943/1127 3308/947/532
f 3310/948/1128 3312/946/534 3311/947/44
f 3313/948/1129 3315/949/444 3314/946/43
f 3316/949/1130 3318/950/43 3317/946/43
s 0
f 3319/950/36 3321/944/36 3320/946/36
s 1
f 3322/949/1131 3324/951/444 3323/950/219
f 3325/952/1132 3327/950/43 3326/951/446
f 3328/952/540 3330/953/1133 3329/950/43
f 3331/945/1134 3333/944/43 3332/954/43
s 0
f 3334/950/36 3336/954/36 3335/944/36
s 1
f 3337/953/1135 3339/954/36 3338/950/36
f 3340/955/1136 3342/945/528 3341/954/36
f 3343/953/1137 3345/956/351 3344/954/36
f 3346/955/546 3348/954/43 3347/956/547
f 3349/400/1138 3351/401/61 3350/402/1139
f 3352/400/1140 3354/402/1141 3353/403/65
f 3355/404/1142 3357/400/67 3356/403/65
f 3358/405/1143 3360/403/65 3359/402/69
f 3361/404/1144 3363/403/65 3362/406/65
f 3364/407/1145 3366/404/461 3365/406/73
f 3367/407/1146 3369/406/457 3368/408/712
f 3370/409/1147 3372/408/235 3371/406/457
f 3373/405/1148 3375/410/65 3374/403/65
s 0
f 3376/410/65 3378/406/65 3377/403/65
s 1
f 3379/411/1149 3381/410/65 3380/405/69
f 3382/411/1150 3384/412/81 3383/410/65
f 3385/409/1151 3387/406/65 3386/413/65
s 0
f 3388/410/65 3390/413/65 3389/406/65
s 1
f 3391/412/567 3393/413/65 3392/410/65
f 3394/414/1152 3396/409/85 3395/413/65
f 3397/412/570 3399/415/251 3398/413/65
f 3400/414/1153 3402/413/65 3401/415/88
f 3403/957/573 3405/958/90 3404/959/91
f 3406/957/92 3408/959/93 3407/960/94
f 3409/961/95 3411/957/96 3410/960/94
f 3412/962/97 3414/960/94 3413/959/98
f 3415/961/99 3417/960/94 3416/963/94
f 3418/964/1154 3420/961/96 3419/963/94
f 3421/964/474 3423/963/94 3422/965/102
f 3424/966/103 3426/965/382 3425/963/94
f 3427/966/105 3429/963/94 3428/967/94
s 0
f 3430/967/94 3432/963/94 3431/960/94
s 1
f 3433/968/106 3435/966/104 3434/967/94
f 3436/968/107 3438/967/94 3437/969/376
f 3439/962/109 3441/970/94 3440/960/94
s 0
f 3442/967/94 3444/960/94 3443/970/94
s 1
f 3445/969/1155 3447/967/94 3446/970/94
f 3448/971/111 3450/970/94 3449/962/98
f 3451/969/112 3453/970/94 3452/972/113
f 3454/971/114 3456/972/115 3455/970/94
f 3457/432/577 3459/433/268 3458/434/578
f 3460/432/579 3462/434/580 3461/435/121
f 3463/436/581 3465/432/123 3464/435/121
f 3466/437/582 3468/435/121 3467/434/125
f 3469/436/583 3471/435/121 3470/438/121
f 3472/439/1156 3474/436/1157 3473/438/284
f 3475/439/1158 3477/438/121 3476/440/129
f 3478/441/586 3480/440/131 3479/438/121
f 3481/437/1159 3483/442/278 3482/435/278
s 0
f 3484/442/121 3486/438/121 3485/435/121
s 1
f 3487/443/1160 3489/442/284 3488/437/593
f 3490/443/1161 3492/444/294 3491/442/121
f 3493/441/1162 3495/438/278 3494/445/278
s 0
f 3496/442/121 3498/445/121 3497/438/121
s 1
f 3499/444/591 3501/445/121 3500/442/121
f 3502/446/1163 3504/441/125 3503/445/121
f 3505/444/594 3507/447/294 3506/445/121
f 3508/446/1164 3510/445/284 3509/447/1165
f 3511/973/146 3513/974/147 3512/975/148
f 3514/973/149 3516/975/596 3515/976/151
f 3517/977/152 3519/973/153 3518/976/151
f 3520/978/151 3522/976/151 3521/975/597
f 3523/978/151 3525/975/155 3524/979/156
f 3526/977/157 3528/976/151 3527/980/151
s 0
f 3529/978/151 3531/980/151 3530/976/151
s 1
f 3532/981/158 3534/977/159 3533/980/151
f 3535/981/301 3537/980/151 3536/982/161
f 3538/983/1166 3540/982/166 3539/980/151
f 3541/983/164 3543/980/151 3542/984/151
s 0
f 3544/978/151 3546/984/151 3545/980/151
s 1
f 3547/985/165 3549/983/302 3548/984/151
f 3550/985/167 3552/984/151 3551/986/501
f 3553/987/304 3555/986/170 3554/984/151
f 3556/987/1167 3558/984/151 3557/978/151
f 3559/987/172 3561/978/151 3560/979/173
f 3562/987/174 3564/979/175 3563/988/176
f 3565/989/599 3567/990/307 3566/991/599
f 3568/989/600 3570/991/601 3569/992/6
f 3571/993/311 3573/989/312 3572/992/6
f 3574/994/183 3576/992/6 3575/991/10
f 3577/993/315 3579/992/6 3578/995/6
f 3580/996/602 3582/993/8 3581/995/6
f 3583/996/1168 3585/995/6 3584/997/1169
f 3586/998/424 3588/997/320 3587/995/6
f 3589/998/425 3591/995/14 3590/999/14
s 0
f 3592/999/6 3594/995/6 3593/992/6
s 1
f 3595/1000/1170 3597/998/314 3596/999/14
f 3598/1000/606 3600/999/6 3599/1001/29
f 3601/994/184 3603/1002/6 3602/992/6
s 0
f 3604/999/6 3606/992/6 3605/1002/6
s 1
f 3607/1001/607 3609/999/6 3608/1002/6
f 3610/1003/1171 3612/1002/6 3611/994/10
f 3613/1001/609 3615/1002/6 3614/1004/29
f 3616/1003/1172 3618/1004/187 3617/1002/6
f 3619/1005/611 3621/1006/33 3620/1007/612
f 3622/1005/613 3624/1007/1173 3623/1008/43
f 3625/1009/1174 3627/1005/615 3626/1008/36
f 3628/1010/36 3630/1008/36 3629/1007/338
f 3631/1010/36 3633/1007/339 3632/1011/41
f 3634/1012/617 3636/1010/36 3635/1011/224
f 3637/1012/618 3639/1013/619 3638/1010/36
f 3640/1013/220 3642/1014/36 3641/1010/36
s 0
f 3643/1014/36 3645/1008/36 3644/1010/36
s 1
f 3646/1013/217 3648/1015/1055 3647/1014/215
f 3649/1016/1175 3651/1014/43 3650/1015/51
f 3652/1016/1176 3654/1017/44 3653/1014/43
f 3655/1009/207 3657/1008/36 3656/1018/36
s 0
f 3658/1014/36 3660/1018/36 3659/1008/36
s 1
f 3661/1017/1177 3663/1018/36 3662/1014/36
f 3664/1019/1178 3666/1009/1179 3665/1018/36
f 3667/1017/624 3669/1020/351 3668/1018/36
f 3670/1019/626 3672/1018/36 3671/1020/59
f 3673/496/627 3675/497/61 3674/498/1180
f 3676/496/629 3678/498/1181 3677/499/65
f 3679/500/233 3681/496/632 3680/499/65
f 3682/501/633 3684/499/65 3683/498/69
f 3685/500/236 3687/499/65 3686/502/65
f 3688/503/1182 3690/500/67 3689/502/65
f 3691/503/1183 3693/502/65 3692/504/239
f 3694/505/1184 3696/504/241 3695/502/65
f 3697/501/640 3699/506/65 3698/499/65
s 0
f 3700/506/65 3702/502/65 3701/499/65
s 1
f 3703/507/641 3705/506/65 3704/501/23
f 3706/507/642 3708/508/81 3707/506/65
f 3709/505/1185 3711/502/1186 3710/509/1186
s 0
f 3712/506/65 3714/509/65 3713/502/65
s 1
f 3715/508/468 3717/509/65 3716/506/65
f 3718/510/1187 3720/505/23 3719/509/1186
f 3721/508/645 3723/511/251 3722/509/65
f 3724/510/647 3726/509/1186 3725/511/1188
f 3727/1021/573 3729/1022/90 3728/959/89
f 3730/1021/92 3732/959/93 3731/960/94
f 3733/1023/95 3735/1021/96 3734/960/94
f 3736/1024/97 3738/960/94 3737/959/98
f 3739/1023/99 3741/960/94 3740/963/94
f 3742/1025/473 3744/1023/96 3743/963/94
f 3745/1025/474 3747/963/94 3746/965/102
f 3748/1026/103 3750/965/382 3749/963/94
f 3751/1026/648 3753/963/94 3752/1027/94
s 0
f 3754/1027/94 3756/963/94 3755/960/94
s 1
f 3757/1028/106 3759/1026/104 3758/1027/94
f 3760/1028/107 3762/1027/94 3761/1029/376
f 3763/1024/109 3765/1030/94 3764/960/94
s 0
f 3766/1027/94 3768/960/94 3767/1030/94
s 1
f 3769/1029/1155 3771/1027/94 3770/1030/94
f 3772/1031/266 3774/1030/94 3773/1024/98
f 3775/1029/112 3777/1030/94 3776/1032/108
f 3778/1031/383 3780/1032/1004 3779/1030/94
f 3781/523/1189 3783/524/268 3782/525/650
f 3784/523/1190 3786/525/1191 3785/526/121
f 3787/527/272 3789/523/123 3788/526/121
f 3790/528/1192 3792/526/121 3791/525/125
f 3793/527/275 3795/526/121 3794/529/121
f 3796/530/654 3798/527/123 3797/529/121
f 3799/530/655 3801/529/121 3800/531/129
f 3802/532/656 3804/531/125 3803/529/121
f 3805/528/657 3807/533/121 3806/526/121
s 0
f 3808/533/121 3810/529/121 3809/526/121
s 1
f 3811/534/658 3813/533/121 3812/528/141
f 3814/534/1193 3816/535/294 3815/533/121
f 3817/532/660 3819/529/121 3818/536/121
s 0
f 3820/533/121 3822/536/121 3821/529/121
s 1
f 3823/535/290 3825/536/121 3824/533/121
f 3826/537/661 3828/532/141 3827/536/121
f 3829/535/496 3831/538/143 3830/536/121
f 3832/537/662 3834/536/121 3833/538/145
f 3835/973/146 3837/974/147 3836/1033/404
f 3838/973/149 3840/1033/405 3839/1034/151
f 3841/977/498 3843/973/153 3842/1034/151
f 3844/978/151 3846/1034/151 3845/1033/663
f 3847/978/151 3849/1033/407 3848/1035/161
f 3850/977/499 3852/1034/151 3851/980/151
s 0
f 3853/978/151 3855/980/151 3854/1034/151
s 1
f 3856/981/1194 3858/977/153 3857/980/151
f 3859/981/409 3861/980/151 3860/1036/161
f 3862/1037/162 3864/1036/166 3863/980/151
f 3865/1037/668 3867/980/151 3866/1038/151
s 0
f 3868/978/151 3870/1038/151 3869/980/151
s 1
f 3871/1039/411 3873/1037/163 3872/1038/151
f 3874/1039/500 3876/1038/151 3875/986/501
f 3877/987/669 3879/986/170 3878/1038/151
f 3880/987/1195 3882/1038/151 3881/978/151
f 3883/987/671 3885/978/151 3884/1035/413
f 3886/987/1196 3888/1035/414 3887/1040/415
f 3889/1041/1197 3891/1042/1198 3890/1043/1199
f 3892/1041/1200 3894/1043/1201 3893/1044/94
f 3895/1045/1202 3897/1041/376 3896/1044/94
f 3898/1046/1203 3900/1044/94 3899/1043/98
f 3901/1045/1204 3903/1044/94 3902/1047/94
f 3904/1048/1205 3906/1045/1206 3905/1047/1207
f 3907/1048/1208 3909/1047/1207 3908/1049/1209
f 3910/1050/1210 3912/1049/1211 3911/1047/1207
f 3913/1050/1212 3915/1047/1207 3914/1051/1207
s 0
f 3916/1051/94 3918/1047/94 3917/1044/94
s 1
f 3919/1052/1213 3921/1050/1211 3920/1051/1207
f 3922/1052/1214 3924/1051/1207 3923/1053/954
f 3925/1046/1215 3927/1054/94 3926/1044/94
s 0
f 3928/1051/94 3930/1044/94 3929/1054/94
s 1
f 3931/1053/1216 3933/1051/94 3932/1054/94
f 3934/1055/1217 3936/1054/94 3935/1046/98
f 3937/1053/1218 3939/1054/94 3938/1056/113
f 3940/1055/1219 3942/1056/115 3941/1054/94
f 3943/1057/1220 3945/1058/61 3944/1059/1221
f 3946/1057/1222 3948/1059/1223 3947/1060/151
f 3949/1061/1224 3951/1057/1225 3950/1060/151
f 3952/1062/151 3954/1060/151 3953/1059/1226
f 3955/1062/151 3957/1059/1227 3956/1063/168
f 3958/1064/1228 3960/1062/151 3959/1063/723
f 3961/1064/1229 3963/1065/1230 3962/1062/1047
f 3964/1065/1231 3966/1066/151 3965/1062/151
s 0
f 3967/1066/151 3969/1060/151 3968/1062/151
s 1
f 3970/1065/1232 3972/1067/1036 3971/1066/151
f 3973/1068/1233 3975/1066/151 3974/1067/166
f 3976/1068/1234 3978/1069/1235 3977/1066/151
f 3979/1061/1236 3981/1060/151 3980/1070/151
s 0
f 3982/1066/151 3984/1070/151 3983/1060/151
s 1
f 3985/1069/1237 3987/1070/151 3986/1066/151
f 3988/1071/1238 3990/1061/1239 3989/1070/151
f 3991/1069/1240 3993/1072/1235 3992/1070/151
f 3994/1071/1241 3996/1070/151 3995/1072/159
f 3997/1073/1242 3999/1074/254 3998/1075/1242
f 4000/1073/1138 4002/1075/1243 4001/1076/65
f 4003/1077/1244 4005/1073/85 4004/1076/65
f 4006/1078/1245 4008/1076/65 4007/1075/251
f 4009/1077/552 4011/1076/1246 4010/1079/1246
f 4012/1080/1247 4014/1077/85 4013/1079/65
f 4015/1080/1145 4017/1079/65 4016/1081/1248
f 4018/1082/1249 4020/1081/373 4019/1079/65
f 4021/1078/1250 4023/1083/65 4022/1076/65
s 0
f 4024/1083/65 4026/1079/65 4025/1076/65
s 1
f 4027/1084/1251 4029/1083/65 4028/1078/251
f 4030/1084/1252 4032/1085/239 4031/1083/1186
f 4033/1082/1253 4035/1079/65 4034/1086/65
s 0
f 4036/1083/65 4038/1086/65 4037/1079/65
s 1
f 4039/1085/570 4041/1086/65 4040/1083/65
f 4042/1087/1254 4044/1082/1255 4043/1086/1186
f 4045/1085/1256 4047/1088/239 4046/1086/65
f 4048/1087/1257 4050/1086/1186 4049/1088/69
f 4051/1089/1258 4053/1090/1259 4052/1091/1260
f 4054/1089/1261 4056/1091/1262 4055/1092/36
f 4057/1093/1263 4059/1089/224 4058/1092/36
f 4060/1094/1264 4062/1092/36 4061/1091/49
f 4063/1093/1265 4065/1092/36 4064/1095/36
f 4066/1096/1266 4068/1093/346 4067/1095/36
f 4069/1096/1267 4071/1095/36 4070/1097/38
f 4072/1098/1268 4074/1097/619 4073/1095/36
f 4075/1098/1269 4077/1095/36 4076/1099/36
s 0
f 4078/1099/36 4080/1095/36 4079/1092/36
s 1
f 4081/1100/1270 4083/1098/49 4082/1099/36
f 4084/1100/1271 4086/1099/36 4085/1101/351
f 4087/1094/1272 4089/1102/755 4088/1092/755
s 0
f 4090/1099/36 4092/1092/36 4091/1102/36
s 1
f 4093/1101/1273 4095/1099/36 4094/1102/36
f 4096/1103/1274 4098/1102/36 4097/1094/444
f 4099/1101/1275 4101/1102/36 4100/1104/224
f 4102/1103/1276 4104/1104/41 4103/1102/36
f 4105/1105/1277 4107/1106/1278 4106/1107/1279
f 4108/1105/1280 4110/1107/578 4109/1108/133
f 4111/1109/583 4113/1105/281 4112/1108/121
f 4114/1110/1281 4116/1108/121 4115/1107/145
f 4117/1109/1282 4119/1108/133 4118/1111/133
f 4120/1112/1158 4122/1109/281 4121/1111/121
f 4123/1112/1283 4125/1111/133 4124/1113/786
f 4126/1114/1284 4128/1113/1285 4127/1111/121
f 4129/1110/1286 4131/1115/930 4130/1108/930
s 0
f 4132/1115/121 4134/1111/121 4133/1108/121
s 1
f 4135/1116/1287 4137/1115/930 4136/1110/1288
f 4138/1116/1289 4140/1117/131 4139/1115/121
f 4141/1114/1290 4143/1111/121 4142/1118/121
s 0
f 4144/1115/121 4146/1118/121 4145/1111/121
s 1
f 4147/1117/1291 4149/1118/121 4148/1115/121
f 4150/1119/1292 4152/1114/273 4151/1118/121
f 4153/1117/591 4155/1120/125 4154/1118/121
f 4156/1119/1293 4158/1118/1294 4157/1120/1295
f 4159/1121/1296 4161/1122/268 4160/1123/1297
f 4162/1121/1298 4164/1123/1299 4163/1124/22
f 4165/1125/1300 4167/1121/330 4166/1124/6
f 4168/1126/6 4170/1124/6 4169/1123/1301
f 4171/1126/6 4173/1123/1302 4172/1127/1303
f 4174/1125/1304 4176/1124/6 4175/1128/6
s 0
f 4177/1126/6 4179/1128/6 4178/1124/6
s 1
f 4180/1129/1305 4182/1125/977 4181/1128/6
f 4183/1129/1306 4185/1128/823 4184/1130/27
f 4186/1131/1307 4188/1130/1308 4187/1128/6
f 4189/1131/1309 4191/1128/6 4190/1132/6
s 0
f 4192/1126/6 4194/1132/6 4193/1128/6
s 1
f 4195/1133/1310 4197/1131/1311 4196/1132/6
f 4198/1133/1312 4200/1132/6 4199/1134/330
f 4201/1135/1313 4203/1134/312 4202/1132/6
f 4204/1135/1314 4206/1132/6 4205/1126/6
f 4207/1135/1315 4209/1126/14 4208/1127/1316
f 4210/1135/1317 4212/1127/1318 4211/1136/1319
f 4213/1137/1320 4215/1138/90 4214/1139/1320
f 4216/1137/1321 4218/1139/1322 4217/1140/94
f 4219/1141/1323 4221/1137/96 4220/1140/94
f 4222/1142/1324 4224/1140/94 4223/1139/98
f 4225/1141/1325 4227/1140/94 4226/1143/94
f 4228/1144/1326 4230/1141/1206 4229/1143/1207
f 4231/1144/1327 4233/1143/1207 4232/1145/1209
f 4234/1146/1328 4236/1145/1211 4235/1143/1207
f 4237/1146/1329 4239/1143/1207 4238/1147/1207
s 0
f 4240/1147/94 4242/1143/94 4241/1140/94
s 1
f 4243/1148/1330 4245/1146/1211 4244/1147/1207
f 4246/1148/1331 4248/1147/1207 4247/1149/954
f 4249/1142/1332 4251/1150/94 4250/1140/94
s 0
f 4252/1147/94 4254/1140/94 4253/1150/94
s 1
f 4255/1149/1333 4257/1147/94 4256/1150/94
f 4258/1151/1334 4260/1150/94 4259/1142/98
f 4261/1149/1335 4263/1150/94 4262/1152/113
f 4264/1151/1336 4266/1152/115 4265/1150/94
f 4267/1153/1337 4269/1154/61 4268/1155/1338
f 4270/1153/1339 4272/1155/1340 4271/1156/151
f 4273/1157/1341 4275/1153/1239 4274/1156/151
f 4276/1158/151 4278/1156/151 4277/1155/1342
f 4279/1158/151 4281/1155/1343 4280/1159/153
f 4282/1160/1344 4284/1158/151 4283/1159/723
f 4285/1160/1345 4287/1161/1036 4286/1158/151
f 4288/1161/1346 4290/1162/151 4289/1158/151
s 0
f 4291/1162/151 4293/1156/151 4292/1158/151
s 1
f 4294/1161/1347 4296/1163/1036 4295/1162/151
f 4297/1164/1348 4299/1162/151 4298/1163/166
f 4300/1164/1349 4302/1165/1235 4301/1162/151
f 4303/1157/1350 4305/1156/151 4304/1166/151
s 0
f 4306/1162/151 4308/1166/151 4307/1156/151
s 1
f 4309/1165/1351 4311/1166/151 4310/1162/151
f 4312/1167/1352 4314/1157/1225 4313/1166/151
f 4315/1165/1353 4317/1168/1354 4316/1166/151
f 4318/1167/1355 4320/1166/151 4319/1168/159
f 4321/1169/1356 4323/1170/254 4322/1171/1357
f 4324/1169/1358 4326/1171/1359 4325/1172/65
f 4327/1173/1360 4329/1169/241 4328/1172/65
f 4330/1174/1361 4332/1172/65 4331/1171/81
f 4333/1173/1362 4335/1172/65 4334/1175/65
f 4336/1176/1363 4338/1173/241 4337/1175/65
f 4339/1176/1364 4341/1175/65 4340/1177/1248
f 4342/1178/1365 4344/1177/373 4343/1175/65
f 4345/1174/1366 4347/1179/65 4346/1172/65
s 0
f 4348/1179/65 4350/1175/65 4349/1172/65
s 1
f 4351/1180/1367 4353/1179/1186 4352/1174/81
f 4354/1180/1368 4356/1181/239 4355/1179/1186
f 4357/1178/1369 4359/1175/65 4358/1182/65
s 0
f 4360/1179/65 4362/1182/65 4361/1175/65
s 1
f 4363/1181/645 4365/1182/1186 4364/1179/1186
f 4366/1183/1370 4368/1178/373 4367/1182/65
f 4369/1181/1371 4371/1184/1372 4370/1182/65
f 4372/1183/1373 4374/1182/65 4373/1184/325
f 4375/1089/1258 4377/1090/1259 4376/1091/1260
f 4378/1089/1374 4380/1091/1375 4379/1092/768
f 4381/1185/1263 4383/1089/346 4382/1092/36
f 4384/1186/1376 4386/1092/36 4385/1091/619
f 4387/1185/1377 4389/1092/36 4388/1095/36
f 4390/1187/1266 4392/1185/346 4391/1095/36
f 4393/1187/1378 4395/1095/43 4394/1097/615
f 4396/1188/1379 4398/1097/222 4397/1095/36
f 4399/1188/1269 4401/1095/36 4400/1189/36
s 0
f 4402/1189/36 4404/1095/36 4403/1092/36
s 1
f 4405/1190/1270 4407/1188/46 4406/1189/768
f 4408/1190/1271 4410/1189/36 4409/1191/351
f 4411/1186/1380 4413/1192/36 4412/1092/36
s 0
f 4414/1189/36 4416/1092/36 4415/1192/36
s 1
f 4417/1191/1273 4419/1189/36 4418/1192/36
f 4420/1193/1381 4422/1192/768 4421/1186/49
f 4423/1191/1275 4425/1192/36 4424/1194/224
f 4426/1193/1382 4428/1194/41 4427/1192/36
f 4429/1195/1190 4431/1196/1383 4430/1197/651
f 4432/1195/1384 4434/1197/650 4433/1198/121
f 4435/1199/275 4437/1195/1385 4436/1198/121
f 4438/1200/1386 4440/1198/121 4439/1197/145
f 4441/1199/1387 4443/1198/133 4442/1201/133
f 4444/1202/1388 4446/1199/281 4445/1201/121
f 4447/1202/1389 4449/1201/133 4448/1203/786
f 4450/1204/1390 4452/1203/1285 4451/1201/121
f 4453/1200/1391 4455/1205/121 4454/1198/121
s 0
f 4456/1205/121 4458/1201/121 4457/1198/121
s 1
f 4459/1206/1392 4461/1205/121 4460/1200/296
f 4462/1206/1393 4464/1207/593 4463/1205/280
f 4465/1204/1394 4467/1201/121 4466/1208/121
s 0
f 4468/1205/121 4470/1208/121 4469/1201/121
s 1
f 4471/1207/1395 4473/1208/121 4472/1205/121
f 4474/1209/1396 4476/1204/1397 4475/1208/280
f 4477/1207/290 4479/1210/125 4478/1208/121
f 4480/1209/1398 4482/1208/121 4481/1210/129
f 4483/1121/1399 4485/1122/1400 4484/1123/1401
f 4486/1121/1402 4488/1123/1403 4487/1211/22
f 4489/1125/1404 4491/1121/330 4490/1211/6
f 4492/1126/906 4494/1211/906 4493/1123/1405
f 4495/1126/22 4497/1123/1406 4496/1212/196
f 4498/1125/1407 4500/1211/6 4499/1128/6
s 0
f 4501/1126/6 4503/1128/6 4502/1211/6
s 1
f 4504/1129/1408 4506/1125/187 4505/1128/6
f 4507/1129/1409 4509/1128/6 4508/1213/27
f 4510/1214/1307 4512/1213/1308 4511/1128/6
f 4513/1214/1410 4515/1128/906 4514/1215/906
s 0
f 4516/1126/6 4518/1215/6 4517/1128/6
s 1
f 4519/1216/1411 4521/1214/1308 4520/1215/14
f 4522/1216/1312 4524/1215/6 4523/1217/330
f 4525/1135/1412 4527/1217/312 4526/1215/6
f 4528/1135/1413 4530/1215/6 4529/1126/6
f 4531/1135/1414 4533/1126/14 4532/1212/1415
f 4534/1135/1416 4536/1212/1417 4535/1218/971
f 4537/1219/1418 4539/1220/1198 4538/1221/1419
f 4540/1219/1420 4542/1221/1421 4541/1222/1422
f 4543/1223/1423 4545/1219/954 4544/1222/1422
f 4546/1224/1203 4548/1222/94 4547/1221/382
f 4549/1223/1204 4551/1222/94 4550/1225/94
f 4552/1226/1424 4554/1223/1206 4553/1225/1207
f 4555/1226/1208 4557/1225/1207 4556/1227/102
f 4558/1228/1210 4560/1227/104 4559/1225/1207
f 4561/1228/1425 4563/1225/1207 4562/1229/1207
s 0
f 4564/1229/94 4566/1225/94 4565/1222/94
s 1
f 4567/1230/1426 4569/1228/104 4568/1229/1207
f 4570/1230/1427 4572/1229/1207 4571/1231/954
f 4573/1224/1428 4575/1232/94 4574/1222/94
s 0
f 4576/1229/94 4578/1222/94 4577/1232/94
s 1
f 4579/1231/1216 4581/1229/94 4580/1232/94
f 4582/1233/1429 4584/1232/94 4583/1224/98
f 4585/1231/1218 4587/1232/94 4586/1234/113
f 4588/1233/1219 4590/1234/115 4589/1232/94
f 4591/1235/1220 4593/1236/1430 4592/1237/1431
f 4594/1235/1432 4596/1237/1433 4595/1238/665
f 4597/1239/1434 4599/1235/1225 4598/1238/665
f 4600/1240/151 4602/1238/151 4601/1237/1226
f 4603/1240/151 4605/1237/1435 4604/1241/168
f 4606/1242/1436 4608/1240/665 4607/1241/723
f 4609/1242/1437 4611/1243/528 4610/1240/1438
f 4612/1243/1439 4614/1244/665 4613/1240/665
s 0
f 4615/1244/151 4617/1238/151 4616/1240/151
s 1
f 4618/1243/1440 4620/1245/161 4619/1244/665
f 4621/1246/1233 4623/1244/665 4622/1245/163
f 4624/1246/1441 4626/1247/857 4625/1244/665
f 4627/1239/1442 4629/1238/665 4628/1248/665
s 0
f 4630/1244/151 4632/1248/151 4631/1238/151
s 1
f 4633/1247/1237 4635/1248/151 4634/1244/151
f 4636/1249/1238 4638/1239/1443 4637/1248/665
f 4639/1247/1240 4641/1250/723 4640/1248/151
f 4642/1249/1444 4644/1248/665 4643/1250/1445
f 4645/1251/1242 4647/1252/254 4646/1253/1141
f 4648/1251/1138 4650/1253/1446 4649/1254/65
f 4651/1255/1244 4653/1251/85 4652/1254/65
f 4654/1256/1447 4656/1254/65 4655/1253/81
f 4657/1255/552 4659/1254/1246 4658/1257/1246
f 4660/1258/1448 4662/1255/85 4661/1257/65
f 4663/1258/1145 4665/1257/65 4664/1259/1248
f 4666/1260/1449 4668/1259/373 4667/1257/65
f 4669/1256/1450 4671/1261/1451 4670/1254/1451
s 0
f 4672/1261/65 4674/1257/65 4673/1254/65
s 1
f 4675/1262/1452 4677/1261/1453 4676/1256/959
f 4678/1262/1454 4680/1263/1455 4679/1261/1456
f 4681/1260/1457 4683/1257/65 4682/1264/65
s 0
f 4684/1261/65 4686/1264/65 4685/1257/65
s 1
f 4687/1263/1458 4689/1264/65 4688/1261/65
f 4690/1265/1459 4692/1260/959 4691/1264/65
f 4693/1263/1256 4695/1266/239 4694/1264/65
f 4696/1265/1152 4698/1264/65 4697/1266/69
f 4699/1267/1258 4701/1268/1460 4700/1269/1260
f 4702/1267/1461 4704/1269/1462 4703/1270/36
f 4705/1271/1263 4707/1267/346 4706/1270/36
f 4708/1272/1463 4710/1270/36 4709/1269/49
f 4711/1271/1464 4713/1270/36 4712/1273/36
f 4714/1274/1266 4716/1271/346 4715/1273/36
f 4717/1274/1378 4719/1273/43 4718/1275/528
f 4720/1276/1465 4722/1275/619 4721/1273/36
f 4723/1276/1466 4725/1273/36 4724/1277/36
s 0
f 4726/1277/36 4728/1273/36 4727/1270/36
s 1
f 4729/1278/1467 4731/1276/1468 4730/1277/43
f 4732/1278/1469 4734/1277/36 4733/1279/351
f 4735/1272/1470 4737/1280/36 4736/1270/36
s 0
f 4738/1277/36 4740/1270/36 4739/1280/36
s 1
f 4741/1279/1471 4743/1277/36 4742/1280/36
f 4744/1281/1274 4746/1280/36 4745/1272/49
f 4747/1279/1275 4749/1280/36 4748/1282/224
f 4750/1281/1472 4752/1282/41 4751/1280/36
f 4753/1283/579 4755/1284/1383 4754/1285/1279
f 4756/1283/1473 4758/1285/578 4757/1286/121
f 4759/1287/583 4761/1283/1385 4760/1286/121
f 4762/1288/1474 4764/1286/121 4763/1285/145
f 4765/1287/1475 4767/1286/121 4766/1289/121
f 4768/1290/585 4770/1287/1385 4769/1289/121
f 4771/1290/1476 4773/1289/121 4772/1291/933
f 4774/1292/1477 4776/1291/123 4775/1289/121
f 4777/1288/582 4779/1293/121 4778/1286/121
s 0
f 4780/1293/121 4782/1289/121 4781/1286/121
s 1
f 4783/1294/1478 4785/1293/121 4784/1288/273
f 4786/1294/588 4788/1295/131 4787/1293/121
f 4789/1292/1479 4791/1289/121 4790/1296/121
s 0
f 4792/1293/121 4794/1296/121 4793/1289/121
s 1
f 4795/1295/1291 4797/1296/121 4796/1293/121
f 4798/1297/595 4800/1292/145 4799/1296/121
f 4801/1295/591 4803/1298/131 4802/1296/121
f 4804/1297/1480 4806/1296/121 4805/1298/1481
f 4807/1299/1482 4809/1300/1483 4808/1301/1484
f 4810/1299/1402 4812/1301/1485 4811/1302/14
f 4813/1303/1300 4815/1299/982 4814/1302/6
f 4816/1304/6 4818/1302/6 4817/1301/1486
f 4819/1304/6 4821/1301/1487 4820/1305/323
f 4822/1303/1304 4824/1302/6 4823/1306/6
s 0
f 4825/1304/6 4827/1306/6 4826/1302/6
s 1
f 4828/1307/1488 4830/1303/131 4829/1306/823
f 4831/1307/1489 4833/1306/6 4832/1308/27
f 4834/1309/1490 4836/1308/1308 4835/1306/6
f 4837/1309/1491 4839/1306/6 4838/1310/6
s 0
f 4840/1304/6 4842/1310/6 4841/1306/6
s 1
f 4843/1311/1310 4845/1309/1308 4844/1310/6
f 4846/1311/1312 4848/1310/6 4847/1312/1492
f 4849/1313/1313 4851/1312/312 4850/1310/6
f 4852/1313/1493 4854/1310/6 4853/1304/6
f 4855/1313/1315 4857/1304/14 4856/1305/1494
f 4858/1313/1318 4860/1305/1317 4859/1314/1319
f 4861/1315/1320 4863/1316/90 4862/1317/1320
f 4864/1315/1321 4866/1317/1495 4865/1318/94
f 4867/1319/1323 4869/1315/96 4868/1318/94
f 4870/1320/1324 4872/1318/94 4871/1317/98
f 4873/1319/1325 4875/1318/94 4874/1321/94
f 4876/1322/1496 4878/1319/1206 4877/1321/1207
f 4879/1322/1497 4881/1321/1207 4880/1323/102
f 4882/1324/1498 4884/1323/104 4883/1321/1207
f 4885/1324/1329 4887/1321/1207 4886/1325/1207
s 0
f 4888/1325/94 4890/1321/94 4889/1318/94
s 1
f 4891/1326/1499 4893/1324/104 4892/1325/1207
f 4894/1326/1331 4896/1325/1207 4895/1327/954
f 4897/1320/1500 4899/1328/1207 4898/1318/1207
s 0
f 4900/1325/94 4902/1318/94 4901/1328/94
s 1
f 4903/1327/1333 4905/1325/94 4904/1328/94
f 4906/1329/1501 4908/1328/1207 4907/1320/263
f 4909/1327/1335 4911/1328/94 4910/1330/113
f 4912/1329/1502 4914/1330/115 4913/1328/1207
f 4915/1331/1337 4917/1332/1503 4916/1333/1504
f 4918/1331/1505 4920/1333/1506 4919/1334/665
f 4921/1335/1507 4923/1331/1239 4922/1334/665
f 4924/1336/151 4926/1334/151 4925/1333/1342
f 4927/1336/151 4929/1333/1508 4928/1337/153
f 4930/1338/1509 4932/1336/151 4931/1337/723
f 4933/1338/1510 4935/1339/156 4934/1336/151
f 4936/1339/1511 4938/1340/151 4937/1336/151
s 0
f 4939/1340/151 4941/1334/151 4940/1336/151
s 1
f 4942/1339/1512 4944/1341/161 4943/1340/665
f 4945/1342/1513 4947/1340/665 4946/1341/163
f 4948/1342/1514 4950/1343/857 4949/1340/665
f 4951/1335/1350 4953/1334/665 4952/1344/665
s 0
f 4954/1340/151 4956/1344/151 4955/1334/151
s 1
f 4957/1343/1351 4959/1344/151 4958/1340/151
f 4960/1345/1352 4962/1335/1443 4961/1344/665
f 4963/1343/1353 4965/1346/1235 4964/1344/151
f 4966/1345/1515 4968/1344/665 4967/1346/1445
f 4969/1347/630 4971/1348/254 4970/1349/1357
f 4972/1347/1516 4974/1349/1359 4973/1350/65
f 4975/1351/1517 4977/1347/85 4976/1350/65
f 4978/1352/1518 4980/1350/65 4979/1349/81
f 4981/1351/1519 4983/1350/65 4982/1353/65
f 4984/1354/1520 4986/1351/85 4985/1353/65
f 4987/1354/1521 4989/1353/65 4988/1355/1248
f 4990/1356/1522 4992/1355/373 4991/1353/65
f 4993/1352/1523 4995/1357/65 4994/1350/65
s 0
f 4996/1357/65 4998/1353/65 4997/1350/65
s 1
f 4999/1358/1524 5001/1357/65 5000/1352/251
f 5002/1358/1525 5004/1359/239 5003/1357/65
f 5005/1356/1526 5007/1353/957 5006/1360/957
s 0
f 5008/1357/65 5010/1360/65 5009/1353/65
s 1
f 5011/1359/645 5013/1360/65 5012/1357/65
f 5014/1361/1527 5016/1356/251 5015/1360/957
f 5017/1359/1371 5019/1362/1372 5018/1360/65
f 5020/1361/1528 5022/1360/65 5021/1362/1529
f 5023/1267/1258 5025/1268/1259 5024/1363/1260
f 5026/1267/1530 5028/1363/1531 5027/1364/43
f 5029/1365/1263 5031/1267/346 5030/1364/36
f 5032/1366/1463 5034/1364/36 5033/1363/49
f 5035/1365/1464 5037/1364/36 5036/1273/36
f 5038/1274/1532 5040/1365/1533 5039/1273/215
f 5041/1274/1534 5043/1273/755 5042/1275/1535
f 5044/1367/1536 5046/1275/619 5045/1273/36
f 5047/1367/1537 5049/1273/36 5048/1368/36
s 0
f 5050/1368/36 5052/1273/36 5051/1364/36
s 1
f 5053/1369/1538 5055/1367/775 5054/1368/768
f 5056/1369/1469 5058/1368/36 5057/1370/351
f 5059/1366/1470 5061/1371/36 5060/1364/36
s 0
f 5062/1368/36 5064/1364/36 5063/1371/36
s 1
f 5065/1370/1471 5067/1368/36 5066/1371/36
f 5068/1372/1274 5070/1371/36 5069/1366/49
f 5071/1370/1275 5073/1371/36 5072/1373/224
f 5074/1372/1276 5076/1373/41 5075/1371/36
f 5077/1374/1190 5079/1375/1383 5078/1376/651
f 5080/1374/1384 5082/1376/650 5081/1377/121
f 5083/1378/275 5085/1374/1385 5084/1377/121
f 5086/1379/1539 5088/1377/121 5087/1376/145
f 5089/1378/1540 5091/1377/121 5090/1380/121
f 5092/1381/1541 5094/1378/1385 5093/1380/121
f 5095/1381/1389 5097/1380/121 5096/1382/143
f 5098/1383/660 5100/1382/145 5099/1380/121
f 5101/1379/162 5103/1384/930 5102/1377/930
s 0
f 5104/1384/121 5106/1380/121 5105/1377/121
s 1
f 5107/1385/1542 5109/1384/930 5108/1379/296
f 5110/1385/1393 5112/1386/131 5111/1384/121
f 5113/1383/1543 5115/1380/121 5114/1387/121
s 0
f 5116/1384/121 5118/1387/121 5117/1380/121
s 1
f 5119/1386/1395 5121/1387/133 5120/1384/133
f 5122/1388/662 5124/1383/273 5123/1387/121
f 5125/1386/1544 5127/1389/125 5126/1387/121
f 5128/1388/1545 5130/1387/121 5129/1389/129
f 5131/1299/1296 5133/1300/268 5132/1390/1546
f 5134/1299/1547 5136/1390/1485 5135/1302/6
f 5137/1391/1404 5139/1299/187 5138/1302/6
f 5140/1304/6 5142/1302/6 5141/1390/1548
f 5143/1304/6 5145/1390/1549 5144/1392/10
f 5146/1391/1407 5148/1302/6 5147/1306/6
s 0
f 5149/1304/6 5151/1306/6 5150/1302/6
s 1
f 5152/1307/1305 5154/1391/330 5153/1306/6
f 5155/1307/1489 5157/1306/6 5156/1308/27
f 5158/1393/1550 5160/1308/1308 5159/1306/6
f 5161/1393/1551 5163/1306/6 5162/1394/6
s 0
f 5164/1304/6 5166/1394/6 5165/1306/6
s 1
f 5167/1395/1552 5169/1393/986 5168/1394/6
f 5170/1395/1553 5172/1394/6 5171/1396/1492
f 5173/1313/1412 5175/1396/312 5174/1394/6
f 5176/1313/1554 5178/1394/6 5177/1304/6
f 5179/1313/1555 5181/1304/6 5180/1392/1556
f 5182/1313/1416 5184/1392/1557 5183/1397/971
f 5185/1219/1197 5187/1220/1198 5186/1221/1199
f 5188/1219/1200 5190/1221/1201 5189/1222/94
f 5191/1223/1202 5193/1219/376 5192/1222/94
f 5194/1224/1203 5196/1222/94 5195/1221/98
f 5197/1223/1204 5199/1222/94 5198/1225/94
f 5200/1226/1424 5202/1223/1206 5201/1225/1207
f 5203/1226/1208 5205/1225/1207 5204/1227/102
f 5206/1228/1210 5208/1227/104 5207/1225/1207
f 5209/1228/1425 5211/1225/1207 5210/1229/1207
s 0
f 5212/1229/94 5214/1225/94 5213/1222/94
s 1
f 5215/1230/1426 5217/1228/104 5216/1229/1207
f 5218/1230/1427 5220/1229/1207 5219/1231/954
f 5221/1224/1215 5223/1232/94 5222/1222/94
s 0
f 5224/1229/94 5226/1222/94 5225/1232/94
s 1
f 5227/1231/1216 5229/1229/94 5228/1232/94
f 5230/1233/1558 5232/1232/94 5231/1224/98
f 5233/1231/1218 5235/1232/94 5234/1234/113
f 5236/1233/1219 5238/1234/115 5237/1232/94
f 5239/1235/1220 5241/1236/503 5240/1237/1431
f 5242/1235/1432 5244/1237/1223 5243/1238/665
f 5245/1239/1224 5247/1235/1225 5246/1238/665
f 5248/1240/151 5250/1238/151 5249/1237/1226
f 5251/1240/1047 5253/1237/1435 5252/1241/168
f 5254/1242/1228 5256/1240/1047 5255/1241/170
f 5257/1242/1559 5259/1243/528 5258/1240/1438
f 5260/1243/1439 5262/1244/665 5261/1240/665
s 0
f 5263/1244/151 5265/1238/151 5264/1240/151
s 1
f 5266/1243/1440 5268/1245/161 5267/1244/665
f 5269/1246/1233 5271/1244/665 5270/1245/163
f 5272/1246/1441 5274/1247/857 5273/1244/665
f 5275/1239/1236 5277/1238/665 5276/1248/665
s 0
f 5278/1244/151 5280/1248/151 5279/1238/151
s 1
f 5281/1247/1237 5283/1248/151 5282/1244/151
f 5284/1249/1560 5286/1239/1225 5285/1248/665
f 5287/1247/1240 5289/1250/1235 5288/1248/151
f 5290/1249/1444 5292/1248/665 5291/1250/1445
f 5293/1251/1242 5295/1252/254 5294/1253/1141
f 5296/1251/1138 5298/1253/1446 5297/1254/65
f 5299/1255/1561 5301/1251/23 5300/1254/1246
f 5302/1256/1148 5304/1254/65 5303/1253/81
f 5305/1255/552 5307/1254/65 5306/1257/65
f 5308/1258/1448 5310/1255/85 5309/1257/65
f 5311/1258/1145 5313/1257/65 5312/1259/1248
f 5314/1260/1449 5316/1259/373 5315/1257/65
f 5317/1256/1562 5319/1261/1456 5318/1254/1456
s 0
f 5320/1261/65 5322/1257/65 5321/1254/65
s 1
f 5323/1262/1563 5325/1261/1456 5324/1256/1564
f 5326/1262/1565 5328/1263/1077 5327/1261/1246
f 5329/1260/1566 5331/1257/65 5330/1264/65
s 0
f 5332/1261/65 5334/1264/65 5333/1257/65
s 1
f 5335/1263/1458 5337/1264/1246 5336/1261/1246
f 5338/1265/1567 5340/1260/368 5339/1264/1246
f 5341/1263/1568 5343/1266/75 5342/1264/1246
f 5344/1265/1569 5346/1264/963 5345/1266/962
f 5347/1267/1258 5349/1268/1460 5348/1269/1260
f 5350/1267/1570 5352/1269/1262 5351/1270/36
f 5353/1271/1263 5355/1267/224 5354/1270/36
f 5356/1272/1463 5358/1270/36 5357/1269/49
f 5359/1271/1464 5361/1270/36 5360/1273/36
f 5362/1274/1532 5364/1271/1533 5363/1273/215
f 5365/1274/1534 5367/1273/755 5366/1275/1535
f 5368/1276/1465 5370/1275/619 5369/1273/36
f 5371/1276/1571 5373/1273/755 5372/1277/755
s 0
f 5374/1277/36 5376/1273/36 5375/1270/36
s 1
f 5377/1278/1467 5379/1276/1572 5378/1277/43
f 5380/1278/1469 5382/1277/36 5381/1279/351
f 5383/1272/1470 5385/1280/36 5384/1270/36
s 0
f 5386/1277/36 5388/1270/36 5387/1280/36
s 1
f 5389/1279/1471 5391/1277/36 5390/1280/36
f 5392/1281/1573 5394/1280/36 5393/1272/46
f 5395/1279/1275 5397/1280/36 5396/1282/224
f 5398/1281/1574 5400/1282/1481 5399/1280/219
f 5401/1283/579 5403/1284/1383 5402/1285/1279
f 5404/1283/1473 5406/1285/578 5405/1286/121
f 5407/1287/583 5409/1283/1385 5408/1286/121
f 5410/1288/1474 5412/1286/121 5411/1285/145
f 5413/1287/1475 5415/1286/121 5414/1289/121
f 5416/1290/585 5418/1287/1385 5417/1289/121
f 5419/1290/1476 5421/1289/121 5420/1291/933
f 5422/1292/1477 5424/1291/123 5423/1289/121
f 5425/1288/582 5427/1293/121 5426/1286/121
s 0
f 5428/1293/121 5430/1289/121 5429/1286/121
s 1
f 5431/1294/1575 5433/1293/121 5432/1288/296
f 5434/1294/1160 5436/1295/125 5435/1293/280
f 5437/1292/1479 5439/1289/121 5438/1296/121
s 0
f 5440/1293/121 5442/1296/121 5441/1289/121
s 1
f 5443/1295/1576 5445/1296/121 5444/1293/121
f 5446/1297/595 5448/1292/145 5447/1296/121
f 5449/1295/591 5451/1298/131 5450/1296/121
f 5452/1297/1480 5454/1296/121 5453/1298/1481
f 5455/1299/1482 5457/1300/1483 5456/1301/1484
f 5458/1299/1402 5460/1301/1485 5459/1302/14
f 5461/1303/1300 5463/1299/187 5462/1302/6
f 5464/1304/6 5466/1302/6 5465/1301/1486
f 5467/1304/6 5469/1301/1487 5468/1305/320
f 5470/1303/1304 5472/1302/6 5471/1306/6
s 0
f 5473/1304/6 5475/1306/6 5474/1302/6
s 1
f 5476/1307/1305 5478/1303/977 5477/1306/6
f 5479/1307/1489 5481/1306/6 5480/1308/27
f 5482/1309/1490 5484/1308/1308 5483/1306/6
f 5485/1309/1577 5487/1306/6 5486/1310/6
s 0
f 5488/1304/6 5490/1310/6 5489/1306/6
s 1
f 5491/1311/1578 5493/1309/198 5492/1310/6
f 5494/1311/1553 5496/1310/6 5495/1312/330
f 5497/1313/1313 5499/1312/29 5498/1310/6
f 5500/1313/1493 5502/1310/6 5501/1304/6
f 5503/1313/1579 5505/1304/6 5504/1305/1580
f 5506/1313/1317 5508/1305/1317 5507/1314/1319
f 5509/1315/1320 5511/1316/90 5510/1317/1320
f 5512/1315/1321 5514/1317/1322 5513/1318/94
f 5515/1319/1323 5517/1315/96 5516/1318/94
f 5518/1320/1324 5520/1318/94 5519/1317/98
f 5521/1319/1325 5523/1318/94 5522/1321/94
f 5524/1322/1496 5526/1319/1206 5525/1321/1207
f 5527/1322/1497 5529/1321/1207 5528/1323/102
f 5530/1324/1498 5532/1323/104 5531/1321/1207
f 5533/1324/1329 5535/1321/1207 5534/1325/1207
s 0
f 5536/1325/94 5538/1321/94 5537/1318/94
s 1
f 5539/1326/1499 5541/1324/104 5540/1325/1207
f 5542/1326/1331 5544/1325/1207 5543/1327/954
f 5545/1320/1332 5547/1328/94 5546/1318/94
s 0
f 5548/1325/94 5550/1318/94 5549/1328/94
s 1
f 5551/1327/1333 5553/1325/94 5552/1328/94
f 5554/1329/1501 5556/1328/94 5555/1320/98
f 5557/1327/1335 5559/1328/94 5558/1330/113
f 5560/1329/1581 5562/1330/115 5561/1328/94
f 5563/1331/1337 5565/1332/503 5564/1333/1337
f 5566/1331/1505 5568/1333/1582 5567/1334/665
f 5569/1335/1341 5571/1331/1239 5570/1334/665
f 5572/1336/151 5574/1334/151 5573/1333/1342
f 5575/1336/151 5577/1333/1508 5576/1337/153
f 5578/1338/1509 5580/1336/151 5579/1337/723
f 5581/1338/1510 5583/1339/156 5582/1336/151
f 5584/1339/1511 5586/1340/151 5585/1336/151
s 0
f 5587/1340/151 5589/1334/151 5588/1336/151
s 1
f 5590/1339/1583 5592/1341/161 5591/1340/665
f 5593/1342/1513 5595/1340/665 5594/1341/163
f 5596/1342/1584 5598/1343/723 5597/1340/665
f 5599/1335/1350 5601/1334/665 5600/1344/665
s 0
f 5602/1340/151 5604/1344/151 5603/1334/151
s 1
f 5605/1343/1351 5607/1344/151 5606/1340/151
f 5608/1345/1352 5610/1335/1225 5609/1344/665
f 5611/1343/1353 5613/1346/1235 5612/1344/151
f 5614/1345/1585 5616/1344/665 5615/1346/1445
f 5617/1347/1181 5619/1348/1586 5618/1349/1357
f 5620/1347/1587 5622/1349/1359 5621/1350/65
f 5623/1351/1517 5625/1347/241 5624/1350/65
f 5626/1352/1518 5628/1350/65 5627/1349/81
f 5629/1351/1519 5631/1350/65 5630/1353/65
f 5632/1354/1520 5634/1351/85 5633/1353/65
f 5635/1354/1521 5637/1353/65 5636/1355/1248
f 5638/1356/1522 5640/1355/373 5639/1353/65
f 5641/1352/1523 5643/1357/65 5642/1350/65
s 0
f 5644/1357/65 5646/1353/65 5645/1350/65
s 1
f 5647/1358/1524 5649/1357/1246 5648/1352/1588
f 5650/1358/1589 5652/1359/75 5651/1357/1246
f 5653/1356/1526 5655/1353/957 5654/1360/957
s 0
f 5656/1357/65 5658/1360/65 5657/1353/65
s 1
f 5659/1359/470 5661/1360/1246 5660/1357/1246
f 5662/1361/1527 5664/1356/251 5663/1360/957
f 5665/1359/1590 5667/1362/1077 5666/1360/1246
f 5668/1361/1591 5670/1360/1246 5669/1362/85
f 5671/1267/1258 5673/1268/1259 5672/1363/1260
f 5674/1267/1570 5676/1363/1262 5675/1364/36
f 5677/1365/1263 5679/1267/224 5678/1364/36
f 5680/1366/1463 5682/1364/36 5681/1363/49
f 5683/1365/1265 5685/1364/36 5684/1273/36
f 5686/1274/1592 5688/1365/346 5687/1273/36
f 5689/1274/1378 5691/1273/43 5690/1275/528
f 5692/1367/1593 5694/1275/1594 5693/1273/219
f 5695/1367/1595 5697/1273/36 5696/1368/36
s 0
f 5698/1368/36 5700/1273/36 5699/1364/36
s 1
f 5701/1369/1270 5703/1367/46 5702/1368/768
f 5704/1369/1596 5706/1368/219 5705/1370/44
f 5707/1366/1470 5709/1371/36 5708/1364/36
s 0
f 5710/1368/36 5712/1364/36 5711/1371/36
s 1
f 5713/1370/1471 5715/1368/36 5714/1371/36
f 5716/1372/1573 5718/1371/36 5717/1366/49
f 5719/1370/1275 5721/1371/36 5720/1373/224
f 5722/1372/1597 5724/1373/1481 5723/1371/219
f 5725/1374/1598 5727/1375/1278 5726/1376/1599
f 5728/1374/1384 5730/1376/650 5729/1377/121
f 5731/1378/275 5733/1374/1385 5732/1377/121
f 5734/1379/1539 5736/1377/121 5735/1376/145
f 5737/1378/1540 5739/1377/121 5738/1380/121
f 5740/1381/1541 5742/1378/1385 5741/1380/121
f 5743/1381/1389 5745/1380/121 5744/1382/143
f 5746/1383/660 5748/1382/145 5747/1380/121
f 5749/1379/1600 5751/1384/930 5750/1377/930
s 0
f 5752/1384/121 5754/1380/121 5753/1377/121
s 1
f 5755/1385/1601 5757/1384/1602 5756/1379/145
f 5758/1385/1603 5760/1386/131 5759/1384/121
f 5761/1383/1543 5763/1380/121 5762/1387/121
s 0
f 5764/1384/121 5766/1387/121 5765/1380/121
s 1
f 5767/1386/1395 5769/1387/121 5768/1384/121
f 5770/1388/662 5772/1383/273 5771/1387/121
f 5773/1386/1544 5775/1389/125 5774/1387/121
f 5776/1388/1545 5778/1387/121 5777/1389/129
f 5779/1299/1296 5781/1300/268 5780/1390/1546
f 5782/1299/1547 5784/1390/1485 5783/1302/6
f 5785/1391/1404 5787/1299/187 5786/1302/6
f 5788/1304/6 5790/1302/6 5789/1390/1548
f 5791/1304/906 5793/1390/1604 5792/1392/1605
f 5794/1391/1407 5796/1302/6 5795/1306/6
s 0
f 5797/1304/6 5799/1306/6 5798/1302/6
s 1
f 5800/1307/1408 5802/1391/187 5801/1306/6
f 5803/1307/1409 5805/1306/6 5804/1308/27
f 5806/1393/1550 5808/1308/1308 5807/1306/6
f 5809/1393/1551 5811/1306/6 5810/1394/6
s 0
f 5812/1304/6 5814/1394/6 5813/1306/6
s 1
f 5815/1395/1606 5817/1393/1169 5816/1394/6
f 5818/1395/1607 5820/1394/6 5819/1396/330
f 5821/1313/1412 5823/1396/29 5822/1394/6
f 5824/1313/1554 5826/1394/6 5825/1304/6
f 5827/1313/1608 5829/1304/6 5828/1392/1316
f 5830/1313/1416 5832/1392/1557 5831/1397/971
f 5833/1219/1197 5835/1220/1198 5834/1221/1199
f 5836/1219/1609 5838/1221/1201 5837/1222/94
f 5839/1223/1202 5841/1219/376 5840/1222/94
f 5842/1224/1203 5844/1222/94 5843/1221/98
f 5845/1223/1204 5847/1222/94 5846/1225/94
f 5848/1226/1424 5850/1223/1206 5849/1225/1207
f 5851/1226/1208 5853/1225/1207 5852/1227/102
f 5854/1228/1210 5856/1227/104 5855/1225/1207
f 5857/1228/1425 5859/1225/1207 5858/1229/1207
s 0
f 5860/1229/94 5862/1225/94 5861/1222/94
s 1
f 5863/1230/1213 5865/1228/104 5864/1229/1207
f 5866/1230/1427 5868/1229/1207 5867/1231/954
f 5869/1224/1428 5871/1232/94 5870/1222/94
s 0
f 5872/1229/94 5874/1222/94 5873/1232/94
s 1
f 5875/1231/1216 5877/1229/94 5876/1232/94
f 5878/1233/1217 5880/1232/94 5879/1224/98
f 5881/1231/1218 5883/1232/94 5882/1234/113
f 5884/1233/1219 5886/1234/115 5885/1232/94
f 5887/1235/1610 5889/1236/503 5888/1237/1610
f 5890/1235/1611 5892/1237/1612 5891/1238/665
f 5893/1239/1224 5895/1235/1225 5894/1238/665
f 5896/1240/151 5898/1238/151 5897/1237/1226
f 5899/1240/151 5901/1237/1227 5900/1241/168
f 5902/1242/1436 5904/1240/665 5903/1241/723
f 5905/1242/1613 5907/1243/161 5906/1240/665
f 5908/1243/1614 5910/1244/665 5909/1240/665
s 0
f 5911/1244/151 5913/1238/151 5912/1240/151
s 1
f 5914/1243/1232 5916/1245/161 5915/1244/665
f 5917/1246/1233 5919/1244/665 5918/1245/163
f 5920/1246/1441 5922/1247/723 5921/1244/665
f 5923/1239/1236 5925/1238/665 5924/1248/665
s 0
f 5926/1244/151 5928/1248/151 5927/1238/151
s 1
f 5929/1247/1237 5931/1248/151 5930/1244/151
f 5932/1249/1615 5934/1239/1225 5933/1248/665
f 5935/1247/1616 5937/1250/1235 5936/1248/151
f 5938/1249/1444 5940/1248/665 5939/1250/1445
f 5941/1251/1617 5943/1252/1198 5942/1253/1618
f 5944/1251/1619 5946/1253/1446 5945/1254/1246
f 5947/1255/1561 5949/1251/85 5948/1254/1246
f 5950/1256/1148 5952/1254/65 5951/1253/81
f 5953/1255/552 5955/1254/1246 5954/1257/1246
f 5956/1258/1448 5958/1255/85 5957/1257/1246
f 5959/1258/1145 5961/1257/1246 5960/1259/1248
f 5962/1260/1620 5964/1259/373 5963/1257/65
f 5965/1256/1621 5967/1261/65 5966/1254/65
s 0
f 5968/1261/65 5970/1257/65 5969/1254/65
s 1
f 5971/1262/1452 5973/1261/1246 5972/1256/251
f 5974/1262/1622 5976/1263/75 5975/1261/1246
f 5977/1260/1623 5979/1257/1624 5978/1264/1624
s 0
f 5980/1261/65 5982/1264/65 5981/1257/65
s 1
f 5983/1263/1458 5985/1264/1246 5984/1261/1246
f 5986/1265/1625 5988/1260/1626 5987/1264/1627
f 5989/1263/1628 5991/1266/1629 5990/1264/73
f 5992/1265/1630 5994/1264/73 5993/1266/77
f 5995/1267/1258 5997/1268/1259 5996/1269/1258
f 5998/1267/1461 6000/1269/1631 5999/1270/43
f 6001/1271/1263 6003/1267/346 6002/1270/36
f 6004/1272/1463 6006/1270/36 6005/1269/444
f 6007/1271/1464 6009/1270/36 6008/1273/36
f 6010/1274/1266 6012/1271/346 6011/1273/36
f 6013/1274/1378 6015/1273/43 6014/1275/528
f 6016/1276/1465 6018/1275/619 6017/1273/36
f 6019/1276/1466 6021/1273/36 6020/1277/36
s 0
f 6022/1277/36 6024/1273/36 6023/1270/36
s 1
f 6025/1278/1632 6027/1276/222 6026/1277/36
f 6028/1278/1596 6030/1277/219 6029/1279/44
f 6031/1272/1470 6033/1280/36 6032/1270/36
s 0
f 6034/1277/36 6036/1270/36 6035/1280/36
s 1
f 6037/1279/1273 6039/1277/36 6038/1280/36
f 6040/1281/1633 6042/1280/36 6041/1272/46
f 6043/1279/1275 6045/1280/36 6044/1282/224
f 6046/1281/1382 6048/1282/616 6047/1280/36
f 6049/1283/579 6051/1284/1383 6050/1285/1279
f 6052/1283/1473 6054/1285/578 6053/1286/121
f 6055/1287/583 6057/1283/1385 6056/1286/121
f 6058/1288/1474 6060/1286/121 6059/1285/145
f 6061/1287/1475 6063/1286/121 6062/1289/121
f 6064/1290/585 6066/1287/1385 6065/1289/121
f 6067/1290/1476 6069/1289/121 6068/1291/933
f 6070/1292/1477 6072/1291/123 6071/1289/121
f 6073/1288/1634 6075/1293/1635 6074/1286/1635
s 0
f 6076/1293/121 6078/1289/121 6077/1286/121
s 1
f 6079/1294/1636 6081/1293/1635 6080/1288/1637
f 6082/1294/1638 6084/1295/395 6083/1293/133
f 6085/1292/1479 6087/1289/121 6086/1296/121
s 0
f 6088/1293/121 6090/1296/121 6089/1289/121
s 1
f 6091/1295/1291 6093/1296/133 6092/1293/133
f 6094/1297/595 6096/1292/145 6095/1296/121
f 6097/1295/591 6099/1298/131 6098/1296/121
f 6100/1297/1639 6102/1296/121 6101/1298/129
f 6103/1299/1296 6105/1300/268 6104/1301/1640
f 6106/1299/1641 6108/1301/1642 6107/1302/6
f 6109/1303/1300 6111/1299/187 6110/1302/6
f 6112/1304/6 6114/1302/6 6113/1301/1643
f 6115/1304/6 6117/1301/1487 6116/1305/323
f 6118/1303/1304 6120/1302/6 6119/1306/6
s 0
f 6121/1304/6 6123/1306/6 6122/1302/6
s 1
f 6124/1307/1305 6126/1303/1644 6125/1306/6
f 6127/1307/1489 6129/1306/6 6128/1308/10
f 6130/1309/1490 6132/1308/198 6131/1306/6
f 6133/1309/1577 6135/1306/6 6134/1310/6
s 0
f 6136/1304/6 6138/1310/6 6137/1306/6
s 1
f 6139/1311/1411 6141/1309/198 6140/1310/6
f 6142/1311/1312 6144/1310/6 6143/1312/330
f 6145/1313/1645 6147/1312/29 6146/1310/6
f 6148/1313/1493 6150/1310/6 6149/1304/6
f 6151/1313/1315 6153/1304/6 6152/1305/1556
f 6154/1313/1318 6156/1305/1317 6155/1314/1319
f 6157/1315/1320 6159/1316/90 6158/1317/1320
f 6160/1315/1321 6162/1317/1322 6161/1318/94
f 6163/1319/1323 6165/1315/96 6164/1318/94
f 6166/1320/1324 6168/1318/94 6167/1317/98
f 6169/1319/1325 6171/1318/94 6170/1321/94
f 6172/1322/1496 6174/1319/1206 6173/1321/1207
f 6175/1322/1497 6177/1321/1207 6176/1323/102
f 6178/1324/1498 6180/1323/104 6179/1321/1207
f 6181/1324/1329 6183/1321/1207 6182/1325/1207
s 0
f 6184/1325/94 6186/1321/94 6185/1318/94
s 1
f 6187/1326/1330 6189/1324/104 6188/1325/1207
f 6190/1326/1331 6192/1325/1207 6191/1327/954
f 6193/1320/1332 6195/1328/94 6194/1318/94
s 0
f 6196/1325/94 6198/1318/94 6197/1328/94
s 1
f 6199/1327/1333 6201/1325/94 6200/1328/94
f 6202/1329/1501 6204/1328/94 6203/1320/98
f 6205/1327/1335 6207/1328/94 6206/1330/113
f 6208/1329/1646 6210/1330/115 6209/1328/94
f 6211/1331/1504 6213/1332/503 6212/1333/1504
f 6214/1331/1647 6216/1333/1582 6215/1334/665
f 6217/1335/1341 6219/1331/1239 6218/1334/665
f 6220/1336/151 6222/1334/151 6221/1333/1342
f 6223/1336/151 6225/1333/1508 6224/1337/153
f 6226/1338/1648 6228/1336/1649 6227/1337/1248
f 6229/1338/1650 6231/1339/156 6230/1336/1649
f 6232/1339/1651 6234/1340/1649 6233/1336/1649
s 0
f 6235/1340/151 6237/1334/151 6236/1336/151
s 1
f 6238/1339/1583 6240/1341/161 6239/1340/665
f 6241/1342/1513 6243/1340/665 6242/1341/163
f 6244/1342/1584 6246/1343/72 6245/1340/665
f 6247/1335/1350 6249/1334/665 6248/1344/665
s 0
f 6250/1340/151 6252/1344/151 6251/1334/151
s 1
f 6253/1343/1351 6255/1344/151 6254/1340/151
f 6256/1345/1352 6258/1335/1225 6257/1344/665
f 6259/1343/1353 6261/1346/1235 6260/1344/151
f 6262/1345/1585 6264/1344/665 6263/1346/1445
f 6265/1347/1652 6267/1348/1198 6266/1349/1653
f 6268/1347/1358 6270/1349/1359 6269/1350/1246
f 6271/1351/1654 6273/1347/241 6272/1350/1246
f 6274/1352/1518 6276/1350/65 6275/1349/251
f 6277/1351/631 6279/1350/65 6278/1353/65
f 6280/1354/1655 6282/1351/241 6281/1353/65
f 6283/1354/1182 6285/1353/65 6284/1355/88
f 6286/1356/1522 6288/1355/373 6287/1353/65
f 6289/1352/1656 6291/1357/65 6290/1350/65
s 0
f 6292/1357/65 6294/1353/65 6293/1350/65
s 1
f 6295/1358/1524 6297/1357/1246 6296/1352/1588
f 6298/1358/1589 6300/1359/75 6299/1357/1246
f 6301/1356/1184 6303/1353/65 6302/1360/65
s 0
f 6304/1357/65 6306/1360/65 6305/1353/65
s 1
f 6307/1359/470 6309/1360/1246 6308/1357/1246
f 6310/1361/1657 6312/1356/959 6311/1360/1246
f 6313/1359/1590 6315/1362/75 6314/1360/1246
f 6316/1361/1528 6318/1360/1246 6317/1362/241
f 6319/1267/1258 6321/1268/1259 6320/1363/1260
f 6322/1267/1658 6324/1363/1631 6323/1364/43
f 6325/1365/1263 6327/1267/346 6326/1364/36
f 6328/1366/1463 6330/1364/36 6329/1363/49
f 6331/1365/1464 6333/1364/36 6332/1273/36
f 6334/1274/1266 6336/1365/346 6335/1273/36
f 6337/1274/1378 6339/1273/43 6338/1275/528
f 6340/1367/1536 6342/1275/619 6341/1273/36
f 6343/1367/1537 6345/1273/36 6344/1368/36
s 0
f 6346/1368/36 6348/1273/36 6347/1364/36
s 1
f 6349/1369/1659 6351/1367/222 6350/1368/36
f 6352/1369/1469 6354/1368/36 6353/1370/351
f 6355/1366/1470 6357/1371/36 6356/1364/36
s 0
f 6358/1368/36 6360/1364/36 6359/1371/36
s 1
f 6361/1370/1273 6363/1368/36 6362/1371/36
f 6364/1372/1660 6366/1371/768 6365/1366/46
f 6367/1370/1275 6369/1371/36 6368/1373/224
f 6370/1372/1661 6372/1373/1481 6371/1371/219
f 6373/1374/1190 6375/1375/1383 6374/1376/651
f 6376/1374/1384 6378/1376/650 6377/1377/121
f 6379/1378/275 6381/1374/1385 6380/1377/121
f 6382/1379/1539 6384/1377/121 6383/1376/145
f 6385/1378/1387 6387/1377/121 6386/1380/121
f 6388/1381/1541 6390/1378/1385 6389/1380/121
f 6391/1381/1389 6393/1380/121 6392/1382/143
f 6394/1383/660 6396/1382/145 6395/1380/121
f 6397/1379/162 6399/1384/121 6398/1377/121
s 0
f 6400/1384/121 6402/1380/121 6401/1377/121
s 1
f 6403/1385/1662 6405/1384/133 6404/1379/296
f 6406/1385/1603 6408/1386/131 6407/1384/133
f 6409/1383/1543 6411/1380/121 6410/1387/121
s 0
f 6412/1384/121 6414/1387/121 6413/1380/121
s 1
f 6415/1386/1663 6417/1387/133 6416/1384/133
f 6418/1388/662 6420/1383/273 6419/1387/121
f 6421/1386/1544 6423/1389/125 6422/1387/121
f 6424/1388/1545 6426/1387/121 6425/1389/129
f 6427/1299/1664 6429/1300/1665 6428/1390/1666
f 6430/1299/1667 6432/1390/1668 6431/1302/1669
f 6433/1391/1404 6435/1299/187 6434/1302/6
f 6436/1304/6 6438/1302/6 6437/1390/1548
f 6439/1304/6 6441/1390/1549 6440/1392/314
f 6442/1391/1407 6444/1302/6 6443/1306/6
s 0
f 6445/1304/6 6447/1306/6 6446/1302/6
s 1
f 6448/1307/1670 6450/1391/330 6449/1306/6
f 6451/1307/1671 6453/1306/6 6452/1308/10
f 6454/1393/1490 6456/1308/198 6455/1306/6
f 6457/1393/1491 6459/1306/6 6458/1394/6
s 0
f 6460/1304/6 6462/1394/6 6461/1306/6
s 1
f 6463/1395/1606 6465/1393/198 6464/1394/6
f 6466/1395/1607 6468/1394/6 6467/1396/1492
f 6469/1313/1412 6471/1396/312 6470/1394/6
f 6472/1313/1554 6474/1394/6 6473/1304/6
f 6475/1313/1555 6477/1304/6 6476/1392/1672
f 6478/1313/1416 6480/1392/1557 6479/1397/971
f 6481/1398/1197 6483/1399/254 6482/1400/1199
f 6484/1398/1609 6486/1400/1673 6485/1401/1674
f 6487/1402/1323 6489/1398/376 6488/1401/94
f 6490/1403/1675 6492/1401/1674 6491/1400/98
f 6493/1402/1204 6495/1401/94 6494/1404/94
f 6496/1405/1424 6498/1402/954 6497/1404/1207
f 6499/1405/1208 6501/1404/1207 6500/1406/102
f 6502/1407/1210 6504/1406/104 6503/1404/1207
f 6505/1407/1425 6507/1404/1207 6506/1408/1207
s 0
f 6508/1408/94 6510/1404/94 6509/1401/94
s 1
f 6511/1409/1213 6513/1407/104 6512/1408/1207
f 6514/1409/1427 6516/1408/1207 6515/1410/954
f 6517/1403/1428 6519/1411/94 6518/1401/94
s 0
f 6520/1408/94 6522/1401/94 6521/1411/94
s 1
f 6523/1410/1216 6525/1408/94 6524/1411/94
f 6526/1412/1676 6528/1411/94 6527/1403/98
f 6529/1410/1218 6531/1411/94 6530/1413/108
f 6532/1412/1677 6534/1413/1288 6533/1411/94
f 6535/1414/1220 6537/1415/61 6536/1416/1220
f 6538/1414/1678 6540/1416/1433 6539/1417/151
f 6541/1418/1224 6543/1414/1225 6542/1417/151
f 6544/1419/151 6546/1417/151 6545/1416/1679
f 6547/1419/151 6549/1416/1227 6548/1420/168
f 6550/1421/1436 6552/1419/665 6551/1420/723
f 6553/1421/1613 6555/1422/161 6554/1419/665
f 6556/1422/1680 6558/1423/665 6557/1419/665
s 0
f 6559/1423/151 6561/1417/151 6560/1419/151
s 1
f 6562/1422/1232 6564/1424/161 6563/1423/665
f 6565/1425/1233 6567/1423/665 6566/1424/163
f 6568/1425/1441 6570/1426/723 6569/1423/665
f 6571/1418/1681 6573/1417/151 6572/1427/151
s 0
f 6574/1423/151 6576/1427/151 6575/1417/151
s 1
f 6577/1426/1237 6579/1427/151 6578/1423/151
f 6580/1428/1682 6582/1418/1225 6581/1427/151
f 6583/1426/1240 6585/1429/1235 6584/1427/151
f 6586/1428/1241 6588/1427/151 6587/1429/159
f 6589/1430/1683 6591/1431/1198 6590/1432/1684
f 6592/1430/1685 6594/1432/1686 6593/1433/73
f 6595/1434/1687 6597/1430/85 6596/1433/73
f 6598/1435/1688 6600/1433/65 6599/1432/81
f 6601/1434/1689 6603/1433/73 6602/1436/73
f 6604/1437/1690 6606/1434/77 6605/1436/73
f 6607/1437/1691 6609/1436/73 6608/1438/723
f 6610/1439/1692 6612/1438/373 6611/1436/65
f 6613/1435/1693 6615/1440/65 6614/1433/65
s 0
f 6616/1440/65 6618/1436/65 6617/1433/65
s 1
f 6619/1441/1694 6621/1440/65 6620/1435/251
f 6622/1441/1695 6624/1442/239 6623/1440/65
f 6625/1439/1696 6627/1436/65 6626/1443/65
s 0
f 6628/1440/65 6630/1443/65 6629/1436/65
s 1
f 6631/1442/1697 6633/1443/65 6632/1440/65
f 6634/1444/1698 6636/1439/959 6635/1443/65
f 6637/1442/1699 6639/1445/1700 6638/1443/65
f 6640/1444/1701 6642/1443/65 6641/1445/23
f 6643/1446/1702 6645/1447/1259 6644/1448/1703
f 6646/1446/1704 6648/1448/1705 6647/1449/36
f 6649/1450/210 6651/1446/57 6650/1449/36
f 6652/1451/1706 6654/1449/219 6653/1448/1055
f 6655/1450/1707 6657/1449/36 6656/1452/36
f 6658/1453/1708 6660/1450/346 6659/1452/36
f 6661/1453/1709 6663/1452/43 6662/1454/528
f 6664/1455/1710 6666/1454/46 6665/1452/768
f 6667/1455/1711 6669/1452/36 6668/1456/36
s 0
f 6670/1456/36 6672/1452/36 6671/1449/36
s 1
f 6673/1457/1712 6675/1455/46 6674/1456/768
f 6676/1457/1713 6678/1456/36 6677/1458/351
f 6679/1451/1714 6681/1459/36 6680/1449/36
s 0
f 6682/1456/36 6684/1449/36 6683/1459/36
s 1
f 6685/1458/1715 6687/1456/36 6686/1459/36
f 6688/1460/1716 6690/1459/36 6689/1451/49
f 6691/1458/1717 6693/1459/36 6692/1461/224
f 6694/1460/1718 6696/1461/616 6695/1459/36
f 6697/1462/1719 6699/1463/1383 6698/1464/1720
f 6700/1462/1721 6702/1464/1722 6701/1465/121
f 6703/1466/1723 6705/1462/1385 6704/1465/121
f 6706/1467/1724 6708/1465/121 6707/1464/145
f 6709/1466/1725 6711/1465/121 6710/1468/121
f 6712/1469/1726 6714/1466/547 6713/1468/121
f 6715/1469/1727 6717/1468/121 6716/1470/294
f 6718/1471/1728 6720/1470/1285 6719/1468/121
f 6721/1467/1729 6723/1472/121 6722/1465/121
s 0
f 6724/1472/121 6726/1468/121 6725/1465/121
s 1
f 6727/1473/1730 6729/1472/121 6728/1467/273
f 6730/1473/1731 6732/1474/131 6731/1472/121
f 6733/1471/1732 6735/1468/121 6734/1475/121
s 0
f 6736/1472/121 6738/1475/121 6737/1468/121
s 1
f 6739/1474/1733 6741/1475/121 6740/1472/121
f 6742/1476/1734 6744/1471/273 6743/1475/121
f 6745/1474/1735 6747/1477/131 6746/1475/121
f 6748/1476/1736 6750/1475/121 6749/1477/129
f 6751/1478/1737 6753/1479/1483 6752/1480/1738
f 6754/1478/1739 6756/1480/1740 6755/1481/22
f 6757/1482/1741 6759/1478/187 6758/1481/6
f 6760/1483/906 6762/1481/906 6761/1480/1742
f 6763/1483/1743 6765/1480/1744 6764/1484/196
f 6766/1482/1745 6768/1481/6 6767/1485/6
s 0
f 6769/1483/6 6771/1485/6 6770/1481/6
s 1
f 6772/1486/1746 6774/1482/1644 6773/1485/6
f 6775/1486/1747 6777/1485/6 6776/1487/27
f 6778/1488/1748 6780/1487/1308 6779/1485/6
f 6781/1488/1749 6783/1485/6 6782/1489/6
s 0
f 6784/1483/6 6786/1489/6 6785/1485/6
s 1
f 6787/1490/1750 6789/1488/198 6788/1489/6
f 6790/1490/1751 6792/1489/6 6791/1491/330
f 6793/1492/1752 6795/1491/312 6794/1489/6
f 6796/1492/1753 6798/1489/6 6797/1483/6
f 6799/1492/1754 6801/1483/6 6800/1484/1755
f 6802/1492/1756 6804/1484/1757 6803/1493/1319
f 6805/1494/1758 6807/1495/254 6806/1496/1758
f 6808/1494/1759 6810/1496/1495 6809/1497/94
f 6811/1498/1760 6813/1494/108 6812/1497/94
f 6814/1499/1761 6816/1497/94 6815/1496/382
f 6817/1498/1325 6819/1497/94 6818/1500/94
f 6820/1501/1496 6822/1498/954 6821/1500/1207
f 6823/1501/1327 6825/1500/1207 6824/1502/102
f 6826/1503/1762 6828/1502/104 6827/1500/1207
f 6829/1503/1763 6831/1500/1207 6830/1504/1207
s 0
f 6832/1504/94 6834/1500/94 6833/1497/94
s 1
f 6835/1505/1330 6837/1503/104 6836/1504/1207
f 6838/1505/1331 6840/1504/1207 6839/1506/954
f 6841/1499/1764 6843/1507/94 6842/1497/94
s 0
f 6844/1504/94 6846/1497/94 6845/1507/94
s 1
f 6847/1506/1333 6849/1504/94 6848/1507/94
f 6850/1508/1765 6852/1507/94 6851/1499/382
f 6853/1506/1335 6855/1507/94 6854/1509/108
f 6856/1508/1766 6858/1509/1288 6857/1507/94
f 6859/1510/1337 6861/1511/61 6860/1512/1337
f 6862/1510/1339 6864/1512/1582 6863/1513/151
f 6865/1514/1767 6867/1510/1239 6866/1513/151
f 6868/1515/151 6870/1513/151 6869/1512/1342
f 6871/1515/151 6873/1512/1343 6872/1516/153
f 6874/1517/1768 6876/1515/151 6875/1516/723
f 6877/1517/1650 6879/1518/298 6878/1515/151
f 6880/1518/1769 6882/1519/151 6881/1515/151
s 0
f 6883/1519/151 6885/1513/151 6884/1515/151
s 1
f 6886/1518/1770 6888/1520/161 6887/1519/665
f 6889/1521/1771 6891/1519/665 6890/1520/163
f 6892/1521/1584 6894/1522/723 6893/1519/665
f 6895/1514/1772 6897/1513/665 6896/1523/665
s 0
f 6898/1519/151 6900/1523/151 6899/1513/151
s 1
f 6901/1522/1773 6903/1523/151 6902/1519/151
f 6904/1524/1774 6906/1514/1225 6905/1523/665
f 6907/1522/1353 6909/1525/1235 6908/1523/151
f 6910/1524/1585 6912/1523/665 6911/1525/1445
f 6913/1526/1775 6915/1527/90 6914/1528/1776
f 6916/1526/1777 6918/1528/1778 6917/1529/65
f 6919/1530/1779 6921/1526/241 6920/1529/65
f 6922/1531/1780 6924/1529/65 6923/1528/81
f 6925/1530/1781 6927/1529/65 6926/1532/65
f 6928/1533/1782 6930/1530/241 6929/1532/65
f 6931/1533/1783 6933/1532/65 6932/1534/88
f 6934/1535/1784 6936/1534/373 6935/1532/65
f 6937/1531/1785 6939/1536/65 6938/1529/65
s 0
f 6940/1536/65 6942/1532/65 6941/1529/65
s 1
f 6943/1537/1786 6945/1536/65 6944/1531/251
f 6946/1537/1787 6948/1538/239 6947/1536/65
f 6949/1535/1788 6951/1532/1789 6950/1539/1789
s 0
f 6952/1536/65 6954/1539/65 6953/1532/65
s 1
f 6955/1538/1790 6957/1539/65 6956/1536/65
f 6958/1540/1791 6960/1535/1792 6959/1539/1789
f 6961/1538/1793 6963/1541/1077 6962/1539/65
f 6964/1540/1794 6966/1539/1789 6965/1541/1795
f 6967/1446/1796 6969/1447/1259 6968/1542/1797
f 6970/1446/1798 6972/1542/1799 6971/1543/755
f 6973/1450/1800 6975/1446/346 6974/1543/36
f 6976/1544/1801 6978/1543/36 6977/1542/49
f 6979/1450/1802 6981/1543/36 6980/1545/36
f 6982/1453/1803 6984/1450/1533 6983/1545/215
f 6985/1453/1804 6987/1545/755 6986/1546/1805
f 6988/1547/1806 6990/1546/619 6989/1545/36
f 6991/1547/1807 6993/1545/219 6992/1548/219
s 0
f 6994/1548/36 6996/1545/36 6995/1543/36
s 1
f 6997/1549/1808 6999/1547/46 6998/1548/768
f 7000/1549/1809 7002/1548/36 7001/1550/351
f 7003/1544/1810 7005/1551/36 7004/1543/36
s 0
f 7006/1548/36 7008/1543/36 7007/1551/36
s 1
f 7009/1550/1273 7011/1548/36 7010/1551/36
f 7012/1552/1811 7014/1551/43 7013/1544/49
f 7015/1550/1812 7017/1551/36 7016/1553/224
f 7018/1552/1813 7020/1553/616 7019/1551/36
f 7021/1554/1814 7023/1555/1383 7022/1556/1815
f 7024/1554/1816 7026/1556/1817 7025/1557/121
f 7027/1558/1818 7029/1554/547 7028/1557/133
f 7030/1559/1819 7032/1557/121 7031/1556/145
f 7033/1558/1820 7035/1557/121 7034/1560/121
f 7036/1561/1821 7038/1558/547 7037/1560/121
f 7039/1561/1822 7041/1560/121 7040/1562/143
f 7042/1563/1823 7044/1562/145 7043/1560/121
f 7045/1559/1824 7047/1564/121 7046/1557/121
s 0
f 7048/1564/121 7050/1560/121 7049/1557/121
s 1
f 7051/1565/1825 7053/1564/121 7052/1559/273
f 7054/1565/1826 7056/1566/125 7055/1564/121
f 7057/1563/1827 7059/1560/121 7058/1567/121
s 0
f 7060/1564/121 7062/1567/121 7061/1560/121
s 1
f 7063/1566/1828 7065/1567/121 7064/1564/121
f 7066/1568/1829 7068/1563/145 7067/1567/280
f 7069/1566/1830 7071/1569/593 7070/1567/121
f 7072/1568/1831 7074/1567/280 7073/1569/281
f 7075/1478/1832 7077/1479/268 7076/1570/1833
f 7078/1478/1834 7080/1570/1835 7079/1571/823
f 7081/1572/1836 7083/1478/330 7082/1571/6
f 7084/1573/14 7086/1571/14 7085/1570/1837
f 7087/1573/906 7089/1570/1838 7088/1574/1303
f 7090/1572/1839 7092/1571/6 7091/1575/6
s 0
f 7093/1573/6 7095/1575/6 7094/1571/6
s 1
f 7096/1486/1840 7098/1572/1841 7097/1575/1669
f 7099/1486/1842 7101/1575/22 7100/1576/320
f 7102/1577/1843 7104/1576/1308 7103/1575/823
f 7105/1577/1844 7107/1575/22 7106/1578/22
s 0
f 7108/1573/6 7110/1578/6 7109/1575/6
s 1
f 7111/1490/1845 7113/1577/1308 7112/1578/823
f 7114/1490/1846 7116/1578/6 7115/1491/330
f 7117/1579/1847 7119/1491/312 7118/1578/6
f 7120/1579/1848 7122/1578/6 7121/1573/6
f 7123/1579/1849 7125/1573/823 7124/1574/1850
f 7126/1579/1851 7128/1574/1852 7127/1580/1853
f 7129/1581/1854 7131/1582/1855 7130/1583/1856
f 7132/1581/1857 7134/1584/1858 7133/1582/1859
f 7135/1585/1860 7137/1584/1861 7136/1581/1862
f 7138/1584/1863 7140/1586/1855 7139/1582/1856
f 7141/1585/1864 7143/1587/1865 7142/1584/1866
f 7144/1584/1857 7146/1588/1858 7145/1586/1867
f 7147/1587/1868 7149/1588/1861 7148/1584/1862
f 7150/1588/1854 7152/1589/1855 7151/1586/1869
f 7153/1587/1864 7155/1590/1865 7154/1588/1870
f 7156/1588/1857 7158/1591/1858 7157/1589/1867
f 7159/1590/1860 7161/1591/1861 7160/1588/1862
f 7162/1591/1854 7164/1592/1855 7163/1589/1856
f 7165/1590/1864 7167/1593/1865 7166/1591/1866
f 7168/1591/1857 7170/1594/1858 7169/1592/1859
f 7171/1593/1868 7173/1594/1861 7172/1591/1862
f 7174/1594/1863 7176/1595/1855 7175/1592/1856
f 7177/1593/1864 7179/1596/1865 7178/1594/1871
f 7180/1594/1857 7182/1597/1858 7181/1595/1867
f 7183/1596/1868 7185/1597/1861 7184/1594/1862
f 7186/1596/1864 7188/1598/1865 7187/1597/1871
f 7189/1599/1872 7191/1600/1873 7190/1601/1874
f 7192/1599/1875 7194/1602/1876 7193/1600/1877
f 7195/1602/1878 7197/1603/1873 7196/1600/1874
f 7198/1601/1879 7200/1604/1880 7199/1605/1881
f 7201/1601/1882 7203/1600/1883 7202/1604/1884
f 7204/1600/1879 7206/1606/1880 7205/1604/1881
f 7207/1600/1882 7209/1603/1885 7208/1606/1886
f 7210/1603/1879 7212/1607/1880 7211/1606/1881
f 7213/1603/1882 7215/1608/1883 7214/1607/1884
f 7216/1608/1879 7218/1609/1880 7217/1607/1881
f 7219/1610/1887 7221/1608/1873 7220/1603/1874
f 7222/1602/1875 7224/1610/1876 7223/1603/1888
f 7225/1610/1875 7227/1611/1876 7226/1608/1877
f 7228/1611/1878 7230/1612/1873 7229/1608/1874
f 7231/1608/1882 7233/1612/1883 7232/1609/1889
f 7234/1612/1879 7236/1613/1880 7235/1609/1881
f 7237/1612/1882 7239/1614/1883 7238/1613/1886
f 7240/1615/1890 7242/1616/1891 7241/1617/1892
f 7243/1615/1893 7245/1618/1894 7244/1616/1895
f 7246/1618/1890 7248/1619/1891 7247/1616/1892
f 7249/1616/1896 7251/1619/1897 7250/1620/1898
f 7252/1618/1893 7254/1621/1894 7253/1619/1899
f 7255/1619/1900 7257/1622/1901 7256/1620/1902
f 7258/1621/1890 7260/1623/1891 7259/1619/1892
f 7261/1619/1896 7263/1623/1897 7262/1622/1898
f 7264/1621/1893 7266/1624/1903 7265/1623/1895
f 7267/1623/1904 7269/1625/1901 7268/1622/1902
f 7270/1624/1890 7272/1626/1891 7271/1623/1892
f 7273/1623/1896 7275/1626/1897 7274/1625/1898
f 7276/1626/1900 7278/1627/1901 7277/1625/1902
f 7279/1624/1893 7281/1628/1894 7280/1626/1895
f 7282/1626/1896 7284/1629/1897 7283/1627/1905
f 7285/1628/1890 7287/1629/1891 7286/1626/1892
f 7288/1628/1893 7290/1630/1894 7289/1629/1895
f 7291/1631/1906 7293/1632/1907 7292/1633/1908
f 7294/1631/1909 7296/1634/1910 7295/1632/1911
f 7297/1635/1912 7299/1634/1913 7298/1631/1914
f 7300/1634/1915 7302/1636/1907 7301/1632/1908
f 7303/1635/1916 7305/1637/1917 7304/1634/1918
f 7306/1617/1919 7308/1637/1901 7307/1635/1902
f 7309/1617/1896 7311/1616/1897 7310/1637/1898
f 7312/1616/1920 7314/1620/1901 7313/1637/1902
f 7315/1634/1909 7317/1638/1910 7316/1636/1921
f 7318/1637/1912 7320/1638/1913 7319/1634/1914
f 7321/1637/1916 7323/1620/1917 7322/1638/1922
f 7324/1638/1923 7326/1639/1907 7325/1636/1908
f 7327/1620/1912 7329/1640/1913 7328/1638/1914
f 7330/1638/1909 7332/1640/1910 7331/1639/1911
f 7333/1620/1916 7335/1622/1917 7334/1640/1918
f 7336/1640/1923 7338/1641/1907 7337/1639/1924
f 7339/1622/1912 7341/1642/1913 7340/1640/1914
f 7342/1640/1909 7344/1642/1910 7343/1641/1911
f 7345/1642/1923 7347/1643/1907 7346/1641/1908
f 7348/1622/1916 7350/1625/1917 7349/1642/1925
f 7351/1642/1909 7353/1644/1910 7352/1643/1921
f 7354/1625/1926 7356/1644/1913 7355/1642/1914
f 7357/1625/1916 7359/1627/1917 7358/1644/1922
f 7360/1645/1927 7362/1646/1928 7361/1647/1929
f 7363/1645/1930 7365/1648/1931 7364/1646/1932
f 7366/1648/1927 7368/1649/1928 7367/1646/1929
f 7369/1648/1930 7371/1650/1931 7370/1649/1933
f 7372/1650/1927 7374/1651/1928 7373/1649/1929
f 7375/1650/1930 7377/1652/1931 7376/1651/1933
f 7378/1652/1934 7380/1653/1928 7379/1651/1929
f 7381/1652/1930 7383/1654/1931 7382/1653/1935
f 7384/1654/1927 7386/1655/1928 7385/1653/1929
f 7387/1654/1930 7389/1656/1931 7388/1655/1933
f 7390/1647/1936 7392/1657/1937 7391/1658/1938
f 7393/1647/1939 7395/1646/1940 7394/1657/1941
f 7396/1646/1942 7398/1659/1937 7397/1657/1938
f 7399/1646/1939 7401/1649/1940 7400/1659/1943
f 7402/1649/1942 7404/1660/1937 7403/1659/1938
f 7405/1649/1939 7407/1651/1940 7406/1660/1941
f 7408/1651/1936 7410/1661/1937 7409/1660/1938
f 7411/1651/1939 7413/1653/1940 7412/1661/1941
f 7414/1653/1936 7416/1662/1937 7415/1661/1938
f 7417/1653/1939 7419/1655/1940 7418/1662/1941
f 7420/1663/1944 7422/1587/1945 7421/1585/1946
f 7423/1663/1947 7425/1664/1948 7424/1587/1949
f 7426/1665/1950 7428/1664/1951 7427/1663/1952
f 7429/1664/1953 7431/1590/1945 7430/1587/1946
f 7432/1665/1954 7434/1666/1955 7433/1664/1956
f 7435/1664/1947 7437/1667/1948 7436/1590/1957
f 7438/1666/1950 7440/1667/1951 7439/1664/1952
f 7441/1667/1958 7443/1593/1945 7442/1590/1946
f 7444/1666/1954 7446/1668/1955 7445/1667/1959
f 7447/1667/1947 7449/1669/1948 7448/1593/1949
f 7450/1668/1960 7452/1669/1951 7451/1667/1952
f 7453/1669/1944 7455/1596/1945 7454/1593/1946
f 7456/1668/1954 7458/1670/1961 7457/1669/1956
f 7459/1669/1947 7461/1671/1948 7460/1596/1949
f 7462/1670/1962 7464/1671/1951 7463/1669/1952
f 7465/1671/1944 7467/1598/1945 7466/1596/1946
f 7468/1670/1954 7470/1672/1955 7469/1671/1956
f 7471/1671/1947 7473/1673/1948 7472/1598/1949
f 7474/1672/1950 7476/1673/1951 7475/1671/1952
f 7477/1672/1954 7479/1674/1955 7478/1673/1963
f 7480/1611/1875 7482/1675/1876 7481/1612/1888
f 7483/1675/1878 7485/1614/1873 7484/1612/1874
f 7486/1675/1875 7488/1676/1876 7487/1614/1877
s 0
f 7489/1677/65 7491/1678/65 7490/1679/65
f 7492/1677/65 7494/1680/65 7493/1678/65
f 7495/1677/65 7497/1679/65 7496/1681/65
f 7498/1677/65 7500/1682/65 7499/1680/65
f 7501/1677/65 7503/1681/65 7502/1683/65
f 7504/1677/65 7506/1684/65 7505/1682/65
f 7507/1677/65 7509/1683/65 7508/1685/65
f 7510/1677/65 7512/1686/65 7511/1684/65
f 7513/1677/65 7515/1685/65 7514/1687/65
f 7516/1677/65 7518/1688/65 7517/1686/65
f 7519/1677/65 7521/1687/65 7520/1689/65
f 7522/1677/65 7524/1689/65 7523/1688/65
f 7525/1690/121 7527/1691/121 7526/1692/121
f 7528/1690/121 7530/1692/121 7529/1693/121
f 7531/1690/121 7533/1694/121 7532/1691/121
f 7534/1690/121 7536/1693/121 7535/1695/121
f 7537/1690/121 7539/1696/121 7538/1694/121
f 7540/1690/121 7542/1695/121 7541/1697/121
f 7543/1690/121 7545/1698/121 7544/1696/121
f 7546/1690/121 7548/1697/121 7547/1699/121
f 7549/1690/121 7551/1700/121 7550/1698/121
f 7552/1690/121 7554/1699/121 7553/1701/121
f 7555/1690/121 7557/1702/121 7556/1700/121
f 7558/1690/121 7560/1701/121 7559/1702/121
