# Blender 5.2.0 LTS
# www.blender.org
o demo5_background.004
v -7.527466 5.841018 -0.043134
v -7.527466 5.849469 -0.049888
v -7.527466 5.841018 -0.049888
v -7.527466 5.841018 -0.043134
v -7.527467 5.849469 -0.043134
v -7.527466 5.849469 -0.049888
v -7.527466 5.841019 3.621016
v -7.527467 5.849469 -0.043134
v -7.527466 5.841018 -0.043134
v -7.527466 5.912108 -0.049888
v -7.527466 5.849469 -0.049888
v -7.527467 5.849469 -0.043134
v -7.527466 5.841019 3.621016
v -7.527466 5.849470 3.621016
v -7.527467 5.849469 -0.043134
v -7.527466 5.841019 3.627133
v -7.527466 5.849470 3.621016
v -7.527466 5.841019 3.621016
v -7.527466 5.841019 3.627133
v -7.527467 5.849470 3.627133
v -7.527466 5.849470 3.621016
v -7.527466 5.912109 3.627132
v -7.527466 5.849470 3.621016
v -7.527467 5.849470 3.627133
v -7.527466 5.912109 3.627132
v -7.527466 5.912109 3.621015
v -7.527466 5.849470 3.621016
v -7.527466 5.912109 3.621015
v -7.527467 5.849469 -0.043134
v -7.527466 5.849470 3.621016
v -7.527466 5.921400 3.627132
v -7.527466 5.912109 3.621015
v -7.527466 5.912109 3.627132
v -7.527466 5.921400 3.627132
v -7.527465 5.921400 3.621015
v -7.527466 5.912109 3.621015
v -7.527466 5.912108 -0.049888
v -7.527467 5.849469 -0.043134
v -7.527467 5.912108 -0.043132
v -7.527466 5.912109 3.621015
v -7.527467 5.912108 -0.043132
v -7.527467 5.849469 -0.043134
v -7.527465 5.921400 3.621015
v -7.527467 5.912108 -0.043132
v -7.527466 5.912109 3.621015
v -7.527466 5.921399 -0.049888
v -7.527466 5.912108 -0.049888
v -7.527467 5.912108 -0.043132
v -7.527465 5.921400 3.621015
v -7.527467 5.921399 -0.043134
v -7.527467 5.912108 -0.043132
v -7.527466 5.921399 -0.049888
v -7.527467 5.912108 -0.043132
v -7.527467 5.921399 -0.043134
v -8.111766 5.849470 -0.049888
v -8.111766 5.841019 -0.043134
v -8.111765 5.841019 -0.049888
v -8.111766 5.849470 -0.049888
v -8.111766 5.849470 -0.043134
v -8.111766 5.841019 -0.043134
v -8.111766 5.912109 -0.049888
v -8.111766 5.849470 -0.043134
v -8.111766 5.849470 -0.049888
v -8.111765 5.849470 3.621016
v -8.111766 5.841019 -0.043134
v -8.111766 5.849470 -0.043134
v -8.111765 5.849470 3.621016
v -8.111764 5.841019 3.621016
v -8.111766 5.841019 -0.043134
v -8.111765 5.841019 3.627133
v -8.111764 5.841019 3.621016
v -8.111765 5.849470 3.621016
v -8.111765 5.841019 3.627133
v -8.111765 5.849470 3.621016
v -8.111765 5.849470 3.627133
v -8.111765 5.849470 3.627133
v -8.111765 5.849470 3.621016
v -8.111764 5.912109 3.621015
v -8.111764 5.912109 3.621015
v -8.111765 5.849470 3.621016
v -8.111766 5.849470 -0.043134
v -8.111765 5.849470 3.627133
v -8.111764 5.912109 3.621015
v -8.111764 5.912109 3.627132
v -8.111764 5.921400 3.627132
v -8.111764 5.912109 3.627132
v -8.111764 5.912109 3.621015
v -8.111764 5.921400 3.627132
v -8.111764 5.912109 3.621015
v -8.111764 5.921400 3.621015
v -8.111766 5.912109 -0.049888
v -8.111766 5.912109 -0.043132
v -8.111766 5.849470 -0.043134
v -8.111764 5.912109 3.621015
v -8.111766 5.849470 -0.043134
v -8.111766 5.912109 -0.043132
v -8.111764 5.921400 3.621015
v -8.111764 5.912109 3.621015
v -8.111766 5.912109 -0.043132
v -8.111766 5.921400 -0.049888
v -8.111766 5.912109 -0.043132
v -8.111766 5.912109 -0.049888
v -8.111764 5.921400 3.621015
v -8.111766 5.912109 -0.043132
v -8.111766 5.921400 -0.043132
v -8.111766 5.921400 -0.049888
v -8.111766 5.921400 -0.043132
v -8.111766 5.912109 -0.043132
v -7.527466 5.849469 -0.049888
v -7.546863 5.841018 -0.049888
v -7.527466 5.841018 -0.049888
v -7.527466 5.849469 -0.049888
v -7.546863 5.849469 -0.049888
v -7.546863 5.841018 -0.049888
v -7.527466 5.912108 -0.049888
v -7.546863 5.849469 -0.049888
v -7.527466 5.849469 -0.049888
v -8.097857 5.841019 -0.049888
v -7.546863 5.841018 -0.049888
v -7.546863 5.849469 -0.049888
v -7.527466 5.912108 -0.049888
v -7.546863 5.912108 -0.049888
v -7.546863 5.849469 -0.049888
v -7.527466 5.921399 -0.049888
v -7.546863 5.912108 -0.049888
v -7.527466 5.912108 -0.049888
v -7.527466 5.921399 -0.049888
v -7.546863 5.921399 -0.049888
v -7.546863 5.912108 -0.049888
v -8.097857 5.921400 -0.049888
v -7.546863 5.912108 -0.049888
v -7.546863 5.921399 -0.049888
v -8.097857 5.841019 -0.049888
v -7.546863 5.849469 -0.049888
v -8.097857 5.849470 -0.049888
v -8.097857 5.849470 -0.049888
v -7.546863 5.849469 -0.049888
v -7.546863 5.912108 -0.049888
v -8.111765 5.841019 -0.049888
v -8.097857 5.841019 -0.049888
v -8.097857 5.849470 -0.049888
v -8.111765 5.841019 -0.049888
v -8.097857 5.849470 -0.049888
v -8.111766 5.849470 -0.049888
v -8.097857 5.921400 -0.049888
v -8.097857 5.912109 -0.049888
v -7.546863 5.912108 -0.049888
v -8.097857 5.849470 -0.049888
v -7.546863 5.912108 -0.049888
v -8.097857 5.912109 -0.049888
v -8.111766 5.849470 -0.049888
v -8.097857 5.849470 -0.049888
v -8.097857 5.912109 -0.049888
v -8.111766 5.921400 -0.049888
v -8.097857 5.912109 -0.049888
v -8.097857 5.921400 -0.049888
v -8.111766 5.849470 -0.049888
v -8.097857 5.912109 -0.049888
v -8.111766 5.912109 -0.049888
v -8.111766 5.921400 -0.049888
v -8.111766 5.912109 -0.049888
v -8.097857 5.912109 -0.049888
v -7.527467 5.921399 -0.043134
v -7.546863 5.921399 -0.049888
v -7.527466 5.921399 -0.049888
v -7.527467 5.921399 -0.043134
v -7.546863 5.921399 -0.043134
v -7.546863 5.921399 -0.049888
v -7.527465 5.921400 3.621015
v -7.546863 5.921399 -0.043134
v -7.527467 5.921399 -0.043134
v -8.097857 5.921400 -0.049888
v -7.546863 5.921399 -0.049888
v -7.546863 5.921399 -0.043134
v -7.527465 5.921400 3.621015
v -7.546862 5.921400 3.621015
v -7.546863 5.921399 -0.043134
v -7.527466 5.921400 3.627132
v -7.546862 5.921400 3.621015
v -7.527465 5.921400 3.621015
v -7.527466 5.921400 3.627132
v -7.546862 5.921400 3.627132
v -7.546862 5.921400 3.621015
v -8.097856 5.921400 3.627132
v -7.546862 5.921400 3.621015
v -7.546862 5.921400 3.627132
v -8.097856 5.921400 3.627132
v -8.097854 5.921400 3.621015
v -7.546862 5.921400 3.621015
v -8.097854 5.921400 3.621015
v -7.546863 5.921399 -0.043134
v -7.546862 5.921400 3.621015
v -8.111764 5.921400 3.627132
v -8.097854 5.921400 3.621015
v -8.097856 5.921400 3.627132
v -8.111764 5.921400 3.627132
v -8.111764 5.921400 3.621015
v -8.097854 5.921400 3.621015
v -8.097857 5.921400 -0.049888
v -7.546863 5.921399 -0.043134
v -8.097857 5.921400 -0.043134
v -8.097854 5.921400 3.621015
v -8.097857 5.921400 -0.043134
v -7.546863 5.921399 -0.043134
v -8.111764 5.921400 3.621015
v -8.097857 5.921400 -0.043134
v -8.097854 5.921400 3.621015
v -8.111766 5.921400 -0.049888
v -8.097857 5.921400 -0.049888
v -8.097857 5.921400 -0.043134
v -8.111764 5.921400 3.621015
v -8.111766 5.921400 -0.043132
v -8.097857 5.921400 -0.043134
v -8.111766 5.921400 -0.049888
v -8.097857 5.921400 -0.043134
v -8.111766 5.921400 -0.043132
v -7.527466 5.912109 3.627132
v -7.546862 5.921400 3.627132
v -7.527466 5.921400 3.627132
v -7.527466 5.912109 3.627132
v -7.546863 5.912109 3.627132
v -7.546862 5.921400 3.627132
v -7.527467 5.849470 3.627133
v -7.546863 5.912109 3.627132
v -7.527466 5.912109 3.627132
v -8.097856 5.921400 3.627132
v -7.546862 5.921400 3.627132
v -7.546863 5.912109 3.627132
v -7.527467 5.849470 3.627133
v -7.546864 5.849470 3.627133
v -7.546863 5.912109 3.627132
v -7.527466 5.841019 3.627133
v -7.546864 5.849470 3.627133
v -7.527467 5.849470 3.627133
v -7.527466 5.841019 3.627133
v -7.546863 5.841019 3.627133
v -7.546864 5.849470 3.627133
v -8.097857 5.841019 3.627133
v -7.546864 5.849470 3.627133
v -7.546863 5.841019 3.627133
v -8.097856 5.921400 3.627132
v -7.546863 5.912109 3.627132
v -8.097857 5.912109 3.627132
v -8.097857 5.912109 3.627132
v -7.546863 5.912109 3.627132
v -7.546864 5.849470 3.627133
v -8.111764 5.921400 3.627132
v -8.097856 5.921400 3.627132
v -8.097857 5.912109 3.627132
v -8.111764 5.921400 3.627132
v -8.097857 5.912109 3.627132
v -8.111764 5.912109 3.627132
v -8.097857 5.841019 3.627133
v -8.097857 5.849470 3.627133
v -7.546864 5.849470 3.627133
v -8.097857 5.912109 3.627132
v -7.546864 5.849470 3.627133
v -8.097857 5.849470 3.627133
v -8.111764 5.912109 3.627132
v -8.097857 5.912109 3.627132
v -8.097857 5.849470 3.627133
v -8.111765 5.841019 3.627133
v -8.097857 5.849470 3.627133
v -8.097857 5.841019 3.627133
v -8.111764 5.912109 3.627132
v -8.097857 5.849470 3.627133
v -8.111765 5.849470 3.627133
v -8.111765 5.841019 3.627133
v -8.111765 5.849470 3.627133
v -8.097857 5.849470 3.627133
v -7.527466 5.841019 3.621016
v -7.546863 5.841019 3.627133
v -7.527466 5.841019 3.627133
v -7.527466 5.841019 3.621016
v -7.546862 5.841019 3.621016
v -7.546863 5.841019 3.627133
v -7.527466 5.841018 -0.043134
v -7.546862 5.841019 3.621016
v -7.527466 5.841019 3.621016
v -8.097857 5.841019 3.621016
v -7.546863 5.841019 3.627133
v -7.546862 5.841019 3.621016
v -8.097857 5.841019 3.621016
v -8.097857 5.841019 3.627133
v -7.546863 5.841019 3.627133
v -7.527466 5.841018 -0.043134
v -7.546863 5.841018 -0.043134
v -7.546862 5.841019 3.621016
v -8.097857 5.841019 3.621016
v -7.546862 5.841019 3.621016
v -7.546863 5.841018 -0.043134
v -7.527466 5.841018 -0.049888
v -7.546863 5.841018 -0.043134
v -7.527466 5.841018 -0.043134
v -7.527466 5.841018 -0.049888
v -7.546863 5.841018 -0.049888
v -7.546863 5.841018 -0.043134
v -8.097857 5.841019 -0.049888
v -7.546863 5.841018 -0.043134
v -7.546863 5.841018 -0.049888
v -8.097857 5.841019 -0.049888
v -8.097857 5.841019 -0.043134
v -7.546863 5.841018 -0.043134
v -8.097857 5.841019 3.621016
v -7.546863 5.841018 -0.043134
v -8.097857 5.841019 -0.043134
v -8.111765 5.841019 -0.049888
v -8.097857 5.841019 -0.043134
v -8.097857 5.841019 -0.049888
v -8.111765 5.841019 -0.049888
v -8.111766 5.841019 -0.043134
v -8.097857 5.841019 -0.043134
v -8.111764 5.841019 3.621016
v -8.097857 5.841019 -0.043134
v -8.111766 5.841019 -0.043134
v -8.111764 5.841019 3.621016
v -8.097857 5.841019 3.621016
v -8.097857 5.841019 -0.043134
v -8.111764 5.841019 3.621016
v -8.097857 5.841019 3.627133
v -8.097857 5.841019 3.621016
v -8.111764 5.841019 3.621016
v -8.111765 5.841019 3.627133
v -8.097857 5.841019 3.627133
v -7.527467 5.931993 -0.043134
v -7.527466 5.946080 -0.049887
v -7.527466 5.931993 -0.049888
v -7.527467 5.931993 -0.043134
v -7.527467 5.946080 -0.043132
v -7.527466 5.946080 -0.049887
v -7.527466 5.931994 3.621016
v -7.527467 5.946080 -0.043132
v -7.527467 5.931993 -0.043134
v -7.527466 6.537560 -0.049887
v -7.527466 5.946080 -0.049887
v -7.527467 5.946080 -0.043132
v -7.527466 5.931994 3.621016
v -7.527466 5.946081 3.621016
v -7.527467 5.946080 -0.043132
v -7.527466 5.931994 3.627133
v -7.527466 5.946081 3.621016
v -7.527466 5.931994 3.621016
v -7.527466 5.931994 3.627133
v -7.527466 5.946081 3.627133
v -7.527466 5.946081 3.621016
v -7.527464 6.537561 3.627132
v -7.527466 5.946081 3.621016
v -7.527466 5.946081 3.627133
v -7.527464 6.537561 3.627132
v -7.527463 6.537561 3.621015
v -7.527466 5.946081 3.621016
v -7.527463 6.537561 3.621015
v -7.527467 5.946080 -0.043132
v -7.527466 5.946081 3.621016
v -7.527463 6.552999 3.627133
v -7.527463 6.537561 3.621015
v -7.527464 6.537561 3.627132
v -7.527463 6.552999 3.627133
v -7.527463 6.552999 3.621016
v -7.527463 6.537561 3.621015
v -7.527466 6.537560 -0.049887
v -7.527467 5.946080 -0.043132
v -7.527466 6.537560 -0.043134
v -7.527463 6.537561 3.621015
v -7.527466 6.537560 -0.043134
v -7.527467 5.946080 -0.043132
v -7.527463 6.552999 3.621016
v -7.527466 6.537560 -0.043134
v -7.527463 6.537561 3.621015
v -7.527466 6.552999 -0.049888
v -7.527466 6.537560 -0.049887
v -7.527466 6.537560 -0.043134
v -7.527463 6.552999 3.621016
v -7.527466 6.552999 -0.043134
v -7.527466 6.537560 -0.043134
v -7.527466 6.552999 -0.049888
v -7.527466 6.537560 -0.043134
v -7.527466 6.552999 -0.043134
v -8.111766 5.946081 -0.049887
v -8.111766 5.931994 -0.043134
v -8.111766 5.931994 -0.049888
v -8.111766 5.946081 -0.049887
v -8.111766 5.946081 -0.043132
v -8.111766 5.931994 -0.043134
v -8.111764 6.537561 -0.049887
v -8.111766 5.946081 -0.043132
v -8.111766 5.946081 -0.049887
v -8.111764 5.946081 3.621016
v -8.111766 5.931994 -0.043134
v -8.111766 5.946081 -0.043132
v -8.111764 5.946081 3.621016
v -8.111764 5.931994 3.621016
v -8.111766 5.931994 -0.043134
v -8.111764 5.931994 3.627133
v -8.111764 5.931994 3.621016
v -8.111764 5.946081 3.621016
v -8.111764 5.931994 3.627133
v -8.111764 5.946081 3.621016
v -8.111764 5.946081 3.627133
v -8.111764 5.946081 3.627133
v -8.111764 5.946081 3.621016
v -8.111762 6.537561 3.621015
v -8.111762 6.537561 3.621015
v -8.111764 5.946081 3.621016
v -8.111766 5.946081 -0.043132
v -8.111764 5.946081 3.627133
v -8.111762 6.537561 3.621015
v -8.111762 6.537561 3.627132
v -8.111762 6.552999 3.627133
v -8.111762 6.537561 3.627132
v -8.111762 6.537561 3.621015
v -8.111762 6.552999 3.627133
v -8.111762 6.537561 3.621015
v -8.111762 6.552999 3.621016
v -8.111764 6.537561 -0.049887
v -8.111764 6.537561 -0.043132
v -8.111766 5.946081 -0.043132
v -8.111762 6.537561 3.621015
v -8.111766 5.946081 -0.043132
v -8.111764 6.537561 -0.043132
v -8.111762 6.552999 3.621016
v -8.111762 6.537561 3.621015
v -8.111764 6.537561 -0.043132
v -8.111764 6.552999 -0.049888
v -8.111764 6.537561 -0.043132
v -8.111764 6.537561 -0.049887
v -8.111762 6.552999 3.621016
v -8.111764 6.537561 -0.043132
v -8.111764 6.552999 -0.043134
v -8.111764 6.552999 -0.049888
v -8.111764 6.552999 -0.043134
v -8.111764 6.537561 -0.043132
v -7.527466 5.946080 -0.049887
v -7.546863 5.931993 -0.049888
v -7.527466 5.931993 -0.049888
v -7.527466 5.946080 -0.049887
v -7.546863 5.946080 -0.049887
v -7.546863 5.931993 -0.049888
v -7.527466 6.537560 -0.049887
v -7.546863 5.946080 -0.049887
v -7.527466 5.946080 -0.049887
v -8.097857 5.931994 -0.049888
v -7.546863 5.931993 -0.049888
v -7.546863 5.946080 -0.049887
v -7.527466 6.537560 -0.049887
v -7.546863 6.537560 -0.049887
v -7.546863 5.946080 -0.049887
v -7.527466 6.552999 -0.049888
v -7.546863 6.537560 -0.049887
v -7.527466 6.537560 -0.049887
v -7.527466 6.552999 -0.049888
v -7.546863 6.552999 -0.049888
v -7.546863 6.537560 -0.049887
v -8.097857 6.552999 -0.049888
v -7.546863 6.537560 -0.049887
v -7.546863 6.552999 -0.049888
v -8.097857 5.931994 -0.049888
v -7.546863 5.946080 -0.049887
v -8.097857 5.946081 -0.049887
v -8.097857 5.946081 -0.049887
v -7.546863 5.946080 -0.049887
v -7.546863 6.537560 -0.049887
v -8.111766 5.931994 -0.049888
v -8.097857 5.931994 -0.049888
v -8.097857 5.946081 -0.049887
v -8.111766 5.931994 -0.049888
v -8.097857 5.946081 -0.049887
v -8.111766 5.946081 -0.049887
v -8.097857 6.552999 -0.049888
v -8.097857 6.537561 -0.049887
v -7.546863 6.537560 -0.049887
v -8.097857 5.946081 -0.049887
v -7.546863 6.537560 -0.049887
v -8.097857 6.537561 -0.049887
v -8.111766 5.946081 -0.049887
v -8.097857 5.946081 -0.049887
v -8.097857 6.537561 -0.049887
v -8.111764 6.552999 -0.049888
v -8.097857 6.537561 -0.049887
v -8.097857 6.552999 -0.049888
v -8.111766 5.946081 -0.049887
v -8.097857 6.537561 -0.049887
v -8.111764 6.537561 -0.049887
v -8.111764 6.552999 -0.049888
v -8.111764 6.537561 -0.049887
v -8.097857 6.537561 -0.049887
v -7.527466 6.552999 -0.043134
v -7.546863 6.552999 -0.049888
v -7.527466 6.552999 -0.049888
v -7.527466 6.552999 -0.043134
v -7.546863 6.552999 -0.043134
v -7.546863 6.552999 -0.049888
v -7.527463 6.552999 3.621016
v -7.546863 6.552999 -0.043134
v -7.527466 6.552999 -0.043134
v -8.097857 6.552999 -0.049888
v -7.546863 6.552999 -0.049888
v -7.546863 6.552999 -0.043134
v -7.527463 6.552999 3.621016
v -7.546861 6.552999 3.621016
v -7.546863 6.552999 -0.043134
v -7.527463 6.552999 3.627133
v -7.546861 6.552999 3.621016
v -7.527463 6.552999 3.621016
v -7.527463 6.552999 3.627133
v -7.546861 6.552999 3.627133
v -7.546861 6.552999 3.621016
v -8.097854 6.552999 3.627133
v -7.546861 6.552999 3.621016
v -7.546861 6.552999 3.627133
v -8.097854 6.552999 3.627133
v -8.097853 6.552999 3.621016
v -7.546861 6.552999 3.621016
v -8.097853 6.552999 3.621016
v -7.546863 6.552999 -0.043134
v -7.546861 6.552999 3.621016
v -8.111762 6.552999 3.627133
v -8.097853 6.552999 3.621016
v -8.097854 6.552999 3.627133
v -8.111762 6.552999 3.627133
v -8.111762 6.552999 3.621016
v -8.097853 6.552999 3.621016
v -8.097857 6.552999 -0.049888
v -7.546863 6.552999 -0.043134
v -8.097857 6.552999 -0.043134
v -8.097853 6.552999 3.621016
v -8.097857 6.552999 -0.043134
v -7.546863 6.552999 -0.043134
v -8.111762 6.552999 3.621016
v -8.097857 6.552999 -0.043134
v -8.097853 6.552999 3.621016
v -8.111764 6.552999 -0.049888
v -8.097857 6.552999 -0.049888
v -8.097857 6.552999 -0.043134
v -8.111762 6.552999 3.621016
v -8.111764 6.552999 -0.043134
v -8.097857 6.552999 -0.043134
v -8.111764 6.552999 -0.049888
v -8.097857 6.552999 -0.043134
v -8.111764 6.552999 -0.043134
v -7.527464 6.537561 3.627132
v -7.546861 6.552999 3.627133
v -7.527463 6.552999 3.627133
v -7.527464 6.537561 3.627132
v -7.546861 6.537561 3.627132
v -7.546861 6.552999 3.627133
v -7.527466 5.946081 3.627133
v -7.546861 6.537561 3.627132
v -7.527464 6.537561 3.627132
v -8.097854 6.552999 3.627133
v -7.546861 6.552999 3.627133
v -7.546861 6.537561 3.627132
v -7.527466 5.946081 3.627133
v -7.546863 5.946081 3.627133
v -7.546861 6.537561 3.627132
v -7.527466 5.931994 3.627133
v -7.546863 5.946081 3.627133
v -7.527466 5.946081 3.627133
v -7.527466 5.931994 3.627133
v -7.546863 5.931994 3.627133
v -7.546863 5.946081 3.627133
v -8.097857 5.931994 3.627133
v -7.546863 5.946081 3.627133
v -7.546863 5.931994 3.627133
v -8.097854 6.552999 3.627133
v -7.546861 6.537561 3.627132
v -8.097854 6.537561 3.627132
v -8.097854 6.537561 3.627132
v -7.546861 6.537561 3.627132
v -7.546863 5.946081 3.627133
v -8.111762 6.552999 3.627133
v -8.097854 6.552999 3.627133
v -8.097854 6.537561 3.627132
v -8.111762 6.552999 3.627133
v -8.097854 6.537561 3.627132
v -8.111762 6.537561 3.627132
v -8.097857 5.931994 3.627133
v -8.097857 5.946081 3.627133
v -7.546863 5.946081 3.627133
v -8.097854 6.537561 3.627132
v -7.546863 5.946081 3.627133
v -8.097857 5.946081 3.627133
v -8.111762 6.537561 3.627132
v -8.097854 6.537561 3.627132
v -8.097857 5.946081 3.627133
v -8.111764 5.931994 3.627133
v -8.097857 5.946081 3.627133
v -8.097857 5.931994 3.627133
v -8.111762 6.537561 3.627132
v -8.097857 5.946081 3.627133
v -8.111764 5.946081 3.627133
v -8.111764 5.931994 3.627133
v -8.111764 5.946081 3.627133
v -8.097857 5.946081 3.627133
v -7.527466 5.931994 3.621016
v -7.546863 5.931994 3.627133
v -7.527466 5.931994 3.627133
v -7.527466 5.931994 3.621016
v -7.546862 5.931994 3.621016
v -7.546863 5.931994 3.627133
v -7.527467 5.931993 -0.043134
v -7.546862 5.931994 3.621016
v -7.527466 5.931994 3.621016
v -8.097856 5.931994 3.621016
v -7.546863 5.931994 3.627133
v -7.546862 5.931994 3.621016
v -8.097856 5.931994 3.621016
v -8.097857 5.931994 3.627133
v -7.546863 5.931994 3.627133
v -7.527467 5.931993 -0.043134
v -7.546863 5.931993 -0.043134
v -7.546862 5.931994 3.621016
v -8.097856 5.931994 3.621016
v -7.546862 5.931994 3.621016
v -7.546863 5.931993 -0.043134
v -7.527466 5.931993 -0.049888
v -7.546863 5.931993 -0.043134
v -7.527467 5.931993 -0.043134
v -7.527466 5.931993 -0.049888
v -7.546863 5.931993 -0.049888
v -7.546863 5.931993 -0.043134
v -8.097857 5.931994 -0.049888
v -7.546863 5.931993 -0.043134
v -7.546863 5.931993 -0.049888
v -8.097857 5.931994 -0.049888
v -8.097857 5.931994 -0.043134
v -7.546863 5.931993 -0.043134
v -8.097856 5.931994 3.621016
v -7.546863 5.931993 -0.043134
v -8.097857 5.931994 -0.043134
v -8.111766 5.931994 -0.049888
v -8.097857 5.931994 -0.043134
v -8.097857 5.931994 -0.049888
v -8.111766 5.931994 -0.049888
v -8.111766 5.931994 -0.043134
v -8.097857 5.931994 -0.043134
v -8.111764 5.931994 3.621016
v -8.097857 5.931994 -0.043134
v -8.111766 5.931994 -0.043134
v -8.111764 5.931994 3.621016
v -8.097856 5.931994 3.621016
v -8.097857 5.931994 -0.043134
v -8.111764 5.931994 3.621016
v -8.097857 5.931994 3.627133
v -8.097856 5.931994 3.621016
v -8.111764 5.931994 3.621016
v -8.111764 5.931994 3.627133
v -8.097857 5.931994 3.627133
v -1.806162 6.097345 0.438286
v -1.806162 6.102722 0.431533
v -1.806162 6.097345 0.431533
v -1.806162 6.097345 0.438286
v -1.806162 6.102722 0.438287
v -1.806162 6.102722 0.431533
v -1.806161 6.097345 3.620999
v -1.806162 6.102722 0.438287
v -1.806162 6.097345 0.438286
v -1.806162 6.172241 0.431531
v -1.806162 6.102722 0.431533
v -1.806162 6.102722 0.438287
v -1.806161 6.097345 3.620999
v -1.806161 6.102722 3.621000
v -1.806162 6.102722 0.438287
v -1.806162 6.097345 3.627117
v -1.806161 6.102722 3.621000
v -1.806161 6.097345 3.620999
v -1.806162 6.097345 3.627117
v -1.806162 6.102722 3.627117
v -1.806161 6.102722 3.621000
v -1.806162 6.172241 3.627116
v -1.806161 6.102722 3.621000
v -1.806162 6.102722 3.627117
v -1.806162 6.172241 3.627116
v -1.806161 6.172241 3.620999
v -1.806161 6.102722 3.621000
v -1.806161 6.172241 3.620999
v -1.806162 6.102722 0.438287
v -1.806161 6.102722 3.621000
v -1.806162 6.177726 3.627116
v -1.806161 6.172241 3.620999
v -1.806162 6.172241 3.627116
v -1.806162 6.177726 3.627116
v -1.806161 6.177726 3.620999
v -1.806161 6.172241 3.620999
v -1.806162 6.172241 0.431531
v -1.806162 6.102722 0.438287
v -1.806162 6.172241 0.438287
v -1.806161 6.172241 3.620999
v -1.806162 6.172241 0.438287
v -1.806162 6.102722 0.438287
v -1.806161 6.177726 3.620999
v -1.806162 6.172241 0.438287
v -1.806161 6.172241 3.620999
v -1.806162 6.177726 0.431531
v -1.806162 6.172241 0.431531
v -1.806162 6.172241 0.438287
v -1.806161 6.177726 3.620999
v -1.806162 6.177726 0.438286
v -1.806162 6.172241 0.438287
v -1.806162 6.177726 0.431531
v -1.806162 6.172241 0.438287
v -1.806162 6.177726 0.438286
v -1.978259 6.102722 0.431533
v -1.978259 6.097345 0.438286
v -1.978259 6.097345 0.431533
v -1.978259 6.102722 0.431533
v -1.978259 6.102722 0.438288
v -1.978259 6.097345 0.438286
v -1.978259 6.172241 0.431533
v -1.978259 6.102722 0.438288
v -1.978259 6.102722 0.431533
v -1.978258 6.102722 3.621000
v -1.978259 6.097345 0.438286
v -1.978259 6.102722 0.438288
v -1.978258 6.102722 3.621000
v -1.978258 6.097345 3.620999
v -1.978259 6.097345 0.438286
v -1.978259 6.097345 3.627117
v -1.978258 6.097345 3.620999
v -1.978258 6.102722 3.621000
v -1.978259 6.097345 3.627117
v -1.978258 6.102722 3.621000
v -1.978259 6.102722 3.627117
v -1.978259 6.102722 3.627117
v -1.978258 6.102722 3.621000
v -1.978258 6.172241 3.621001
v -1.978258 6.172241 3.621001
v -1.978258 6.102722 3.621000
v -1.978259 6.102722 0.438288
v -1.978259 6.102722 3.627117
v -1.978258 6.172241 3.621001
v -1.978259 6.172241 3.627117
v -1.978259 6.177726 3.627117
v -1.978259 6.172241 3.627117
v -1.978258 6.172241 3.621001
v -1.978259 6.177726 3.627117
v -1.978258 6.172241 3.621001
v -1.978258 6.177726 3.621000
v -1.978259 6.172241 0.431533
v -1.978259 6.172241 0.438287
v -1.978259 6.102722 0.438288
v -1.978258 6.172241 3.621001
v -1.978259 6.102722 0.438288
v -1.978259 6.172241 0.438287
v -1.978258 6.177726 3.621000
v -1.978258 6.172241 3.621001
v -1.978259 6.172241 0.438287
v -1.978259 6.177726 0.431533
v -1.978259 6.172241 0.438287
v -1.978259 6.172241 0.431533
v -1.978258 6.177726 3.621000
v -1.978259 6.172241 0.438287
v -1.978259 6.177726 0.438286
v -1.978259 6.177726 0.431533
v -1.978259 6.177726 0.438286
v -1.978259 6.172241 0.438287
v -1.806162 6.102722 0.431533
v -1.814816 6.097345 0.431533
v -1.806162 6.097345 0.431533
v -1.806162 6.102722 0.431533
v -1.814816 6.102722 0.431533
v -1.814816 6.097345 0.431533
v -1.806162 6.172241 0.431531
v -1.814816 6.102722 0.431533
v -1.806162 6.102722 0.431533
v -1.969792 6.097345 0.431533
v -1.814816 6.097345 0.431533
v -1.814816 6.102722 0.431533
v -1.806162 6.172241 0.431531
v -1.814816 6.172241 0.431531
v -1.814816 6.102722 0.431533
v -1.806162 6.177726 0.431531
v -1.814816 6.172241 0.431531
v -1.806162 6.172241 0.431531
v -1.806162 6.177726 0.431531
v -1.814816 6.177726 0.431531
v -1.814816 6.172241 0.431531
v -1.969792 6.177726 0.431533
v -1.814816 6.172241 0.431531
v -1.814816 6.177726 0.431531
v -1.969792 6.097345 0.431533
v -1.814816 6.102722 0.431533
v -1.969792 6.102722 0.431533
v -1.969792 6.102722 0.431533
v -1.814816 6.102722 0.431533
v -1.814816 6.172241 0.431531
v -1.978259 6.097345 0.431533
v -1.969792 6.097345 0.431533
v -1.969792 6.102722 0.431533
v -1.978259 6.097345 0.431533
v -1.969792 6.102722 0.431533
v -1.978259 6.102722 0.431533
v -1.969792 6.177726 0.431533
v -1.969792 6.172241 0.431533
v -1.814816 6.172241 0.431531
v -1.969792 6.102722 0.431533
v -1.814816 6.172241 0.431531
v -1.969792 6.172241 0.431533
v -1.978259 6.102722 0.431533
v -1.969792 6.102722 0.431533
v -1.969792 6.172241 0.431533
v -1.978259 6.177726 0.431533
v -1.969792 6.172241 0.431533
v -1.969792 6.177726 0.431533
v -1.978259 6.102722 0.431533
v -1.969792 6.172241 0.431533
v -1.978259 6.172241 0.431533
v -1.978259 6.177726 0.431533
v -1.978259 6.172241 0.431533
v -1.969792 6.172241 0.431533
v -1.806162 6.177726 0.438286
v -1.814816 6.177726 0.431531
v -1.806162 6.177726 0.431531
v -1.806162 6.177726 0.438286
v -1.814816 6.177726 0.438286
v -1.814816 6.177726 0.431531
v -1.806161 6.177726 3.620999
v -1.814816 6.177726 0.438286
v -1.806162 6.177726 0.438286
v -1.969792 6.177726 0.431533
v -1.814816 6.177726 0.431531
v -1.814816 6.177726 0.438286
v -1.806161 6.177726 3.620999
v -1.814816 6.177726 3.620999
v -1.814816 6.177726 0.438286
v -1.806162 6.177726 3.627116
v -1.814816 6.177726 3.620999
v -1.806161 6.177726 3.620999
v -1.806162 6.177726 3.627116
v -1.814816 6.177726 3.627116
v -1.814816 6.177726 3.620999
v -1.969792 6.177726 3.627117
v -1.814816 6.177726 3.620999
v -1.814816 6.177726 3.627116
v -1.969792 6.177726 3.627117
v -1.969792 6.177726 3.621000
v -1.814816 6.177726 3.620999
v -1.969792 6.177726 3.621000
v -1.814816 6.177726 0.438286
v -1.814816 6.177726 3.620999
v -1.978259 6.177726 3.627117
v -1.969792 6.177726 3.621000
v -1.969792 6.177726 3.627117
v -1.978259 6.177726 3.627117
v -1.978258 6.177726 3.621000
v -1.969792 6.177726 3.621000
v -1.969792 6.177726 0.431533
v -1.814816 6.177726 0.438286
v -1.969792 6.177726 0.438286
v -1.969792 6.177726 3.621000
v -1.969792 6.177726 0.438286
v -1.814816 6.177726 0.438286
v -1.978258 6.177726 3.621000
v -1.969792 6.177726 0.438286
v -1.969792 6.177726 3.621000
v -1.978259 6.177726 0.431533
v -1.969792 6.177726 0.431533
v -1.969792 6.177726 0.438286
v -1.978258 6.177726 3.621000
v -1.978259 6.177726 0.438286
v -1.969792 6.177726 0.438286
v -1.978259 6.177726 0.431533
v -1.969792 6.177726 0.438286
v -1.978259 6.177726 0.438286
v -1.806162 6.172241 3.627116
v -1.814816 6.177726 3.627116
v -1.806162 6.177726 3.627116
v -1.806162 6.172241 3.627116
v -1.814816 6.172241 3.627116
v -1.814816 6.177726 3.627116
v -1.806162 6.102722 3.627117
v -1.814816 6.172241 3.627116
v -1.806162 6.172241 3.627116
v -1.969792 6.177726 3.627117
v -1.814816 6.177726 3.627116
v -1.814816 6.172241 3.627116
v -1.806162 6.102722 3.627117
v -1.814816 6.102722 3.627117
v -1.814816 6.172241 3.627116
v -1.806162 6.097345 3.627117
v -1.814816 6.102722 3.627117
v -1.806162 6.102722 3.627117
v -1.806162 6.097345 3.627117
v -1.814816 6.097345 3.627117
v -1.814816 6.102722 3.627117
v -1.969792 6.097345 3.627117
v -1.814816 6.102722 3.627117
v -1.814816 6.097345 3.627117
v -1.969792 6.177726 3.627117
v -1.814816 6.172241 3.627116
v -1.969792 6.172241 3.627117
v -1.969792 6.172241 3.627117
v -1.814816 6.172241 3.627116
v -1.814816 6.102722 3.627117
v -1.978259 6.177726 3.627117
v -1.969792 6.177726 3.627117
v -1.969792 6.172241 3.627117
v -1.978259 6.177726 3.627117
v -1.969792 6.172241 3.627117
v -1.978259 6.172241 3.627117
v -1.969792 6.097345 3.627117
v -1.969792 6.102722 3.627117
v -1.814816 6.102722 3.627117
v -1.969792 6.172241 3.627117
v -1.814816 6.102722 3.627117
v -1.969792 6.102722 3.627117
v -1.978259 6.172241 3.627117
v -1.969792 6.172241 3.627117
v -1.969792 6.102722 3.627117
v -1.978259 6.097345 3.627117
v -1.969792 6.102722 3.627117
v -1.969792 6.097345 3.627117
v -1.978259 6.172241 3.627117
v -1.969792 6.102722 3.627117
v -1.978259 6.102722 3.627117
v -1.978259 6.097345 3.627117
v -1.978259 6.102722 3.627117
v -1.969792 6.102722 3.627117
v -1.806161 6.097345 3.620999
v -1.814816 6.097345 3.627117
v -1.806162 6.097345 3.627117
v -1.806161 6.097345 3.620999
v -1.814816 6.097345 3.620999
v -1.814816 6.097345 3.627117
v -1.806162 6.097345 0.438286
v -1.814816 6.097345 3.620999
v -1.806161 6.097345 3.620999
v -1.969792 6.097345 3.620999
v -1.814816 6.097345 3.627117
v -1.814816 6.097345 3.620999
v -1.969792 6.097345 3.620999
v -1.969792 6.097345 3.627117
v -1.814816 6.097345 3.627117
v -1.806162 6.097345 0.438286
v -1.814816 6.097345 0.438286
v -1.814816 6.097345 3.620999
v -1.969792 6.097345 3.620999
v -1.814816 6.097345 3.620999
v -1.814816 6.097345 0.438286
v -1.806162 6.097345 0.431533
v -1.814816 6.097345 0.438286
v -1.806162 6.097345 0.438286
v -1.806162 6.097345 0.431533
v -1.814816 6.097345 0.431533
v -1.814816 6.097345 0.438286
v -1.969792 6.097345 0.431533
v -1.814816 6.097345 0.438286
v -1.814816 6.097345 0.431533
v -1.969792 6.097345 0.431533
v -1.969792 6.097345 0.438286
v -1.814816 6.097345 0.438286
v -1.969792 6.097345 3.620999
v -1.814816 6.097345 0.438286
v -1.969792 6.097345 0.438286
v -1.978259 6.097345 0.431533
v -1.969792 6.097345 0.438286
v -1.969792 6.097345 0.431533
v -1.978259 6.097345 0.431533
v -1.978259 6.097345 0.438286
v -1.969792 6.097345 0.438286
v -1.978258 6.097345 3.620999
v -1.969792 6.097345 0.438286
v -1.978259 6.097345 0.438286
v -1.978258 6.097345 3.620999
v -1.969792 6.097345 3.620999
v -1.969792 6.097345 0.438286
v -1.978258 6.097345 3.620999
v -1.969792 6.097345 3.627117
v -1.969792 6.097345 3.620999
v -1.978258 6.097345 3.620999
v -1.978259 6.097345 3.627117
v -1.969792 6.097345 3.627117
v -1.806162 6.188320 0.438286
v -1.806162 6.194502 0.431533
v -1.806162 6.188320 0.431533
v -1.806162 6.188320 0.438286
v -1.806162 6.194502 0.438286
v -1.806162 6.194502 0.431533
v -1.806161 6.188320 3.621000
v -1.806162 6.194502 0.438286
v -1.806162 6.188320 0.438286
v -1.806162 6.484427 0.431531
v -1.806162 6.194502 0.431533
v -1.806162 6.194502 0.438286
v -1.806161 6.188320 3.621000
v -1.806161 6.194502 3.621000
v -1.806162 6.194502 0.438286
v -1.806162 6.188320 3.627117
v -1.806161 6.194502 3.621000
v -1.806161 6.188320 3.621000
v -1.806162 6.188320 3.627117
v -1.806162 6.194502 3.627117
v -1.806161 6.194502 3.621000
v -1.806162 6.484427 3.627116
v -1.806161 6.194502 3.621000
v -1.806162 6.194502 3.627117
v -1.806162 6.484427 3.627116
v -1.806161 6.484427 3.621000
v -1.806161 6.194502 3.621000
v -1.806161 6.484427 3.621000
v -1.806162 6.194502 0.438286
v -1.806161 6.194502 3.621000
v -1.806162 6.491083 3.627116
v -1.806161 6.484427 3.621000
v -1.806162 6.484427 3.627116
v -1.806162 6.491083 3.627116
v -1.806161 6.491083 3.620999
v -1.806161 6.484427 3.621000
v -1.806162 6.484427 0.431531
v -1.806162 6.194502 0.438286
v -1.806162 6.484427 0.438286
v -1.806161 6.484427 3.621000
v -1.806162 6.484427 0.438286
v -1.806162 6.194502 0.438286
v -1.806161 6.491083 3.620999
v -1.806162 6.484427 0.438286
v -1.806161 6.484427 3.621000
v -1.806162 6.491083 0.431533
v -1.806162 6.484427 0.431531
v -1.806162 6.484427 0.438286
v -1.806161 6.491083 3.620999
v -1.806162 6.491083 0.438287
v -1.806162 6.484427 0.438286
v -1.806162 6.491083 0.431533
v -1.806162 6.484427 0.438286
v -1.806162 6.491083 0.438287
v -1.978259 6.194503 0.431533
v -1.978259 6.188320 0.438286
v -1.978259 6.188320 0.431533
v -1.978259 6.194503 0.431533
v -1.978259 6.194503 0.438287
v -1.978259 6.188320 0.438286
v -1.978258 6.484427 0.431533
v -1.978259 6.194503 0.438287
v -1.978259 6.194503 0.431533
v -1.978259 6.194503 3.621000
v -1.978259 6.188320 0.438286
v -1.978259 6.194503 0.438287
v -1.978259 6.194503 3.621000
v -1.978259 6.188320 3.621000
v -1.978259 6.188320 0.438286
v -1.978259 6.188320 3.627117
v -1.978259 6.188320 3.621000
v -1.978259 6.194503 3.621000
v -1.978259 6.188320 3.627117
v -1.978259 6.194503 3.621000
v -1.978259 6.194503 3.627117
v -1.978259 6.194503 3.627117
v -1.978259 6.194503 3.621000
v -1.978258 6.484427 3.621000
v -1.978258 6.484427 3.621000
v -1.978259 6.194503 3.621000
v -1.978259 6.194503 0.438287
v -1.978259 6.194503 3.627117
v -1.978258 6.484427 3.621000
v -1.978259 6.484427 3.627117
v -1.978259 6.491083 3.627117
v -1.978259 6.484427 3.627117
v -1.978258 6.484427 3.621000
v -1.978259 6.491083 3.627117
v -1.978258 6.484427 3.621000
v -1.978258 6.491083 3.621000
v -1.978258 6.484427 0.431533
v -1.978259 6.484427 0.438287
v -1.978259 6.194503 0.438287
v -1.978258 6.484427 3.621000
v -1.978259 6.194503 0.438287
v -1.978259 6.484427 0.438287
v -1.978258 6.491083 3.621000
v -1.978258 6.484427 3.621000
v -1.978259 6.484427 0.438287
v -1.978258 6.491083 0.431533
v -1.978259 6.484427 0.438287
v -1.978258 6.484427 0.431533
v -1.978258 6.491083 3.621000
v -1.978259 6.484427 0.438287
v -1.978259 6.491083 0.438287
v -1.978258 6.491083 0.431533
v -1.978259 6.491083 0.438287
v -1.978259 6.484427 0.438287
v -1.806162 6.194502 0.431533
v -1.825558 6.188320 0.431533
v -1.806162 6.188320 0.431533
v -1.806162 6.194502 0.431533
v -1.825558 6.194502 0.431533
v -1.825558 6.188320 0.431533
v -1.806162 6.484427 0.431531
v -1.825558 6.194502 0.431533
v -1.806162 6.194502 0.431533
v -1.964350 6.188320 0.431533
v -1.825558 6.188320 0.431533
v -1.825558 6.194502 0.431533
v -1.806162 6.484427 0.431531
v -1.825558 6.484427 0.431531
v -1.825558 6.194502 0.431533
v -1.806162 6.491083 0.431533
v -1.825558 6.484427 0.431531
v -1.806162 6.484427 0.431531
v -1.806162 6.491083 0.431533
v -1.825558 6.491083 0.431533
v -1.825558 6.484427 0.431531
v -1.964350 6.491083 0.431533
v -1.825558 6.484427 0.431531
v -1.825558 6.491083 0.431533
v -1.964350 6.188320 0.431533
v -1.825558 6.194502 0.431533
v -1.964350 6.194503 0.431533
v -1.964350 6.194503 0.431533
v -1.825558 6.194502 0.431533
v -1.825558 6.484427 0.431531
v -1.978259 6.188320 0.431533
v -1.964350 6.188320 0.431533
v -1.964350 6.194503 0.431533
v -1.978259 6.188320 0.431533
v -1.964350 6.194503 0.431533
v -1.978259 6.194503 0.431533
v -1.964350 6.491083 0.431533
v -1.964350 6.484426 0.431533
v -1.825558 6.484427 0.431531
v -1.964350 6.194503 0.431533
v -1.825558 6.484427 0.431531
v -1.964350 6.484426 0.431533
v -1.978259 6.194503 0.431533
v -1.964350 6.194503 0.431533
v -1.964350 6.484426 0.431533
v -1.978258 6.491083 0.431533
v -1.964350 6.484426 0.431533
v -1.964350 6.491083 0.431533
v -1.978259 6.194503 0.431533
v -1.964350 6.484426 0.431533
v -1.978258 6.484427 0.431533
v -1.978258 6.491083 0.431533
v -1.978258 6.484427 0.431533
v -1.964350 6.484426 0.431533
v -1.806162 6.491083 0.438287
v -1.825558 6.491083 0.431533
v -1.806162 6.491083 0.431533
v -1.806162 6.491083 0.438287
v -1.825558 6.491083 0.438287
v -1.825558 6.491083 0.431533
v -1.806161 6.491083 3.620999
v -1.825558 6.491083 0.438287
v -1.806162 6.491083 0.438287
v -1.964350 6.491083 0.431533
v -1.825558 6.491083 0.431533
v -1.825558 6.491083 0.438287
v -1.806161 6.491083 3.620999
v -1.825558 6.491083 3.620999
v -1.825558 6.491083 0.438287
v -1.806162 6.491083 3.627116
v -1.825558 6.491083 3.620999
v -1.806161 6.491083 3.620999
v -1.806162 6.491083 3.627116
v -1.825558 6.491083 3.627116
v -1.825558 6.491083 3.620999
v -1.964350 6.491083 3.627117
v -1.825558 6.491083 3.620999
v -1.825558 6.491083 3.627116
v -1.964350 6.491083 3.627117
v -1.964350 6.491083 3.621000
v -1.825558 6.491083 3.620999
v -1.964350 6.491083 3.621000
v -1.825558 6.491083 0.438287
v -1.825558 6.491083 3.620999
v -1.978259 6.491083 3.627117
v -1.964350 6.491083 3.621000
v -1.964350 6.491083 3.627117
v -1.978259 6.491083 3.627117
v -1.978258 6.491083 3.621000
v -1.964350 6.491083 3.621000
v -1.964350 6.491083 0.431533
v -1.825558 6.491083 0.438287
v -1.964350 6.491083 0.438287
v -1.964350 6.491083 3.621000
v -1.964350 6.491083 0.438287
v -1.825558 6.491083 0.438287
v -1.978258 6.491083 3.621000
v -1.964350 6.491083 0.438287
v -1.964350 6.491083 3.621000
v -1.978258 6.491083 0.431533
v -1.964350 6.491083 0.431533
v -1.964350 6.491083 0.438287
v -1.978258 6.491083 3.621000
v -1.978259 6.491083 0.438287
v -1.964350 6.491083 0.438287
v -1.978258 6.491083 0.431533
v -1.964350 6.491083 0.438287
v -1.978259 6.491083 0.438287
v -1.806162 6.484427 3.627116
v -1.825558 6.491083 3.627116
v -1.806162 6.491083 3.627116
v -1.806162 6.484427 3.627116
v -1.825558 6.484427 3.627116
v -1.825558 6.491083 3.627116
v -1.806162 6.194502 3.627117
v -1.825558 6.484427 3.627116
v -1.806162 6.484427 3.627116
v -1.964350 6.491083 3.627117
v -1.825558 6.491083 3.627116
v -1.825558 6.484427 3.627116
v -1.806162 6.194502 3.627117
v -1.825558 6.194502 3.627117
v -1.825558 6.484427 3.627116
v -1.806162 6.188320 3.627117
v -1.825558 6.194502 3.627117
v -1.806162 6.194502 3.627117
v -1.806162 6.188320 3.627117
v -1.825558 6.188320 3.627117
v -1.825558 6.194502 3.627117
v -1.964350 6.188320 3.627117
v -1.825558 6.194502 3.627117
v -1.825558 6.188320 3.627117
v -1.964350 6.491083 3.627117
v -1.825558 6.484427 3.627116
v -1.964350 6.484426 3.627117
v -1.964350 6.484426 3.627117
v -1.825558 6.484427 3.627116
v -1.825558 6.194502 3.627117
v -1.978259 6.491083 3.627117
v -1.964350 6.491083 3.627117
v -1.964350 6.484426 3.627117
v -1.978259 6.491083 3.627117
v -1.964350 6.484426 3.627117
v -1.978259 6.484427 3.627117
v -1.964350 6.188320 3.627117
v -1.964350 6.194503 3.627117
v -1.825558 6.194502 3.627117
v -1.964350 6.484426 3.627117
v -1.825558 6.194502 3.627117
v -1.964350 6.194503 3.627117
v -1.978259 6.484427 3.627117
v -1.964350 6.484426 3.627117
v -1.964350 6.194503 3.627117
v -1.978259 6.188320 3.627117
v -1.964350 6.194503 3.627117
v -1.964350 6.188320 3.627117
v -1.978259 6.484427 3.627117
v -1.964350 6.194503 3.627117
v -1.978259 6.194503 3.627117
v -1.978259 6.188320 3.627117
v -1.978259 6.194503 3.627117
v -1.964350 6.194503 3.627117
v -1.806161 6.188320 3.621000
v -1.825558 6.188320 3.627117
v -1.806162 6.188320 3.627117
v -1.806161 6.188320 3.621000
v -1.825558 6.188320 3.621000
v -1.825558 6.188320 3.627117
v -1.806162 6.188320 0.438286
v -1.825558 6.188320 3.621000
v -1.806161 6.188320 3.621000
v -1.964350 6.188320 3.621000
v -1.825558 6.188320 3.627117
v -1.825558 6.188320 3.621000
v -1.964350 6.188320 3.621000
v -1.964350 6.188320 3.627117
v -1.825558 6.188320 3.627117
v -1.806162 6.188320 0.438286
v -1.825559 6.188320 0.438286
v -1.825558 6.188320 3.621000
v -1.964350 6.188320 3.621000
v -1.825558 6.188320 3.621000
v -1.825559 6.188320 0.438286
v -1.806162 6.188320 0.431533
v -1.825559 6.188320 0.438286
v -1.806162 6.188320 0.438286
v -1.806162 6.188320 0.431533
v -1.825558 6.188320 0.431533
v -1.825559 6.188320 0.438286
v -1.964350 6.188320 0.431533
v -1.825559 6.188320 0.438286
v -1.825558 6.188320 0.431533
v -1.964350 6.188320 0.431533
v -1.964350 6.188320 0.438287
v -1.825559 6.188320 0.438286
v -1.964350 6.188320 3.621000
v -1.825559 6.188320 0.438286
v -1.964350 6.188320 0.438287
v -1.978259 6.188320 0.431533
v -1.964350 6.188320 0.438287
v -1.964350 6.188320 0.431533
v -1.978259 6.188320 0.431533
v -1.978259 6.188320 0.438286
v -1.964350 6.188320 0.438287
v -1.978259 6.188320 3.621000
v -1.964350 6.188320 0.438287
v -1.978259 6.188320 0.438286
v -1.978259 6.188320 3.621000
v -1.964350 6.188320 3.621000
v -1.964350 6.188320 0.438287
v -1.978259 6.188320 3.621000
v -1.964350 6.188320 3.627117
v -1.964350 6.188320 3.621000
v -1.978259 6.188320 3.621000
v -1.978259 6.188320 3.627117
v -1.964350 6.188320 3.627117
v 2.069669 6.097405 0.438305
v 2.069669 6.102783 0.431548
v 2.069669 6.097405 0.431548
v 2.069669 6.097405 0.438305
v 2.069669 6.102783 0.438303
v 2.069669 6.102783 0.431548
v 2.069670 6.097406 3.621015
v 2.069669 6.102783 0.438303
v 2.069669 6.097405 0.438305
v 2.069669 6.172302 0.431548
v 2.069669 6.102783 0.431548
v 2.069669 6.102783 0.438303
v 2.069670 6.097406 3.621015
v 2.069670 6.102783 3.621016
v 2.069669 6.102783 0.438303
v 2.069669 6.097406 3.627133
v 2.069670 6.102783 3.621016
v 2.069670 6.097406 3.621015
v 2.069669 6.097406 3.627133
v 2.069669 6.102783 3.627133
v 2.069670 6.102783 3.621016
v 2.069669 6.172302 3.627132
v 2.069670 6.102783 3.621016
v 2.069669 6.102783 3.627133
v 2.069669 6.172302 3.627132
v 2.069670 6.172302 3.621015
v 2.069670 6.102783 3.621016
v 2.069670 6.172302 3.621015
v 2.069669 6.102783 0.438303
v 2.069670 6.102783 3.621016
v 2.069669 6.177787 3.627132
v 2.069670 6.172302 3.621015
v 2.069669 6.172302 3.627132
v 2.069669 6.177787 3.627132
v 2.069670 6.177787 3.621015
v 2.069670 6.172302 3.621015
v 2.069669 6.172302 0.431548
v 2.069669 6.102783 0.438303
v 2.069669 6.172302 0.438303
v 2.069670 6.172302 3.621015
v 2.069669 6.172302 0.438303
v 2.069669 6.102783 0.438303
v 2.069670 6.177787 3.621015
v 2.069669 6.172302 0.438303
v 2.069670 6.172302 3.621015
v 2.069669 6.177787 0.431547
v 2.069669 6.172302 0.431548
v 2.069669 6.172302 0.438303
v 2.069670 6.177787 3.621015
v 2.069669 6.177787 0.438303
v 2.069669 6.172302 0.438303
v 2.069669 6.177787 0.431547
v 2.069669 6.172302 0.438303
v 2.069669 6.177787 0.438303
v 1.897572 6.102783 0.431548
v 1.897572 6.097406 0.438305
v 1.897572 6.097406 0.431548
v 1.897572 6.102783 0.431548
v 1.897572 6.102783 0.438303
v 1.897572 6.097406 0.438305
v 1.897572 6.172302 0.431548
v 1.897572 6.102783 0.438303
v 1.897572 6.102783 0.431548
v 1.897573 6.102783 3.621016
v 1.897572 6.097406 0.438305
v 1.897572 6.102783 0.438303
v 1.897573 6.102783 3.621016
v 1.897572 6.097406 3.621015
v 1.897572 6.097406 0.438305
v 1.897572 6.097406 3.627133
v 1.897572 6.097406 3.621015
v 1.897573 6.102783 3.621016
v 1.897572 6.097406 3.627133
v 1.897573 6.102783 3.621016
v 1.897572 6.102783 3.627133
v 1.897572 6.102783 3.627133
v 1.897573 6.102783 3.621016
v 1.897573 6.172302 3.621017
v 1.897573 6.172302 3.621017
v 1.897573 6.102783 3.621016
v 1.897572 6.102783 0.438303
v 1.897572 6.102783 3.627133
v 1.897573 6.172302 3.621017
v 1.897572 6.172302 3.627134
v 1.897572 6.177787 3.627133
v 1.897572 6.172302 3.627134
v 1.897573 6.172302 3.621017
v 1.897572 6.177787 3.627133
v 1.897573 6.172302 3.621017
v 1.897573 6.177787 3.621016
v 1.897572 6.172302 0.431548
v 1.897572 6.172302 0.438303
v 1.897572 6.102783 0.438303
v 1.897573 6.172302 3.621017
v 1.897572 6.102783 0.438303
v 1.897572 6.172302 0.438303
v 1.897573 6.177787 3.621016
v 1.897573 6.172302 3.621017
v 1.897572 6.172302 0.438303
v 1.897572 6.177787 0.431548
v 1.897572 6.172302 0.438303
v 1.897572 6.172302 0.431548
v 1.897573 6.177787 3.621016
v 1.897572 6.172302 0.438303
v 1.897572 6.177787 0.438303
v 1.897572 6.177787 0.431548
v 1.897572 6.177787 0.438303
v 1.897572 6.172302 0.438303
v 2.069669 6.102783 0.431548
v 2.061015 6.097405 0.431548
v 2.069669 6.097405 0.431548
v 2.069669 6.102783 0.431548
v 2.061015 6.102783 0.431548
v 2.061015 6.097405 0.431548
v 2.069669 6.172302 0.431548
v 2.061015 6.102783 0.431548
v 2.069669 6.102783 0.431548
v 1.906039 6.097406 0.431548
v 2.061015 6.097405 0.431548
v 2.061015 6.102783 0.431548
v 2.069669 6.172302 0.431548
v 2.061015 6.172302 0.431548
v 2.061015 6.102783 0.431548
v 2.069669 6.177787 0.431547
v 2.061015 6.172302 0.431548
v 2.069669 6.172302 0.431548
v 2.069669 6.177787 0.431547
v 2.061015 6.177787 0.431547
v 2.061015 6.172302 0.431548
v 1.906039 6.177787 0.431548
v 2.061015 6.172302 0.431548
v 2.061015 6.177787 0.431547
v 1.906039 6.097406 0.431548
v 2.061015 6.102783 0.431548
v 1.906039 6.102783 0.431548
v 1.906039 6.102783 0.431548
v 2.061015 6.102783 0.431548
v 2.061015 6.172302 0.431548
v 1.897572 6.097406 0.431548
v 1.906039 6.097406 0.431548
v 1.906039 6.102783 0.431548
v 1.897572 6.097406 0.431548
v 1.906039 6.102783 0.431548
v 1.897572 6.102783 0.431548
v 1.906039 6.177787 0.431548
v 1.906039 6.172302 0.431548
v 2.061015 6.172302 0.431548
v 1.906039 6.102783 0.431548
v 2.061015 6.172302 0.431548
v 1.906039 6.172302 0.431548
v 1.897572 6.102783 0.431548
v 1.906039 6.102783 0.431548
v 1.906039 6.172302 0.431548
v 1.897572 6.177787 0.431548
v 1.906039 6.172302 0.431548
v 1.906039 6.177787 0.431548
v 1.897572 6.102783 0.431548
v 1.906039 6.172302 0.431548
v 1.897572 6.172302 0.431548
v 1.897572 6.177787 0.431548
v 1.897572 6.172302 0.431548
v 1.906039 6.172302 0.431548
v 2.069669 6.177787 0.438303
v 2.061015 6.177787 0.431547
v 2.069669 6.177787 0.431547
v 2.069669 6.177787 0.438303
v 2.061015 6.177787 0.438303
v 2.061015 6.177787 0.431547
v 2.069670 6.177787 3.621015
v 2.061015 6.177787 0.438303
v 2.069669 6.177787 0.438303
v 1.906039 6.177787 0.431548
v 2.061015 6.177787 0.431547
v 2.061015 6.177787 0.438303
v 2.069670 6.177787 3.621015
v 2.061015 6.177787 3.621015
v 2.061015 6.177787 0.438303
v 2.069669 6.177787 3.627132
v 2.061015 6.177787 3.621015
v 2.069670 6.177787 3.621015
v 2.069669 6.177787 3.627132
v 2.061015 6.177787 3.627132
v 2.061015 6.177787 3.621015
v 1.906039 6.177787 3.627133
v 2.061015 6.177787 3.621015
v 2.061015 6.177787 3.627132
v 1.906039 6.177787 3.627133
v 1.906039 6.177787 3.621016
v 2.061015 6.177787 3.621015
v 1.906039 6.177787 3.621016
v 2.061015 6.177787 0.438303
v 2.061015 6.177787 3.621015
v 1.897572 6.177787 3.627133
v 1.906039 6.177787 3.621016
v 1.906039 6.177787 3.627133
v 1.897572 6.177787 3.627133
v 1.897573 6.177787 3.621016
v 1.906039 6.177787 3.621016
v 1.906039 6.177787 0.431548
v 2.061015 6.177787 0.438303
v 1.906039 6.177787 0.438303
v 1.906039 6.177787 3.621016
v 1.906039 6.177787 0.438303
v 2.061015 6.177787 0.438303
v 1.897573 6.177787 3.621016
v 1.906039 6.177787 0.438303
v 1.906039 6.177787 3.621016
v 1.897572 6.177787 0.431548
v 1.906039 6.177787 0.431548
v 1.906039 6.177787 0.438303
v 1.897573 6.177787 3.621016
v 1.897572 6.177787 0.438303
v 1.906039 6.177787 0.438303
v 1.897572 6.177787 0.431548
v 1.906039 6.177787 0.438303
v 1.897572 6.177787 0.438303
v 2.069669 6.172302 3.627132
v 2.061015 6.177787 3.627132
v 2.069669 6.177787 3.627132
v 2.069669 6.172302 3.627132
v 2.061015 6.172302 3.627132
v 2.061015 6.177787 3.627132
v 2.069669 6.102783 3.627133
v 2.061015 6.172302 3.627132
v 2.069669 6.172302 3.627132
v 1.906039 6.177787 3.627133
v 2.061015 6.177787 3.627132
v 2.061015 6.172302 3.627132
v 2.069669 6.102783 3.627133
v 2.061015 6.102783 3.627133
v 2.061015 6.172302 3.627132
v 2.069669 6.097406 3.627133
v 2.061015 6.102783 3.627133
v 2.069669 6.102783 3.627133
v 2.069669 6.097406 3.627133
v 2.061015 6.097406 3.627133
v 2.061015 6.102783 3.627133
v 1.906039 6.097406 3.627133
v 2.061015 6.102783 3.627133
v 2.061015 6.097406 3.627133
v 1.906039 6.177787 3.627133
v 2.061015 6.172302 3.627132
v 1.906039 6.172302 3.627134
v 1.906039 6.172302 3.627134
v 2.061015 6.172302 3.627132
v 2.061015 6.102783 3.627133
v 1.897572 6.177787 3.627133
v 1.906039 6.177787 3.627133
v 1.906039 6.172302 3.627134
v 1.897572 6.177787 3.627133
v 1.906039 6.172302 3.627134
v 1.897572 6.172302 3.627134
v 1.906039 6.097406 3.627133
v 1.906039 6.102783 3.627133
v 2.061015 6.102783 3.627133
v 1.906039 6.172302 3.627134
v 2.061015 6.102783 3.627133
v 1.906039 6.102783 3.627133
v 1.897572 6.172302 3.627134
v 1.906039 6.172302 3.627134
v 1.906039 6.102783 3.627133
v 1.897572 6.097406 3.627133
v 1.906039 6.102783 3.627133
v 1.906039 6.097406 3.627133
v 1.897572 6.172302 3.627134
v 1.906039 6.102783 3.627133
v 1.897572 6.102783 3.627133
v 1.897572 6.097406 3.627133
v 1.897572 6.102783 3.627133
v 1.906039 6.102783 3.627133
v 2.069670 6.097406 3.621015
v 2.061015 6.097406 3.627133
v 2.069669 6.097406 3.627133
v 2.069670 6.097406 3.621015
v 2.061015 6.097406 3.621015
v 2.061015 6.097406 3.627133
v 2.069669 6.097405 0.438305
v 2.061015 6.097406 3.621015
v 2.069670 6.097406 3.621015
v 1.906039 6.097406 3.621015
v 2.061015 6.097406 3.627133
v 2.061015 6.097406 3.621015
v 1.906039 6.097406 3.621015
v 1.906039 6.097406 3.627133
v 2.061015 6.097406 3.627133
v 2.069669 6.097405 0.438305
v 2.061015 6.097405 0.438305
v 2.061015 6.097406 3.621015
v 1.906039 6.097406 3.621015
v 2.061015 6.097406 3.621015
v 2.061015 6.097405 0.438305
v 2.069669 6.097405 0.431548
v 2.061015 6.097405 0.438305
v 2.069669 6.097405 0.438305
v 2.069669 6.097405 0.431548
v 2.061015 6.097405 0.431548
v 2.061015 6.097405 0.438305
v 1.906039 6.097406 0.431548
v 2.061015 6.097405 0.438305
v 2.061015 6.097405 0.431548
v 1.906039 6.097406 0.431548
v 1.906039 6.097406 0.438305
v 2.061015 6.097405 0.438305
v 1.906039 6.097406 3.621015
v 2.061015 6.097405 0.438305
v 1.906039 6.097406 0.438305
v 1.897572 6.097406 0.431548
v 1.906039 6.097406 0.438305
v 1.906039 6.097406 0.431548
v 1.897572 6.097406 0.431548
v 1.897572 6.097406 0.438305
v 1.906039 6.097406 0.438305
v 1.897572 6.097406 3.621015
v 1.906039 6.097406 0.438305
v 1.897572 6.097406 0.438305
v 1.897572 6.097406 3.621015
v 1.906039 6.097406 3.621015
v 1.906039 6.097406 0.438305
v 1.897572 6.097406 3.621015
v 1.906039 6.097406 3.627133
v 1.906039 6.097406 3.621015
v 1.897572 6.097406 3.621015
v 1.897572 6.097406 3.627133
v 1.906039 6.097406 3.627133
v 2.069669 6.188381 0.438303
v 2.069669 6.194563 0.431548
v 2.069669 6.188381 0.431548
v 2.069669 6.188381 0.438303
v 2.069669 6.194563 0.438303
v 2.069669 6.194563 0.431548
v 2.069670 6.188382 3.621016
v 2.069669 6.194563 0.438303
v 2.069669 6.188381 0.438303
v 2.069669 6.484488 0.431547
v 2.069669 6.194563 0.431548
v 2.069669 6.194563 0.438303
v 2.069670 6.188382 3.621016
v 2.069670 6.194564 3.621016
v 2.069669 6.194563 0.438303
v 2.069669 6.188382 3.627133
v 2.069670 6.194564 3.621016
v 2.069670 6.188382 3.621016
v 2.069669 6.188382 3.627133
v 2.069669 6.194564 3.627133
v 2.069670 6.194564 3.621016
v 2.069670 6.484488 3.627132
v 2.069670 6.194564 3.621016
v 2.069669 6.194564 3.627133
v 2.069670 6.484488 3.627132
v 2.069670 6.484488 3.621015
v 2.069670 6.194564 3.621016
v 2.069670 6.484488 3.621015
v 2.069669 6.194563 0.438303
v 2.069670 6.194564 3.621016
v 2.069670 6.491144 3.627133
v 2.069670 6.484488 3.621015
v 2.069670 6.484488 3.627132
v 2.069670 6.491144 3.627133
v 2.069670 6.491144 3.621016
v 2.069670 6.484488 3.621015
v 2.069669 6.484488 0.431547
v 2.069669 6.194563 0.438303
v 2.069669 6.484488 0.438303
v 2.069670 6.484488 3.621015
v 2.069669 6.484488 0.438303
v 2.069669 6.194563 0.438303
v 2.069670 6.491144 3.621016
v 2.069669 6.484488 0.438303
v 2.069670 6.484488 3.621015
v 2.069669 6.491144 0.431548
v 2.069669 6.484488 0.431547
v 2.069669 6.484488 0.438303
v 2.069670 6.491144 3.621016
v 2.069669 6.491144 0.438303
v 2.069669 6.484488 0.438303
v 2.069669 6.491144 0.431548
v 2.069669 6.484488 0.438303
v 2.069669 6.491144 0.438303
v 1.897572 6.194563 0.431548
v 1.897572 6.188381 0.438303
v 1.897572 6.188381 0.431548
v 1.897572 6.194563 0.431548
v 1.897572 6.194563 0.438303
v 1.897572 6.188381 0.438303
v 1.897572 6.484488 0.431550
v 1.897572 6.194563 0.438303
v 1.897572 6.194563 0.431548
v 1.897572 6.194564 3.621016
v 1.897572 6.188381 0.438303
v 1.897572 6.194563 0.438303
v 1.897572 6.194564 3.621016
v 1.897572 6.188382 3.621016
v 1.897572 6.188381 0.438303
v 1.897572 6.188382 3.627133
v 1.897572 6.188382 3.621016
v 1.897572 6.194564 3.621016
v 1.897572 6.188382 3.627133
v 1.897572 6.194564 3.621016
v 1.897572 6.194564 3.627133
v 1.897572 6.194564 3.627133
v 1.897572 6.194564 3.621016
v 1.897573 6.484488 3.621017
v 1.897573 6.484488 3.621017
v 1.897572 6.194564 3.621016
v 1.897572 6.194563 0.438303
v 1.897572 6.194564 3.627133
v 1.897573 6.484488 3.621017
v 1.897572 6.484488 3.627133
v 1.897572 6.491144 3.627134
v 1.897572 6.484488 3.627133
v 1.897573 6.484488 3.621017
v 1.897572 6.491144 3.627134
v 1.897573 6.484488 3.621017
v 1.897573 6.491144 3.621017
v 1.897572 6.484488 0.431550
v 1.897572 6.484488 0.438303
v 1.897572 6.194563 0.438303
v 1.897573 6.484488 3.621017
v 1.897572 6.194563 0.438303
v 1.897572 6.484488 0.438303
v 1.897573 6.491144 3.621017
v 1.897573 6.484488 3.621017
v 1.897572 6.484488 0.438303
v 1.897572 6.491144 0.431550
v 1.897572 6.484488 0.438303
v 1.897572 6.484488 0.431550
v 1.897573 6.491144 3.621017
v 1.897572 6.484488 0.438303
v 1.897572 6.491144 0.438305
v 1.897572 6.491144 0.431550
v 1.897572 6.491144 0.438305
v 1.897572 6.484488 0.438303
v 2.069669 6.194563 0.431548
v 2.050273 6.188381 0.431548
v 2.069669 6.188381 0.431548
v 2.069669 6.194563 0.431548
v 2.050273 6.194563 0.431548
v 2.050273 6.188381 0.431548
v 2.069669 6.484488 0.431547
v 2.050273 6.194563 0.431548
v 2.069669 6.194563 0.431548
v 1.911481 6.188381 0.431548
v 2.050273 6.188381 0.431548
v 2.050273 6.194563 0.431548
v 2.069669 6.484488 0.431547
v 2.050273 6.484488 0.431547
v 2.050273 6.194563 0.431548
v 2.069669 6.491144 0.431548
v 2.050273 6.484488 0.431547
v 2.069669 6.484488 0.431547
v 2.069669 6.491144 0.431548
v 2.050273 6.491144 0.431548
v 2.050273 6.484488 0.431547
v 1.911481 6.491144 0.431550
v 2.050273 6.484488 0.431547
v 2.050273 6.491144 0.431548
v 1.911481 6.188381 0.431548
v 2.050273 6.194563 0.431548
v 1.911481 6.194563 0.431548
v 1.911481 6.194563 0.431548
v 2.050273 6.194563 0.431548
v 2.050273 6.484488 0.431547
v 1.897572 6.188381 0.431548
v 1.911481 6.188381 0.431548
v 1.911481 6.194563 0.431548
v 1.897572 6.188381 0.431548
v 1.911481 6.194563 0.431548
v 1.897572 6.194563 0.431548
v 1.911481 6.491144 0.431550
v 1.911481 6.484487 0.431550
v 2.050273 6.484488 0.431547
v 1.911481 6.194563 0.431548
v 2.050273 6.484488 0.431547
v 1.911481 6.484487 0.431550
v 1.897572 6.194563 0.431548
v 1.911481 6.194563 0.431548
v 1.911481 6.484487 0.431550
v 1.897572 6.491144 0.431550
v 1.911481 6.484487 0.431550
v 1.911481 6.491144 0.431550
v 1.897572 6.194563 0.431548
v 1.911481 6.484487 0.431550
v 1.897572 6.484488 0.431550
v 1.897572 6.491144 0.431550
v 1.897572 6.484488 0.431550
v 1.911481 6.484487 0.431550
v 2.069669 6.491144 0.438303
v 2.050273 6.491144 0.431548
v 2.069669 6.491144 0.431548
v 2.069669 6.491144 0.438303
v 2.050273 6.491144 0.438303
v 2.050273 6.491144 0.431548
v 2.069670 6.491144 3.621016
v 2.050273 6.491144 0.438303
v 2.069669 6.491144 0.438303
v 1.911481 6.491144 0.431550
v 2.050273 6.491144 0.431548
v 2.050273 6.491144 0.438303
v 2.069670 6.491144 3.621016
v 2.050273 6.491144 3.621016
v 2.050273 6.491144 0.438303
v 2.069670 6.491144 3.627133
v 2.050273 6.491144 3.621016
v 2.069670 6.491144 3.621016
v 2.069670 6.491144 3.627133
v 2.050273 6.491144 3.627133
v 2.050273 6.491144 3.621016
v 1.911481 6.491144 3.627134
v 2.050273 6.491144 3.621016
v 2.050273 6.491144 3.627133
v 1.911481 6.491144 3.627134
v 1.911481 6.491144 3.621017
v 2.050273 6.491144 3.621016
v 1.911481 6.491144 3.621017
v 2.050273 6.491144 0.438303
v 2.050273 6.491144 3.621016
v 1.897572 6.491144 3.627134
v 1.911481 6.491144 3.621017
v 1.911481 6.491144 3.627134
v 1.897572 6.491144 3.627134
v 1.897573 6.491144 3.621017
v 1.911481 6.491144 3.621017
v 1.911481 6.491144 0.431550
v 2.050273 6.491144 0.438303
v 1.911481 6.491144 0.438305
v 1.911481 6.491144 3.621017
v 1.911481 6.491144 0.438305
v 2.050273 6.491144 0.438303
v 1.897573 6.491144 3.621017
v 1.911481 6.491144 0.438305
v 1.911481 6.491144 3.621017
v 1.897572 6.491144 0.431550
v 1.911481 6.491144 0.431550
v 1.911481 6.491144 0.438305
v 1.897573 6.491144 3.621017
v 1.897572 6.491144 0.438305
v 1.911481 6.491144 0.438305
v 1.897572 6.491144 0.431550
v 1.911481 6.491144 0.438305
v 1.897572 6.491144 0.438305
v 2.069670 6.484488 3.627132
v 2.050273 6.491144 3.627133
v 2.069670 6.491144 3.627133
v 2.069670 6.484488 3.627132
v 2.050273 6.484488 3.627132
v 2.050273 6.491144 3.627133
v 2.069669 6.194564 3.627133
v 2.050273 6.484488 3.627132
v 2.069670 6.484488 3.627132
v 1.911481 6.491144 3.627134
v 2.050273 6.491144 3.627133
v 2.050273 6.484488 3.627132
v 2.069669 6.194564 3.627133
v 2.050273 6.194564 3.627133
v 2.050273 6.484488 3.627132
v 2.069669 6.188382 3.627133
v 2.050273 6.194564 3.627133
v 2.069669 6.194564 3.627133
v 2.069669 6.188382 3.627133
v 2.050273 6.188382 3.627133
v 2.050273 6.194564 3.627133
v 1.911481 6.188382 3.627133
v 2.050273 6.194564 3.627133
v 2.050273 6.188382 3.627133
v 1.911481 6.491144 3.627134
v 2.050273 6.484488 3.627132
v 1.911481 6.484488 3.627133
v 1.911481 6.484488 3.627133
v 2.050273 6.484488 3.627132
v 2.050273 6.194564 3.627133
v 1.897572 6.491144 3.627134
v 1.911481 6.491144 3.627134
v 1.911481 6.484488 3.627133
v 1.897572 6.491144 3.627134
v 1.911481 6.484488 3.627133
v 1.897572 6.484488 3.627133
v 1.911481 6.188382 3.627133
v 1.911481 6.194564 3.627133
v 2.050273 6.194564 3.627133
v 1.911481 6.484488 3.627133
v 2.050273 6.194564 3.627133
v 1.911481 6.194564 3.627133
v 1.897572 6.484488 3.627133
v 1.911481 6.484488 3.627133
v 1.911481 6.194564 3.627133
v 1.897572 6.188382 3.627133
v 1.911481 6.194564 3.627133
v 1.911481 6.188382 3.627133
v 1.897572 6.484488 3.627133
v 1.911481 6.194564 3.627133
v 1.897572 6.194564 3.627133
v 1.897572 6.188382 3.627133
v 1.897572 6.194564 3.627133
v 1.911481 6.194564 3.627133
v 2.069670 6.188382 3.621016
v 2.050273 6.188382 3.627133
v 2.069669 6.188382 3.627133
v 2.069670 6.188382 3.621016
v 2.050273 6.188382 3.621016
v 2.050273 6.188382 3.627133
v 2.069669 6.188381 0.438303
v 2.050273 6.188382 3.621016
v 2.069670 6.188382 3.621016
v 1.911481 6.188382 3.621016
v 2.050273 6.188382 3.627133
v 2.050273 6.188382 3.621016
v 1.911481 6.188382 3.621016
v 1.911481 6.188382 3.627133
v 2.050273 6.188382 3.627133
v 2.069669 6.188381 0.438303
v 2.050272 6.188381 0.438303
v 2.050273 6.188382 3.621016
v 1.911481 6.188382 3.621016
v 2.050273 6.188382 3.621016
v 2.050272 6.188381 0.438303
v 2.069669 6.188381 0.431548
v 2.050272 6.188381 0.438303
v 2.069669 6.188381 0.438303
v 2.069669 6.188381 0.431548
v 2.050273 6.188381 0.431548
v 2.050272 6.188381 0.438303
v 1.911481 6.188381 0.431548
v 2.050272 6.188381 0.438303
v 2.050273 6.188381 0.431548
v 1.911481 6.188381 0.431548
v 1.911481 6.188381 0.438305
v 2.050272 6.188381 0.438303
v 1.911481 6.188382 3.621016
v 2.050272 6.188381 0.438303
v 1.911481 6.188381 0.438305
v 1.897572 6.188381 0.431548
v 1.911481 6.188381 0.438305
v 1.911481 6.188381 0.431548
v 1.897572 6.188381 0.431548
v 1.897572 6.188381 0.438303
v 1.911481 6.188381 0.438305
v 1.897572 6.188382 3.621016
v 1.911481 6.188381 0.438305
v 1.897572 6.188381 0.438303
v 1.897572 6.188382 3.621016
v 1.911481 6.188382 3.621016
v 1.911481 6.188381 0.438305
v 1.897572 6.188382 3.621016
v 1.911481 6.188382 3.627133
v 1.911481 6.188382 3.621016
v 1.897572 6.188382 3.621016
v 1.897572 6.188382 3.627133
v 1.911481 6.188382 3.627133
v 5.963834 6.097344 0.438304
v 5.963835 6.102721 0.431548
v 5.963835 6.097344 0.431548
v 5.963834 6.097344 0.438304
v 5.963835 6.102721 0.438302
v 5.963835 6.102721 0.431548
v 5.963835 6.097345 3.621015
v 5.963835 6.102721 0.438302
v 5.963834 6.097344 0.438304
v 5.963835 6.172241 0.431548
v 5.963835 6.102721 0.431548
v 5.963835 6.102721 0.438302
v 5.963835 6.097345 3.621015
v 5.963835 6.102722 3.621015
v 5.963835 6.102721 0.438302
v 5.963834 6.097345 3.627132
v 5.963835 6.102722 3.621015
v 5.963835 6.097345 3.621015
v 5.963834 6.097345 3.627132
v 5.963834 6.102722 3.627132
v 5.963835 6.102722 3.621015
v 5.963834 6.172241 3.627131
v 5.963835 6.102722 3.621015
v 5.963834 6.102722 3.627132
v 5.963834 6.172241 3.627131
v 5.963834 6.172241 3.621015
v 5.963835 6.102722 3.621015
v 5.963834 6.172241 3.621015
v 5.963835 6.102721 0.438302
v 5.963835 6.102722 3.621015
v 5.963834 6.177726 3.627131
v 5.963834 6.172241 3.621015
v 5.963834 6.172241 3.627131
v 5.963834 6.177726 3.627131
v 5.963834 6.177726 3.621015
v 5.963834 6.172241 3.621015
v 5.963835 6.172241 0.431548
v 5.963835 6.102721 0.438302
v 5.963835 6.172241 0.438302
v 5.963834 6.172241 3.621015
v 5.963835 6.172241 0.438302
v 5.963835 6.102721 0.438302
v 5.963834 6.177726 3.621015
v 5.963835 6.172241 0.438302
v 5.963834 6.172241 3.621015
v 5.963835 6.177725 0.431546
v 5.963835 6.172241 0.431548
v 5.963835 6.172241 0.438302
v 5.963834 6.177726 3.621015
v 5.963835 6.177725 0.438302
v 5.963835 6.172241 0.438302
v 5.963835 6.177725 0.431546
v 5.963835 6.172241 0.438302
v 5.963835 6.177725 0.438302
v 5.791737 6.102722 0.431548
v 5.791737 6.097344 0.438304
v 5.791737 6.097344 0.431548
v 5.791737 6.102722 0.431548
v 5.791737 6.102722 0.438302
v 5.791737 6.097344 0.438304
v 5.791737 6.172241 0.431548
v 5.791737 6.102722 0.438302
v 5.791737 6.102722 0.431548
v 5.791738 6.102722 3.621015
v 5.791737 6.097344 0.438304
v 5.791737 6.102722 0.438302
v 5.791738 6.102722 3.621015
v 5.791738 6.097345 3.621015
v 5.791737 6.097344 0.438304
v 5.791737 6.097345 3.627132
v 5.791738 6.097345 3.621015
v 5.791738 6.102722 3.621015
v 5.791737 6.097345 3.627132
v 5.791738 6.102722 3.621015
v 5.791737 6.102722 3.627132
v 5.791737 6.102722 3.627132
v 5.791738 6.102722 3.621015
v 5.791738 6.172241 3.621016
v 5.791738 6.172241 3.621016
v 5.791738 6.102722 3.621015
v 5.791737 6.102722 0.438302
v 5.791737 6.102722 3.627132
v 5.791738 6.172241 3.621016
v 5.791737 6.172241 3.627133
v 5.791737 6.177726 3.627132
v 5.791737 6.172241 3.627133
v 5.791738 6.172241 3.621016
v 5.791737 6.177726 3.627132
v 5.791738 6.172241 3.621016
v 5.791738 6.177726 3.621015
v 5.791737 6.172241 0.431548
v 5.791737 6.172241 0.438302
v 5.791737 6.102722 0.438302
v 5.791738 6.172241 3.621016
v 5.791737 6.102722 0.438302
v 5.791737 6.172241 0.438302
v 5.791738 6.177726 3.621015
v 5.791738 6.172241 3.621016
v 5.791737 6.172241 0.438302
v 5.791737 6.177725 0.431548
v 5.791737 6.172241 0.438302
v 5.791737 6.172241 0.431548
v 5.791738 6.177726 3.621015
v 5.791737 6.172241 0.438302
v 5.791737 6.177725 0.438302
v 5.791737 6.177725 0.431548
v 5.791737 6.177725 0.438302
v 5.791737 6.172241 0.438302
v 5.963835 6.102721 0.431548
v 5.955180 6.097344 0.431548
v 5.963835 6.097344 0.431548
v 5.963835 6.102721 0.431548
v 5.955180 6.102721 0.431548
v 5.955180 6.097344 0.431548
v 5.963835 6.172241 0.431548
v 5.955180 6.102721 0.431548
v 5.963835 6.102721 0.431548
v 5.800203 6.097344 0.431548
v 5.955180 6.097344 0.431548
v 5.955180 6.102721 0.431548
v 5.963835 6.172241 0.431548
v 5.955180 6.172241 0.431548
v 5.955180 6.102721 0.431548
v 5.963835 6.177725 0.431546
v 5.955180 6.172241 0.431548
v 5.963835 6.172241 0.431548
v 5.963835 6.177725 0.431546
v 5.955180 6.177725 0.431546
v 5.955180 6.172241 0.431548
v 5.800203 6.177725 0.431548
v 5.955180 6.172241 0.431548
v 5.955180 6.177725 0.431546
v 5.800203 6.097344 0.431548
v 5.955180 6.102721 0.431548
v 5.800203 6.102722 0.431548
v 5.800203 6.102722 0.431548
v 5.955180 6.102721 0.431548
v 5.955180 6.172241 0.431548
v 5.791737 6.097344 0.431548
v 5.800203 6.097344 0.431548
v 5.800203 6.102722 0.431548
v 5.791737 6.097344 0.431548
v 5.800203 6.102722 0.431548
v 5.791737 6.102722 0.431548
v 5.800203 6.177725 0.431548
v 5.800203 6.172241 0.431548
v 5.955180 6.172241 0.431548
v 5.800203 6.102722 0.431548
v 5.955180 6.172241 0.431548
v 5.800203 6.172241 0.431548
v 5.791737 6.102722 0.431548
v 5.800203 6.102722 0.431548
v 5.800203 6.172241 0.431548
v 5.791737 6.177725 0.431548
v 5.800203 6.172241 0.431548
v 5.800203 6.177725 0.431548
v 5.791737 6.102722 0.431548
v 5.800203 6.172241 0.431548
v 5.791737 6.172241 0.431548
v 5.791737 6.177725 0.431548
v 5.791737 6.172241 0.431548
v 5.800203 6.172241 0.431548
v 5.963835 6.177725 0.438302
v 5.955180 6.177725 0.431546
v 5.963835 6.177725 0.431546
v 5.963835 6.177725 0.438302
v 5.955180 6.177725 0.438302
v 5.955180 6.177725 0.431546
v 5.963834 6.177726 3.621015
v 5.955180 6.177725 0.438302
v 5.963835 6.177725 0.438302
v 5.800203 6.177725 0.431548
v 5.955180 6.177725 0.431546
v 5.955180 6.177725 0.438302
v 5.963834 6.177726 3.621015
v 5.955180 6.177726 3.621015
v 5.955180 6.177725 0.438302
v 5.963834 6.177726 3.627131
v 5.955180 6.177726 3.621015
v 5.963834 6.177726 3.621015
v 5.963834 6.177726 3.627131
v 5.955180 6.177726 3.627131
v 5.955180 6.177726 3.621015
v 5.800204 6.177726 3.627132
v 5.955180 6.177726 3.621015
v 5.955180 6.177726 3.627131
v 5.800204 6.177726 3.627132
v 5.800204 6.177726 3.621015
v 5.955180 6.177726 3.621015
v 5.800204 6.177726 3.621015
v 5.955180 6.177725 0.438302
v 5.955180 6.177726 3.621015
v 5.791737 6.177726 3.627132
v 5.800204 6.177726 3.621015
v 5.800204 6.177726 3.627132
v 5.791737 6.177726 3.627132
v 5.791738 6.177726 3.621015
v 5.800204 6.177726 3.621015
v 5.800203 6.177725 0.431548
v 5.955180 6.177725 0.438302
v 5.800203 6.177725 0.438302
v 5.800204 6.177726 3.621015
v 5.800203 6.177725 0.438302
v 5.955180 6.177725 0.438302
v 5.791738 6.177726 3.621015
v 5.800203 6.177725 0.438302
v 5.800204 6.177726 3.621015
v 5.791737 6.177725 0.431548
v 5.800203 6.177725 0.431548
v 5.800203 6.177725 0.438302
v 5.791738 6.177726 3.621015
v 5.791737 6.177725 0.438302
v 5.800203 6.177725 0.438302
v 5.791737 6.177725 0.431548
v 5.800203 6.177725 0.438302
v 5.791737 6.177725 0.438302
v 5.963834 6.172241 3.627131
v 5.955180 6.177726 3.627131
v 5.963834 6.177726 3.627131
v 5.963834 6.172241 3.627131
v 5.955180 6.172241 3.627131
v 5.955180 6.177726 3.627131
v 5.963834 6.102722 3.627132
v 5.955180 6.172241 3.627131
v 5.963834 6.172241 3.627131
v 5.800204 6.177726 3.627132
v 5.955180 6.177726 3.627131
v 5.955180 6.172241 3.627131
v 5.963834 6.102722 3.627132
v 5.955180 6.102722 3.627132
v 5.955180 6.172241 3.627131
v 5.963834 6.097345 3.627132
v 5.955180 6.102722 3.627132
v 5.963834 6.102722 3.627132
v 5.963834 6.097345 3.627132
v 5.955180 6.097345 3.627132
v 5.955180 6.102722 3.627132
v 5.800204 6.097345 3.627132
v 5.955180 6.102722 3.627132
v 5.955180 6.097345 3.627132
v 5.800204 6.177726 3.627132
v 5.955180 6.172241 3.627131
v 5.800204 6.172241 3.627133
v 5.800204 6.172241 3.627133
v 5.955180 6.172241 3.627131
v 5.955180 6.102722 3.627132
v 5.791737 6.177726 3.627132
v 5.800204 6.177726 3.627132
v 5.800204 6.172241 3.627133
v 5.791737 6.177726 3.627132
v 5.800204 6.172241 3.627133
v 5.791737 6.172241 3.627133
v 5.800204 6.097345 3.627132
v 5.800204 6.102722 3.627132
v 5.955180 6.102722 3.627132
v 5.800204 6.172241 3.627133
v 5.955180 6.102722 3.627132
v 5.800204 6.102722 3.627132
v 5.791737 6.172241 3.627133
v 5.800204 6.172241 3.627133
v 5.800204 6.102722 3.627132
v 5.791737 6.097345 3.627132
v 5.800204 6.102722 3.627132
v 5.800204 6.097345 3.627132
v 5.791737 6.172241 3.627133
v 5.800204 6.102722 3.627132
v 5.791737 6.102722 3.627132
v 5.791737 6.097345 3.627132
v 5.791737 6.102722 3.627132
v 5.800204 6.102722 3.627132
v 5.963835 6.097345 3.621015
v 5.955180 6.097345 3.627132
v 5.963834 6.097345 3.627132
v 5.963835 6.097345 3.621015
v 5.955180 6.097345 3.621015
v 5.955180 6.097345 3.627132
v 5.963834 6.097344 0.438304
v 5.955180 6.097345 3.621015
v 5.963835 6.097345 3.621015
v 5.800204 6.097345 3.621015
v 5.955180 6.097345 3.627132
v 5.955180 6.097345 3.621015
v 5.800204 6.097345 3.621015
v 5.800204 6.097345 3.627132
v 5.955180 6.097345 3.627132
v 5.963834 6.097344 0.438304
v 5.955180 6.097344 0.438304
v 5.955180 6.097345 3.621015
v 5.800204 6.097345 3.621015
v 5.955180 6.097345 3.621015
v 5.955180 6.097344 0.438304
v 5.963835 6.097344 0.431548
v 5.955180 6.097344 0.438304
v 5.963834 6.097344 0.438304
v 5.963835 6.097344 0.431548
v 5.955180 6.097344 0.431548
v 5.955180 6.097344 0.438304
v 5.800203 6.097344 0.431548
v 5.955180 6.097344 0.438304
v 5.955180 6.097344 0.431548
v 5.800203 6.097344 0.431548
v 5.800203 6.097344 0.438304
v 5.955180 6.097344 0.438304
v 5.800204 6.097345 3.621015
v 5.955180 6.097344 0.438304
v 5.800203 6.097344 0.438304
v 5.791737 6.097344 0.431548
v 5.800203 6.097344 0.438304
v 5.800203 6.097344 0.431548
v 5.791737 6.097344 0.431548
v 5.791737 6.097344 0.438304
v 5.800203 6.097344 0.438304
v 5.791738 6.097345 3.621015
v 5.800203 6.097344 0.438304
v 5.791737 6.097344 0.438304
v 5.791738 6.097345 3.621015
v 5.800204 6.097345 3.621015
v 5.800203 6.097344 0.438304
v 5.791738 6.097345 3.621015
v 5.800204 6.097345 3.627132
v 5.800204 6.097345 3.621015
v 5.791738 6.097345 3.621015
v 5.791737 6.097345 3.627132
v 5.800204 6.097345 3.627132
v 5.963835 6.188320 0.438302
v 5.963835 6.194502 0.431548
v 5.963835 6.188320 0.431548
v 5.963835 6.188320 0.438302
v 5.963835 6.194502 0.438302
v 5.963835 6.194502 0.431548
v 5.963834 6.188320 3.621015
v 5.963835 6.194502 0.438302
v 5.963835 6.188320 0.438302
v 5.963835 6.484426 0.431546
v 5.963835 6.194502 0.431548
v 5.963835 6.194502 0.438302
v 5.963834 6.188320 3.621015
v 5.963835 6.194502 3.621015
v 5.963835 6.194502 0.438302
v 5.963834 6.188320 3.627132
v 5.963835 6.194502 3.621015
v 5.963834 6.188320 3.621015
v 5.963834 6.188320 3.627132
v 5.963834 6.194502 3.627132
v 5.963835 6.194502 3.621015
v 5.963834 6.484427 3.627131
v 5.963835 6.194502 3.621015
v 5.963834 6.194502 3.627132
v 5.963834 6.484427 3.627131
v 5.963835 6.484427 3.621015
v 5.963835 6.194502 3.621015
v 5.963835 6.484427 3.621015
v 5.963835 6.194502 0.438302
v 5.963835 6.194502 3.621015
v 5.963834 6.491083 3.627131
v 5.963835 6.484427 3.621015
v 5.963834 6.484427 3.627131
v 5.963834 6.491083 3.627131
v 5.963835 6.491083 3.621015
v 5.963835 6.484427 3.621015
v 5.963835 6.484426 0.431546
v 5.963835 6.194502 0.438302
v 5.963835 6.484426 0.438302
v 5.963835 6.484427 3.621015
v 5.963835 6.484426 0.438302
v 5.963835 6.194502 0.438302
v 5.963835 6.491083 3.621015
v 5.963835 6.484426 0.438302
v 5.963835 6.484427 3.621015
v 5.963835 6.491082 0.431548
v 5.963835 6.484426 0.431546
v 5.963835 6.484426 0.438302
v 5.963835 6.491083 3.621015
v 5.963835 6.491082 0.438302
v 5.963835 6.484426 0.438302
v 5.963835 6.491082 0.431548
v 5.963835 6.484426 0.438302
v 5.963835 6.491082 0.438302
v 5.791737 6.194502 0.431548
v 5.791737 6.188320 0.438302
v 5.791737 6.188320 0.431548
v 5.791737 6.194502 0.431548
v 5.791737 6.194502 0.438302
v 5.791737 6.188320 0.438302
v 5.791737 6.484426 0.431549
v 5.791737 6.194502 0.438302
v 5.791737 6.194502 0.431548
v 5.791738 6.194502 3.621015
v 5.791737 6.188320 0.438302
v 5.791737 6.194502 0.438302
v 5.791738 6.194502 3.621015
v 5.791738 6.188320 3.621015
v 5.791737 6.188320 0.438302
v 5.791738 6.188320 3.627132
v 5.791738 6.188320 3.621015
v 5.791738 6.194502 3.621015
v 5.791738 6.188320 3.627132
v 5.791738 6.194502 3.621015
v 5.791738 6.194502 3.627132
v 5.791738 6.194502 3.627132
v 5.791738 6.194502 3.621015
v 5.791738 6.484427 3.621016
v 5.791738 6.484427 3.621016
v 5.791738 6.194502 3.621015
v 5.791737 6.194502 0.438302
v 5.791738 6.194502 3.627132
v 5.791738 6.484427 3.621016
v 5.791737 6.484427 3.627132
v 5.791737 6.491083 3.627132
v 5.791737 6.484427 3.627132
v 5.791738 6.484427 3.621016
v 5.791737 6.491083 3.627132
v 5.791738 6.484427 3.621016
v 5.791738 6.491083 3.621015
v 5.791737 6.484426 0.431549
v 5.791737 6.484426 0.438302
v 5.791737 6.194502 0.438302
v 5.791738 6.484427 3.621016
v 5.791737 6.194502 0.438302
v 5.791737 6.484426 0.438302
v 5.791738 6.491083 3.621015
v 5.791738 6.484427 3.621016
v 5.791737 6.484426 0.438302
v 5.791737 6.491082 0.431549
v 5.791737 6.484426 0.438302
v 5.791737 6.484426 0.431549
v 5.791738 6.491083 3.621015
v 5.791737 6.484426 0.438302
v 5.791737 6.491082 0.438304
v 5.791737 6.491082 0.431549
v 5.791737 6.491082 0.438304
v 5.791737 6.484426 0.438302
v 5.963835 6.194502 0.431548
v 5.944438 6.188320 0.431548
v 5.963835 6.188320 0.431548
v 5.963835 6.194502 0.431548
v 5.944438 6.194502 0.431548
v 5.944438 6.188320 0.431548
v 5.963835 6.484426 0.431546
v 5.944438 6.194502 0.431548
v 5.963835 6.194502 0.431548
v 5.805646 6.188320 0.431548
v 5.944438 6.188320 0.431548
v 5.944438 6.194502 0.431548
v 5.963835 6.484426 0.431546
v 5.944438 6.484426 0.431546
v 5.944438 6.194502 0.431548
v 5.963835 6.491082 0.431548
v 5.944438 6.484426 0.431546
v 5.963835 6.484426 0.431546
v 5.963835 6.491082 0.431548
v 5.944438 6.491082 0.431548
v 5.944438 6.484426 0.431546
v 5.805646 6.491082 0.431549
v 5.944438 6.484426 0.431546
v 5.944438 6.491082 0.431548
v 5.805646 6.188320 0.431548
v 5.944438 6.194502 0.431548
v 5.805646 6.194502 0.431548
v 5.805646 6.194502 0.431548
v 5.944438 6.194502 0.431548
v 5.944438 6.484426 0.431546
v 5.791737 6.188320 0.431548
v 5.805646 6.188320 0.431548
v 5.805646 6.194502 0.431548
v 5.791737 6.188320 0.431548
v 5.805646 6.194502 0.431548
v 5.791737 6.194502 0.431548
v 5.805646 6.491082 0.431549
v 5.805646 6.484426 0.431549
v 5.944438 6.484426 0.431546
v 5.805646 6.194502 0.431548
v 5.944438 6.484426 0.431546
v 5.805646 6.484426 0.431549
v 5.791737 6.194502 0.431548
v 5.805646 6.194502 0.431548
v 5.805646 6.484426 0.431549
v 5.791737 6.491082 0.431549
v 5.805646 6.484426 0.431549
v 5.805646 6.491082 0.431549
v 5.791737 6.194502 0.431548
v 5.805646 6.484426 0.431549
v 5.791737 6.484426 0.431549
v 5.791737 6.491082 0.431549
v 5.791737 6.484426 0.431549
v 5.805646 6.484426 0.431549
v 5.963835 6.491082 0.438302
v 5.944438 6.491082 0.431548
v 5.963835 6.491082 0.431548
v 5.963835 6.491082 0.438302
v 5.944438 6.491082 0.438302
v 5.944438 6.491082 0.431548
v 5.963835 6.491083 3.621015
v 5.944438 6.491082 0.438302
v 5.963835 6.491082 0.438302
v 5.805646 6.491082 0.431549
v 5.944438 6.491082 0.431548
v 5.944438 6.491082 0.438302
v 5.963835 6.491083 3.621015
v 5.944438 6.491083 3.621015
v 5.944438 6.491082 0.438302
v 5.963834 6.491083 3.627131
v 5.944438 6.491083 3.621015
v 5.963835 6.491083 3.621015
v 5.963834 6.491083 3.627131
v 5.944438 6.491083 3.627131
v 5.944438 6.491083 3.621015
v 5.805646 6.491083 3.627132
v 5.944438 6.491083 3.621015
v 5.944438 6.491083 3.627131
v 5.805646 6.491083 3.627132
v 5.805646 6.491083 3.621015
v 5.944438 6.491083 3.621015
v 5.805646 6.491083 3.621015
v 5.944438 6.491082 0.438302
v 5.944438 6.491083 3.621015
v 5.791737 6.491083 3.627132
v 5.805646 6.491083 3.621015
v 5.805646 6.491083 3.627132
v 5.791737 6.491083 3.627132
v 5.791738 6.491083 3.621015
v 5.805646 6.491083 3.621015
v 5.805646 6.491082 0.431549
v 5.944438 6.491082 0.438302
v 5.805646 6.491082 0.438304
v 5.805646 6.491083 3.621015
v 5.805646 6.491082 0.438304
v 5.944438 6.491082 0.438302
v 5.791738 6.491083 3.621015
v 5.805646 6.491082 0.438304
v 5.805646 6.491083 3.621015
v 5.791737 6.491082 0.431549
v 5.805646 6.491082 0.431549
v 5.805646 6.491082 0.438304
v 5.791738 6.491083 3.621015
v 5.791737 6.491082 0.438304
v 5.805646 6.491082 0.438304
v 5.791737 6.491082 0.431549
v 5.805646 6.491082 0.438304
v 5.791737 6.491082 0.438304
v 5.963834 6.484427 3.627131
v 5.944438 6.491083 3.627131
v 5.963834 6.491083 3.627131
v 5.963834 6.484427 3.627131
v 5.944438 6.484427 3.627131
v 5.944438 6.491083 3.627131
v 5.963834 6.194502 3.627132
v 5.944438 6.484427 3.627131
v 5.963834 6.484427 3.627131
v 5.805646 6.491083 3.627132
v 5.944438 6.491083 3.627131
v 5.944438 6.484427 3.627131
v 5.963834 6.194502 3.627132
v 5.944438 6.194502 3.627132
v 5.944438 6.484427 3.627131
v 5.963834 6.188320 3.627132
v 5.944438 6.194502 3.627132
v 5.963834 6.194502 3.627132
v 5.963834 6.188320 3.627132
v 5.944438 6.188320 3.627132
v 5.944438 6.194502 3.627132
v 5.805646 6.188320 3.627132
v 5.944438 6.194502 3.627132
v 5.944438 6.188320 3.627132
v 5.805646 6.491083 3.627132
v 5.944438 6.484427 3.627131
v 5.805646 6.484427 3.627132
v 5.805646 6.484427 3.627132
v 5.944438 6.484427 3.627131
v 5.944438 6.194502 3.627132
v 5.791737 6.491083 3.627132
v 5.805646 6.491083 3.627132
v 5.805646 6.484427 3.627132
v 5.791737 6.491083 3.627132
v 5.805646 6.484427 3.627132
v 5.791737 6.484427 3.627132
v 5.805646 6.188320 3.627132
v 5.805646 6.194502 3.627132
v 5.944438 6.194502 3.627132
v 5.805646 6.484427 3.627132
v 5.944438 6.194502 3.627132
v 5.805646 6.194502 3.627132
v 5.791737 6.484427 3.627132
v 5.805646 6.484427 3.627132
v 5.805646 6.194502 3.627132
v 5.791738 6.188320 3.627132
v 5.805646 6.194502 3.627132
v 5.805646 6.188320 3.627132
v 5.791737 6.484427 3.627132
v 5.805646 6.194502 3.627132
v 5.791738 6.194502 3.627132
v 5.791738 6.188320 3.627132
v 5.791738 6.194502 3.627132
v 5.805646 6.194502 3.627132
v 5.963834 6.188320 3.621015
v 5.944438 6.188320 3.627132
v 5.963834 6.188320 3.627132
v 5.963834 6.188320 3.621015
v 5.944438 6.188320 3.621015
v 5.944438 6.188320 3.627132
v 5.963835 6.188320 0.438302
v 5.944438 6.188320 3.621015
v 5.963834 6.188320 3.621015
v 5.805646 6.188320 3.621015
v 5.944438 6.188320 3.627132
v 5.944438 6.188320 3.621015
v 5.805646 6.188320 3.621015
v 5.805646 6.188320 3.627132
v 5.944438 6.188320 3.627132
v 5.963835 6.188320 0.438302
v 5.944438 6.188320 0.438302
v 5.944438 6.188320 3.621015
v 5.805646 6.188320 3.621015
v 5.944438 6.188320 3.621015
v 5.944438 6.188320 0.438302
v 5.963835 6.188320 0.431548
v 5.944438 6.188320 0.438302
v 5.963835 6.188320 0.438302
v 5.963835 6.188320 0.431548
v 5.944438 6.188320 0.431548
v 5.944438 6.188320 0.438302
v 5.805646 6.188320 0.431548
v 5.944438 6.188320 0.438302
v 5.944438 6.188320 0.431548
v 5.805646 6.188320 0.431548
v 5.805646 6.188320 0.438304
v 5.944438 6.188320 0.438302
v 5.805646 6.188320 3.621015
v 5.944438 6.188320 0.438302
v 5.805646 6.188320 0.438304
v 5.791737 6.188320 0.431548
v 5.805646 6.188320 0.438304
v 5.805646 6.188320 0.431548
v 5.791737 6.188320 0.431548
v 5.791737 6.188320 0.438302
v 5.805646 6.188320 0.438304
v 5.791738 6.188320 3.621015
v 5.805646 6.188320 0.438304
v 5.791737 6.188320 0.438302
v 5.791738 6.188320 3.621015
v 5.805646 6.188320 3.621015
v 5.805646 6.188320 0.438304
v 5.791738 6.188320 3.621015
v 5.805646 6.188320 3.627132
v 5.805646 6.188320 3.621015
v 5.791738 6.188320 3.621015
v 5.791738 6.188320 3.627132
v 5.805646 6.188320 3.627132
v -5.727937 6.097284 0.438287
v -5.727937 6.102661 0.431532
v -5.727937 6.097284 0.431532
v -5.727937 6.097284 0.438287
v -5.727937 6.102661 0.438287
v -5.727937 6.102661 0.431532
v -5.727937 6.097284 3.620999
v -5.727937 6.102661 0.438287
v -5.727937 6.097284 0.438287
v -5.727937 6.172180 0.431532
v -5.727937 6.102661 0.431532
v -5.727937 6.102661 0.438287
v -5.727937 6.097284 3.620999
v -5.727937 6.102661 3.620998
v -5.727937 6.102661 0.438287
v -5.727937 6.097284 3.627116
v -5.727937 6.102661 3.620998
v -5.727937 6.097284 3.620999
v -5.727937 6.097284 3.627116
v -5.727937 6.102661 3.627115
v -5.727937 6.102661 3.620998
v -5.727937 6.172180 3.627116
v -5.727937 6.102661 3.620998
v -5.727937 6.102661 3.627115
v -5.727937 6.172180 3.627116
v -5.727937 6.172180 3.620999
v -5.727937 6.102661 3.620998
v -5.727937 6.172180 3.620999
v -5.727937 6.102661 0.438287
v -5.727937 6.102661 3.620998
v -5.727937 6.177665 3.627115
v -5.727937 6.172180 3.620999
v -5.727937 6.172180 3.627116
v -5.727937 6.177665 3.627115
v -5.727937 6.177665 3.620998
v -5.727937 6.172180 3.620999
v -5.727937 6.172180 0.431532
v -5.727937 6.102661 0.438287
v -5.727937 6.172180 0.438287
v -5.727937 6.172180 3.620999
v -5.727937 6.172180 0.438287
v -5.727937 6.102661 0.438287
v -5.727937 6.177665 3.620998
v -5.727937 6.172180 0.438287
v -5.727937 6.172180 3.620999
v -5.727937 6.177665 0.431531
v -5.727937 6.172180 0.431532
v -5.727937 6.172180 0.438287
v -5.727937 6.177665 3.620998
v -5.727937 6.177665 0.438287
v -5.727937 6.172180 0.438287
v -5.727937 6.177665 0.431531
v -5.727937 6.172180 0.438287
v -5.727937 6.177665 0.438287
v -5.900034 6.102661 0.431532
v -5.900034 6.097284 0.438287
v -5.900034 6.097284 0.431532
v -5.900034 6.102661 0.431532
v -5.900034 6.102661 0.438287
v -5.900034 6.097284 0.438287
v -5.900034 6.172180 0.431532
v -5.900034 6.102661 0.438287
v -5.900034 6.102661 0.431532
v -5.900033 6.102661 3.620998
v -5.900034 6.097284 0.438287
v -5.900034 6.102661 0.438287
v -5.900033 6.102661 3.620998
v -5.900033 6.097284 3.620999
v -5.900034 6.097284 0.438287
v -5.900034 6.097284 3.627116
v -5.900033 6.097284 3.620999
v -5.900033 6.102661 3.620998
v -5.900034 6.097284 3.627116
v -5.900033 6.102661 3.620998
v -5.900034 6.102661 3.627115
v -5.900034 6.102661 3.627115
v -5.900033 6.102661 3.620998
v -5.900033 6.172180 3.621000
v -5.900033 6.172180 3.621000
v -5.900033 6.102661 3.620998
v -5.900034 6.102661 0.438287
v -5.900034 6.102661 3.627115
v -5.900033 6.172180 3.621000
v -5.900034 6.172180 3.627117
v -5.900034 6.177665 3.627117
v -5.900034 6.172180 3.627117
v -5.900033 6.172180 3.621000
v -5.900034 6.177665 3.627117
v -5.900033 6.172180 3.621000
v -5.900033 6.177665 3.621000
v -5.900034 6.172180 0.431532
v -5.900034 6.172180 0.438287
v -5.900034 6.102661 0.438287
v -5.900033 6.172180 3.621000
v -5.900034 6.102661 0.438287
v -5.900034 6.172180 0.438287
v -5.900033 6.177665 3.621000
v -5.900033 6.172180 3.621000
v -5.900034 6.172180 0.438287
v -5.900034 6.177665 0.431532
v -5.900034 6.172180 0.438287
v -5.900034 6.172180 0.431532
v -5.900033 6.177665 3.621000
v -5.900034 6.172180 0.438287
v -5.900034 6.177665 0.438287
v -5.900034 6.177665 0.431532
v -5.900034 6.177665 0.438287
v -5.900034 6.172180 0.438287
v -5.727937 6.102661 0.431532
v -5.736591 6.097284 0.431532
v -5.727937 6.097284 0.431532
v -5.727937 6.102661 0.431532
v -5.736591 6.102661 0.431532
v -5.736591 6.097284 0.431532
v -5.727937 6.172180 0.431532
v -5.736591 6.102661 0.431532
v -5.727937 6.102661 0.431532
v -5.891568 6.097284 0.431532
v -5.736591 6.097284 0.431532
v -5.736591 6.102661 0.431532
v -5.727937 6.172180 0.431532
v -5.736591 6.172180 0.431532
v -5.736591 6.102661 0.431532
v -5.727937 6.177665 0.431531
v -5.736591 6.172180 0.431532
v -5.727937 6.172180 0.431532
v -5.727937 6.177665 0.431531
v -5.736591 6.177665 0.431531
v -5.736591 6.172180 0.431532
v -5.891568 6.177665 0.431532
v -5.736591 6.172180 0.431532
v -5.736591 6.177665 0.431531
v -5.891568 6.097284 0.431532
v -5.736591 6.102661 0.431532
v -5.891568 6.102661 0.431532
v -5.891568 6.102661 0.431532
v -5.736591 6.102661 0.431532
v -5.736591 6.172180 0.431532
v -5.900034 6.097284 0.431532
v -5.891568 6.097284 0.431532
v -5.891568 6.102661 0.431532
v -5.900034 6.097284 0.431532
v -5.891568 6.102661 0.431532
v -5.900034 6.102661 0.431532
v -5.891568 6.177665 0.431532
v -5.891568 6.172180 0.431532
v -5.736591 6.172180 0.431532
v -5.891568 6.102661 0.431532
v -5.736591 6.172180 0.431532
v -5.891568 6.172180 0.431532
v -5.900034 6.102661 0.431532
v -5.891568 6.102661 0.431532
v -5.891568 6.172180 0.431532
v -5.900034 6.177665 0.431532
v -5.891568 6.172180 0.431532
v -5.891568 6.177665 0.431532
v -5.900034 6.102661 0.431532
v -5.891568 6.172180 0.431532
v -5.900034 6.172180 0.431532
v -5.900034 6.177665 0.431532
v -5.900034 6.172180 0.431532
v -5.891568 6.172180 0.431532
v -5.727937 6.177665 0.438287
v -5.736591 6.177665 0.431531
v -5.727937 6.177665 0.431531
v -5.727937 6.177665 0.438287
v -5.736591 6.177665 0.438287
v -5.736591 6.177665 0.431531
v -5.727937 6.177665 3.620998
v -5.736591 6.177665 0.438287
v -5.727937 6.177665 0.438287
v -5.891568 6.177665 0.431532
v -5.736591 6.177665 0.431531
v -5.736591 6.177665 0.438287
v -5.727937 6.177665 3.620998
v -5.736591 6.177665 3.620998
v -5.736591 6.177665 0.438287
v -5.727937 6.177665 3.627115
v -5.736591 6.177665 3.620998
v -5.727937 6.177665 3.620998
v -5.727937 6.177665 3.627115
v -5.736591 6.177665 3.627115
v -5.736591 6.177665 3.620998
v -5.891567 6.177665 3.627117
v -5.736591 6.177665 3.620998
v -5.736591 6.177665 3.627115
v -5.891567 6.177665 3.627117
v -5.891567 6.177665 3.621000
v -5.736591 6.177665 3.620998
v -5.891567 6.177665 3.621000
v -5.736591 6.177665 0.438287
v -5.736591 6.177665 3.620998
v -5.900034 6.177665 3.627117
v -5.891567 6.177665 3.621000
v -5.891567 6.177665 3.627117
v -5.900034 6.177665 3.627117
v -5.900033 6.177665 3.621000
v -5.891567 6.177665 3.621000
v -5.891568 6.177665 0.431532
v -5.736591 6.177665 0.438287
v -5.891568 6.177665 0.438287
v -5.891567 6.177665 3.621000
v -5.891568 6.177665 0.438287
v -5.736591 6.177665 0.438287
v -5.900033 6.177665 3.621000
v -5.891568 6.177665 0.438287
v -5.891567 6.177665 3.621000
v -5.900034 6.177665 0.431532
v -5.891568 6.177665 0.431532
v -5.891568 6.177665 0.438287
v -5.900033 6.177665 3.621000
v -5.900034 6.177665 0.438287
v -5.891568 6.177665 0.438287
v -5.900034 6.177665 0.431532
v -5.891568 6.177665 0.438287
v -5.900034 6.177665 0.438287
v -5.727937 6.172180 3.627116
v -5.736591 6.177665 3.627115
v -5.727937 6.177665 3.627115
v -5.727937 6.172180 3.627116
v -5.736591 6.172180 3.627116
v -5.736591 6.177665 3.627115
v -5.727937 6.102661 3.627115
v -5.736591 6.172180 3.627116
v -5.727937 6.172180 3.627116
v -5.891567 6.177665 3.627117
v -5.736591 6.177665 3.627115
v -5.736591 6.172180 3.627116
v -5.727937 6.102661 3.627115
v -5.736591 6.102661 3.627115
v -5.736591 6.172180 3.627116
v -5.727937 6.097284 3.627116
v -5.736591 6.102661 3.627115
v -5.727937 6.102661 3.627115
v -5.727937 6.097284 3.627116
v -5.736592 6.097284 3.627116
v -5.736591 6.102661 3.627115
v -5.891567 6.097284 3.627116
v -5.736591 6.102661 3.627115
v -5.736592 6.097284 3.627116
v -5.891567 6.177665 3.627117
v -5.736591 6.172180 3.627116
v -5.891567 6.172180 3.627117
v -5.891567 6.172180 3.627117
v -5.736591 6.172180 3.627116
v -5.736591 6.102661 3.627115
v -5.900034 6.177665 3.627117
v -5.891567 6.177665 3.627117
v -5.891567 6.172180 3.627117
v -5.900034 6.177665 3.627117
v -5.891567 6.172180 3.627117
v -5.900034 6.172180 3.627117
v -5.891567 6.097284 3.627116
v -5.891567 6.102661 3.627115
v -5.736591 6.102661 3.627115
v -5.891567 6.172180 3.627117
v -5.736591 6.102661 3.627115
v -5.891567 6.102661 3.627115
v -5.900034 6.172180 3.627117
v -5.891567 6.172180 3.627117
v -5.891567 6.102661 3.627115
v -5.900034 6.097284 3.627116
v -5.891567 6.102661 3.627115
v -5.891567 6.097284 3.627116
v -5.900034 6.172180 3.627117
v -5.891567 6.102661 3.627115
v -5.900034 6.102661 3.627115
v -5.900034 6.097284 3.627116
v -5.900034 6.102661 3.627115
v -5.891567 6.102661 3.627115
v -5.727937 6.097284 3.620999
v -5.736592 6.097284 3.627116
v -5.727937 6.097284 3.627116
v -5.727937 6.097284 3.620999
v -5.736591 6.097284 3.620999
v -5.736592 6.097284 3.627116
v -5.727937 6.097284 0.438287
v -5.736591 6.097284 3.620999
v -5.727937 6.097284 3.620999
v -5.891567 6.097284 3.620999
v -5.736592 6.097284 3.627116
v -5.736591 6.097284 3.620999
v -5.891567 6.097284 3.620999
v -5.891567 6.097284 3.627116
v -5.736592 6.097284 3.627116
v -5.727937 6.097284 0.438287
v -5.736591 6.097284 0.438287
v -5.736591 6.097284 3.620999
v -5.891567 6.097284 3.620999
v -5.736591 6.097284 3.620999
v -5.736591 6.097284 0.438287
v -5.727937 6.097284 0.431532
v -5.736591 6.097284 0.438287
v -5.727937 6.097284 0.438287
v -5.727937 6.097284 0.431532
v -5.736591 6.097284 0.431532
v -5.736591 6.097284 0.438287
v -5.891568 6.097284 0.431532
v -5.736591 6.097284 0.438287
v -5.736591 6.097284 0.431532
v -5.891568 6.097284 0.431532
v -5.891568 6.097284 0.438287
v -5.736591 6.097284 0.438287
v -5.891567 6.097284 3.620999
v -5.736591 6.097284 0.438287
v -5.891568 6.097284 0.438287
v -5.900034 6.097284 0.431532
v -5.891568 6.097284 0.438287
v -5.891568 6.097284 0.431532
v -5.900034 6.097284 0.431532
v -5.900034 6.097284 0.438287
v -5.891568 6.097284 0.438287
v -5.900033 6.097284 3.620999
v -5.891568 6.097284 0.438287
v -5.900034 6.097284 0.438287
v -5.900033 6.097284 3.620999
v -5.891567 6.097284 3.620999
v -5.891568 6.097284 0.438287
v -5.900033 6.097284 3.620999
v -5.891567 6.097284 3.627116
v -5.891567 6.097284 3.620999
v -5.900033 6.097284 3.620999
v -5.900034 6.097284 3.627116
v -5.891567 6.097284 3.627116
v -5.727937 6.188259 0.438287
v -5.727937 6.194441 0.431532
v -5.727937 6.188259 0.431532
v -5.727937 6.188259 0.438287
v -5.727937 6.194441 0.438285
v -5.727937 6.194441 0.431532
v -5.727937 6.188259 3.620999
v -5.727937 6.194441 0.438285
v -5.727937 6.188259 0.438287
v -5.727937 6.484366 0.431531
v -5.727937 6.194441 0.431532
v -5.727937 6.194441 0.438285
v -5.727937 6.188259 3.620999
v -5.727937 6.194441 3.620999
v -5.727937 6.194441 0.438285
v -5.727937 6.188259 3.627116
v -5.727937 6.194441 3.620999
v -5.727937 6.188259 3.620999
v -5.727937 6.188259 3.627116
v -5.727937 6.194441 3.627117
v -5.727937 6.194441 3.620999
v -5.727937 6.484366 3.627115
v -5.727937 6.194441 3.620999
v -5.727937 6.194441 3.627117
v -5.727937 6.484366 3.627115
v -5.727936 6.484366 3.620998
v -5.727937 6.194441 3.620999
v -5.727936 6.484366 3.620998
v -5.727937 6.194441 0.438285
v -5.727937 6.194441 3.620999
v -5.727937 6.491022 3.627115
v -5.727936 6.484366 3.620998
v -5.727937 6.484366 3.627115
v -5.727937 6.491022 3.627115
v -5.727936 6.491022 3.620998
v -5.727936 6.484366 3.620998
v -5.727937 6.484366 0.431531
v -5.727937 6.194441 0.438285
v -5.727937 6.484366 0.438285
v -5.727936 6.484366 3.620998
v -5.727937 6.484366 0.438285
v -5.727937 6.194441 0.438285
v -5.727936 6.491022 3.620998
v -5.727937 6.484366 0.438285
v -5.727936 6.484366 3.620998
v -5.727937 6.491022 0.431532
v -5.727937 6.484366 0.431531
v -5.727937 6.484366 0.438285
v -5.727936 6.491022 3.620998
v -5.727937 6.491022 0.438287
v -5.727937 6.484366 0.438285
v -5.727937 6.491022 0.431532
v -5.727937 6.484366 0.438285
v -5.727937 6.491022 0.438287
v -5.900034 6.194441 0.431532
v -5.900034 6.188259 0.438287
v -5.900034 6.188259 0.431532
v -5.900034 6.194441 0.431532
v -5.900034 6.194441 0.438285
v -5.900034 6.188259 0.438287
v -5.900034 6.484366 0.431534
v -5.900034 6.194441 0.438285
v -5.900034 6.194441 0.431532
v -5.900033 6.194441 3.620999
v -5.900034 6.188259 0.438287
v -5.900034 6.194441 0.438285
v -5.900033 6.194441 3.620999
v -5.900033 6.188259 3.620999
v -5.900034 6.188259 0.438287
v -5.900033 6.188259 3.627116
v -5.900033 6.188259 3.620999
v -5.900033 6.194441 3.620999
v -5.900033 6.188259 3.627116
v -5.900033 6.194441 3.620999
v -5.900033 6.194441 3.627117
v -5.900033 6.194441 3.627117
v -5.900033 6.194441 3.620999
v -5.900033 6.484366 3.621001
v -5.900033 6.484366 3.621001
v -5.900033 6.194441 3.620999
v -5.900034 6.194441 0.438285
v -5.900033 6.194441 3.627117
v -5.900033 6.484366 3.621001
v -5.900034 6.484366 3.627117
v -5.900034 6.491022 3.627117
v -5.900034 6.484366 3.627117
v -5.900033 6.484366 3.621001
v -5.900034 6.491022 3.627117
v -5.900033 6.484366 3.621001
v -5.900033 6.491022 3.621000
v -5.900034 6.484366 0.431534
v -5.900034 6.484366 0.438287
v -5.900034 6.194441 0.438285
v -5.900033 6.484366 3.621001
v -5.900034 6.194441 0.438285
v -5.900034 6.484366 0.438287
v -5.900033 6.491022 3.621000
v -5.900033 6.484366 3.621001
v -5.900034 6.484366 0.438287
v -5.900034 6.491022 0.431534
v -5.900034 6.484366 0.438287
v -5.900034 6.484366 0.431534
v -5.900033 6.491022 3.621000
v -5.900034 6.484366 0.438287
v -5.900034 6.491022 0.438288
v -5.900034 6.491022 0.431534
v -5.900034 6.491022 0.438288
v -5.900034 6.484366 0.438287
v -5.727937 6.194441 0.431532
v -5.747334 6.188259 0.431532
v -5.727937 6.188259 0.431532
v -5.727937 6.194441 0.431532
v -5.747334 6.194441 0.431532
v -5.747334 6.188259 0.431532
v -5.727937 6.484366 0.431531
v -5.747334 6.194441 0.431532
v -5.727937 6.194441 0.431532
v -5.886125 6.188259 0.431532
v -5.747334 6.188259 0.431532
v -5.747334 6.194441 0.431532
v -5.727937 6.484366 0.431531
v -5.747334 6.484366 0.431531
v -5.747334 6.194441 0.431532
v -5.727937 6.491022 0.431532
v -5.747334 6.484366 0.431531
v -5.727937 6.484366 0.431531
v -5.727937 6.491022 0.431532
v -5.747334 6.491022 0.431532
v -5.747334 6.484366 0.431531
v -5.886125 6.491022 0.431534
v -5.747334 6.484366 0.431531
v -5.747334 6.491022 0.431532
v -5.886125 6.188259 0.431532
v -5.747334 6.194441 0.431532
v -5.886125 6.194441 0.431532
v -5.886125 6.194441 0.431532
v -5.747334 6.194441 0.431532
v -5.747334 6.484366 0.431531
v -5.900034 6.188259 0.431532
v -5.886125 6.188259 0.431532
v -5.886125 6.194441 0.431532
v -5.900034 6.188259 0.431532
v -5.886125 6.194441 0.431532
v -5.900034 6.194441 0.431532
v -5.886125 6.491022 0.431534
v -5.886125 6.484366 0.431534
v -5.747334 6.484366 0.431531
v -5.886125 6.194441 0.431532
v -5.747334 6.484366 0.431531
v -5.886125 6.484366 0.431534
v -5.900034 6.194441 0.431532
v -5.886125 6.194441 0.431532
v -5.886125 6.484366 0.431534
v -5.900034 6.491022 0.431534
v -5.886125 6.484366 0.431534
v -5.886125 6.491022 0.431534
v -5.900034 6.194441 0.431532
v -5.886125 6.484366 0.431534
v -5.900034 6.484366 0.431534
v -5.900034 6.491022 0.431534
v -5.900034 6.484366 0.431534
v -5.886125 6.484366 0.431534
v -5.727937 6.491022 0.438287
v -5.747334 6.491022 0.431532
v -5.727937 6.491022 0.431532
v -5.727937 6.491022 0.438287
v -5.747334 6.491022 0.438287
v -5.747334 6.491022 0.431532
v -5.727936 6.491022 3.620998
v -5.747334 6.491022 0.438287
v -5.727937 6.491022 0.438287
v -5.886125 6.491022 0.431534
v -5.747334 6.491022 0.431532
v -5.747334 6.491022 0.438287
v -5.727936 6.491022 3.620998
v -5.747333 6.491022 3.620998
v -5.747334 6.491022 0.438287
v -5.727937 6.491022 3.627115
v -5.747333 6.491022 3.620998
v -5.727936 6.491022 3.620998
v -5.727937 6.491022 3.627115
v -5.747334 6.491022 3.627115
v -5.747333 6.491022 3.620998
v -5.886125 6.491022 3.627117
v -5.747333 6.491022 3.620998
v -5.747334 6.491022 3.627115
v -5.886125 6.491022 3.627117
v -5.886125 6.491022 3.621000
v -5.747333 6.491022 3.620998
v -5.886125 6.491022 3.621000
v -5.747334 6.491022 0.438287
v -5.747333 6.491022 3.620998
v -5.900034 6.491022 3.627117
v -5.886125 6.491022 3.621000
v -5.886125 6.491022 3.627117
v -5.900034 6.491022 3.627117
v -5.900033 6.491022 3.621000
v -5.886125 6.491022 3.621000
v -5.886125 6.491022 0.431534
v -5.747334 6.491022 0.438287
v -5.886125 6.491022 0.438288
v -5.886125 6.491022 3.621000
v -5.886125 6.491022 0.438288
v -5.747334 6.491022 0.438287
v -5.900033 6.491022 3.621000
v -5.886125 6.491022 0.438288
v -5.886125 6.491022 3.621000
v -5.900034 6.491022 0.431534
v -5.886125 6.491022 0.431534
v -5.886125 6.491022 0.438288
v -5.900033 6.491022 3.621000
v -5.900034 6.491022 0.438288
v -5.886125 6.491022 0.438288
v -5.900034 6.491022 0.431534
v -5.886125 6.491022 0.438288
v -5.900034 6.491022 0.438288
v -5.727937 6.484366 3.627115
v -5.747334 6.491022 3.627115
v -5.727937 6.491022 3.627115
v -5.727937 6.484366 3.627115
v -5.747334 6.484366 3.627115
v -5.747334 6.491022 3.627115
v -5.727937 6.194441 3.627117
v -5.747334 6.484366 3.627115
v -5.727937 6.484366 3.627115
v -5.886125 6.491022 3.627117
v -5.747334 6.491022 3.627115
v -5.747334 6.484366 3.627115
v -5.727937 6.194441 3.627117
v -5.747334 6.194441 3.627117
v -5.747334 6.484366 3.627115
v -5.727937 6.188259 3.627116
v -5.747334 6.194441 3.627117
v -5.727937 6.194441 3.627117
v -5.727937 6.188259 3.627116
v -5.747334 6.188259 3.627116
v -5.747334 6.194441 3.627117
v -5.886125 6.188259 3.627116
v -5.747334 6.194441 3.627117
v -5.747334 6.188259 3.627116
v -5.886125 6.491022 3.627117
v -5.747334 6.484366 3.627115
v -5.886125 6.484366 3.627117
v -5.886125 6.484366 3.627117
v -5.747334 6.484366 3.627115
v -5.747334 6.194441 3.627117
v -5.900034 6.491022 3.627117
v -5.886125 6.491022 3.627117
v -5.886125 6.484366 3.627117
v -5.900034 6.491022 3.627117
v -5.886125 6.484366 3.627117
v -5.900034 6.484366 3.627117
v -5.886125 6.188259 3.627116
v -5.886125 6.194441 3.627117
v -5.747334 6.194441 3.627117
v -5.886125 6.484366 3.627117
v -5.747334 6.194441 3.627117
v -5.886125 6.194441 3.627117
v -5.900034 6.484366 3.627117
v -5.886125 6.484366 3.627117
v -5.886125 6.194441 3.627117
v -5.900033 6.188259 3.627116
v -5.886125 6.194441 3.627117
v -5.886125 6.188259 3.627116
v -5.900034 6.484366 3.627117
v -5.886125 6.194441 3.627117
v -5.900033 6.194441 3.627117
v -5.900033 6.188259 3.627116
v -5.900033 6.194441 3.627117
v -5.886125 6.194441 3.627117
v -5.727937 6.188259 3.620999
v -5.747334 6.188259 3.627116
v -5.727937 6.188259 3.627116
v -5.727937 6.188259 3.620999
v -5.747333 6.188259 3.620999
v -5.747334 6.188259 3.627116
v -5.727937 6.188259 0.438287
v -5.747333 6.188259 3.620999
v -5.727937 6.188259 3.620999
v -5.886125 6.188259 3.620999
v -5.747334 6.188259 3.627116
v -5.747333 6.188259 3.620999
v -5.886125 6.188259 3.620999
v -5.886125 6.188259 3.627116
v -5.747334 6.188259 3.627116
v -5.727937 6.188259 0.438287
v -5.747334 6.188259 0.438287
v -5.747333 6.188259 3.620999
v -5.886125 6.188259 3.620999
v -5.747333 6.188259 3.620999
v -5.747334 6.188259 0.438287
v -5.727937 6.188259 0.431532
v -5.747334 6.188259 0.438287
v -5.727937 6.188259 0.438287
v -5.727937 6.188259 0.431532
v -5.747334 6.188259 0.431532
v -5.747334 6.188259 0.438287
v -5.886125 6.188259 0.431532
v -5.747334 6.188259 0.438287
v -5.747334 6.188259 0.431532
v -5.886125 6.188259 0.431532
v -5.886125 6.188259 0.438287
v -5.747334 6.188259 0.438287
v -5.886125 6.188259 3.620999
v -5.747334 6.188259 0.438287
v -5.886125 6.188259 0.438287
v -5.900034 6.188259 0.431532
v -5.886125 6.188259 0.438287
v -5.886125 6.188259 0.431532
v -5.900034 6.188259 0.431532
v -5.900034 6.188259 0.438287
v -5.886125 6.188259 0.438287
v -5.900033 6.188259 3.620999
v -5.886125 6.188259 0.438287
v -5.900034 6.188259 0.438287
v -5.900033 6.188259 3.620999
v -5.886125 6.188259 3.620999
v -5.886125 6.188259 0.438287
v -5.900033 6.188259 3.620999
v -5.886125 6.188259 3.627116
v -5.886125 6.188259 3.620999
v -5.900033 6.188259 3.620999
v -5.900033 6.188259 3.627116
v -5.886125 6.188259 3.627116
v -5.727837 6.097283 4.113217
v -5.727837 6.102661 4.106464
v -5.727837 6.097283 4.106463
v -5.727837 6.097283 4.113217
v -5.727837 6.102661 4.113218
v -5.727837 6.102661 4.106464
v -5.727836 6.097284 7.796810
v -5.727837 6.102661 4.113218
v -5.727837 6.097283 4.113217
v -5.727837 6.172180 4.106463
v -5.727837 6.102661 4.106464
v -5.727837 6.102661 4.113218
v -5.727836 6.097284 7.796810
v -5.727836 6.102661 7.796810
v -5.727837 6.102661 4.113218
v -5.727836 6.097284 7.802927
v -5.727836 6.102661 7.796810
v -5.727836 6.097284 7.796810
v -5.727836 6.097284 7.802927
v -5.727836 6.102661 7.802927
v -5.727836 6.102661 7.796810
v -5.727836 6.172180 7.802927
v -5.727836 6.102661 7.796810
v -5.727836 6.102661 7.802927
v -5.727836 6.172180 7.802927
v -5.727836 6.172180 7.796810
v -5.727836 6.102661 7.796810
v -5.727836 6.172180 7.796810
v -5.727837 6.102661 4.113218
v -5.727836 6.102661 7.796810
v -5.727836 6.177665 7.802927
v -5.727836 6.172180 7.796810
v -5.727836 6.172180 7.802927
v -5.727836 6.177665 7.802927
v -5.727836 6.177665 7.796810
v -5.727836 6.172180 7.796810
v -5.727837 6.172180 4.106463
v -5.727837 6.102661 4.113218
v -5.727837 6.172180 4.113218
v -5.727836 6.172180 7.796810
v -5.727837 6.172180 4.113218
v -5.727837 6.102661 4.113218
v -5.727836 6.177665 7.796810
v -5.727837 6.172180 4.113218
v -5.727836 6.172180 7.796810
v -5.727837 6.177665 4.106462
v -5.727837 6.172180 4.106463
v -5.727837 6.172180 4.113218
v -5.727836 6.177665 7.796810
v -5.727837 6.177665 4.113218
v -5.727837 6.172180 4.113218
v -5.727837 6.177665 4.106462
v -5.727837 6.172180 4.113218
v -5.727837 6.177665 4.113218
v -5.899934 6.102661 4.106464
v -5.899934 6.097284 4.113217
v -5.899934 6.097284 4.106463
v -5.899934 6.102661 4.106464
v -5.899934 6.102661 4.113218
v -5.899934 6.097284 4.113217
v -5.899934 6.172180 4.106464
v -5.899934 6.102661 4.113218
v -5.899934 6.102661 4.106464
v -5.899933 6.102661 7.796810
v -5.899934 6.097284 4.113217
v -5.899934 6.102661 4.113218
v -5.899933 6.102661 7.796810
v -5.899933 6.097284 7.796810
v -5.899934 6.097284 4.113217
v -5.899934 6.097284 7.802927
v -5.899933 6.097284 7.796810
v -5.899933 6.102661 7.796810
v -5.899934 6.097284 7.802927
v -5.899933 6.102661 7.796810
v -5.899934 6.102661 7.802927
v -5.899934 6.102661 7.802927
v -5.899933 6.102661 7.796810
v -5.899933 6.172180 7.796810
v -5.899933 6.172180 7.796810
v -5.899933 6.102661 7.796810
v -5.899934 6.102661 4.113218
v -5.899934 6.102661 7.802927
v -5.899933 6.172180 7.796810
v -5.899934 6.172180 7.802927
v -5.899934 6.177665 7.802928
v -5.899934 6.172180 7.802927
v -5.899933 6.172180 7.796810
v -5.899934 6.177665 7.802928
v -5.899933 6.172180 7.796810
v -5.899933 6.177665 7.796810
v -5.899934 6.172180 4.106464
v -5.899934 6.172180 4.113218
v -5.899934 6.102661 4.113218
v -5.899933 6.172180 7.796810
v -5.899934 6.102661 4.113218
v -5.899934 6.172180 4.113218
v -5.899933 6.177665 7.796810
v -5.899933 6.172180 7.796810
v -5.899934 6.172180 4.113218
v -5.899934 6.177665 4.106462
v -5.899934 6.172180 4.113218
v -5.899934 6.172180 4.106464
v -5.899933 6.177665 7.796810
v -5.899934 6.172180 4.113218
v -5.899934 6.177665 4.113218
v -5.899934 6.177665 4.106462
v -5.899934 6.177665 4.113218
v -5.899934 6.172180 4.113218
v -5.727837 6.102661 4.106464
v -5.736491 6.097283 4.106463
v -5.727837 6.097283 4.106463
v -5.727837 6.102661 4.106464
v -5.736491 6.102661 4.106464
v -5.736491 6.097283 4.106463
v -5.727837 6.172180 4.106463
v -5.736491 6.102661 4.106464
v -5.727837 6.102661 4.106464
v -5.891467 6.097284 4.106463
v -5.736491 6.097283 4.106463
v -5.736491 6.102661 4.106464
v -5.727837 6.172180 4.106463
v -5.736491 6.172180 4.106463
v -5.736491 6.102661 4.106464
v -5.727837 6.177665 4.106462
v -5.736491 6.172180 4.106463
v -5.727837 6.172180 4.106463
v -5.727837 6.177665 4.106462
v -5.736491 6.177665 4.106462
v -5.736491 6.172180 4.106463
v -5.891468 6.177665 4.106462
v -5.736491 6.172180 4.106463
v -5.736491 6.177665 4.106462
v -5.891467 6.097284 4.106463
v -5.736491 6.102661 4.106464
v -5.891468 6.102661 4.106464
v -5.891468 6.102661 4.106464
v -5.736491 6.102661 4.106464
v -5.736491 6.172180 4.106463
v -5.899934 6.097284 4.106463
v -5.891467 6.097284 4.106463
v -5.891468 6.102661 4.106464
v -5.899934 6.097284 4.106463
v -5.891468 6.102661 4.106464
v -5.899934 6.102661 4.106464
v -5.891468 6.177665 4.106462
v -5.891468 6.172180 4.106464
v -5.736491 6.172180 4.106463
v -5.891468 6.102661 4.106464
v -5.736491 6.172180 4.106463
v -5.891468 6.172180 4.106464
v -5.899934 6.102661 4.106464
v -5.891468 6.102661 4.106464
v -5.891468 6.172180 4.106464
v -5.899934 6.177665 4.106462
v -5.891468 6.172180 4.106464
v -5.891468 6.177665 4.106462
v -5.899934 6.102661 4.106464
v -5.891468 6.172180 4.106464
v -5.899934 6.172180 4.106464
v -5.899934 6.177665 4.106462
v -5.899934 6.172180 4.106464
v -5.891468 6.172180 4.106464
v -5.727837 6.177665 4.113218
v -5.736491 6.177665 4.106462
v -5.727837 6.177665 4.106462
v -5.727837 6.177665 4.113218
v -5.736491 6.177665 4.113218
v -5.736491 6.177665 4.106462
v -5.727836 6.177665 7.796810
v -5.736491 6.177665 4.113218
v -5.727837 6.177665 4.113218
v -5.891468 6.177665 4.106462
v -5.736491 6.177665 4.106462
v -5.736491 6.177665 4.113218
v -5.727836 6.177665 7.796810
v -5.736491 6.177665 7.796810
v -5.736491 6.177665 4.113218
v -5.727836 6.177665 7.802927
v -5.736491 6.177665 7.796810
v -5.727836 6.177665 7.796810
v -5.727836 6.177665 7.802927
v -5.736491 6.177665 7.802927
v -5.736491 6.177665 7.796810
v -5.891467 6.177665 7.802928
v -5.736491 6.177665 7.796810
v -5.736491 6.177665 7.802927
v -5.891467 6.177665 7.802928
v -5.891467 6.177665 7.796810
v -5.736491 6.177665 7.796810
v -5.891467 6.177665 7.796810
v -5.736491 6.177665 4.113218
v -5.736491 6.177665 7.796810
v -5.899934 6.177665 7.802928
v -5.891467 6.177665 7.796810
v -5.891467 6.177665 7.802928
v -5.899934 6.177665 7.802928
v -5.899933 6.177665 7.796810
v -5.891467 6.177665 7.796810
v -5.891468 6.177665 4.106462
v -5.736491 6.177665 4.113218
v -5.891468 6.177665 4.113218
v -5.891467 6.177665 7.796810
v -5.891468 6.177665 4.113218
v -5.736491 6.177665 4.113218
v -5.899933 6.177665 7.796810
v -5.891468 6.177665 4.113218
v -5.891467 6.177665 7.796810
v -5.899934 6.177665 4.106462
v -5.891468 6.177665 4.106462
v -5.891468 6.177665 4.113218
v -5.899933 6.177665 7.796810
v -5.899934 6.177665 4.113218
v -5.891468 6.177665 4.113218
v -5.899934 6.177665 4.106462
v -5.891468 6.177665 4.113218
v -5.899934 6.177665 4.113218
v -5.727836 6.172180 7.802927
v -5.736491 6.177665 7.802927
v -5.727836 6.177665 7.802927
v -5.727836 6.172180 7.802927
v -5.736491 6.172180 7.802927
v -5.736491 6.177665 7.802927
v -5.727836 6.102661 7.802927
v -5.736491 6.172180 7.802927
v -5.727836 6.172180 7.802927
v -5.891467 6.177665 7.802928
v -5.736491 6.177665 7.802927
v -5.736491 6.172180 7.802927
v -5.727836 6.102661 7.802927
v -5.736491 6.102661 7.802927
v -5.736491 6.172180 7.802927
v -5.727836 6.097284 7.802927
v -5.736491 6.102661 7.802927
v -5.727836 6.102661 7.802927
v -5.727836 6.097284 7.802927
v -5.736491 6.097284 7.802927
v -5.736491 6.102661 7.802927
v -5.891467 6.097284 7.802927
v -5.736491 6.102661 7.802927
v -5.736491 6.097284 7.802927
v -5.891467 6.177665 7.802928
v -5.736491 6.172180 7.802927
v -5.891467 6.172180 7.802927
v -5.891467 6.172180 7.802927
v -5.736491 6.172180 7.802927
v -5.736491 6.102661 7.802927
v -5.899934 6.177665 7.802928
v -5.891467 6.177665 7.802928
v -5.891467 6.172180 7.802927
v -5.899934 6.177665 7.802928
v -5.891467 6.172180 7.802927
v -5.899934 6.172180 7.802927
v -5.891467 6.097284 7.802927
v -5.891467 6.102661 7.802927
v -5.736491 6.102661 7.802927
v -5.891467 6.172180 7.802927
v -5.736491 6.102661 7.802927
v -5.891467 6.102661 7.802927
v -5.899934 6.172180 7.802927
v -5.891467 6.172180 7.802927
v -5.891467 6.102661 7.802927
v -5.899934 6.097284 7.802927
v -5.891467 6.102661 7.802927
v -5.891467 6.097284 7.802927
v -5.899934 6.172180 7.802927
v -5.891467 6.102661 7.802927
v -5.899934 6.102661 7.802927
v -5.899934 6.097284 7.802927
v -5.899934 6.102661 7.802927
v -5.891467 6.102661 7.802927
v -5.727836 6.097284 7.796810
v -5.736491 6.097284 7.802927
v -5.727836 6.097284 7.802927
v -5.727836 6.097284 7.796810
v -5.736491 6.097284 7.796810
v -5.736491 6.097284 7.802927
v -5.727837 6.097283 4.113217
v -5.736491 6.097284 7.796810
v -5.727836 6.097284 7.796810
v -5.891467 6.097284 7.796810
v -5.736491 6.097284 7.802927
v -5.736491 6.097284 7.796810
v -5.891467 6.097284 7.796810
v -5.891467 6.097284 7.802927
v -5.736491 6.097284 7.802927
v -5.727837 6.097283 4.113217
v -5.736491 6.097283 4.113217
v -5.736491 6.097284 7.796810
v -5.891467 6.097284 7.796810
v -5.736491 6.097284 7.796810
v -5.736491 6.097283 4.113217
v -5.727837 6.097283 4.106463
v -5.736491 6.097283 4.113217
v -5.727837 6.097283 4.113217
v -5.727837 6.097283 4.106463
v -5.736491 6.097283 4.106463
v -5.736491 6.097283 4.113217
v -5.891467 6.097284 4.106463
v -5.736491 6.097283 4.113217
v -5.736491 6.097283 4.106463
v -5.891467 6.097284 4.106463
v -5.891468 6.097284 4.113217
v -5.736491 6.097283 4.113217
v -5.891467 6.097284 7.796810
v -5.736491 6.097283 4.113217
v -5.891468 6.097284 4.113217
v -5.899934 6.097284 4.106463
v -5.891468 6.097284 4.113217
v -5.891467 6.097284 4.106463
v -5.899934 6.097284 4.106463
v -5.899934 6.097284 4.113217
v -5.891468 6.097284 4.113217
v -5.899933 6.097284 7.796810
v -5.891468 6.097284 4.113217
v -5.899934 6.097284 4.113217
v -5.899933 6.097284 7.796810
v -5.891467 6.097284 7.796810
v -5.891468 6.097284 4.113217
v -5.899933 6.097284 7.796810
v -5.891467 6.097284 7.802927
v -5.891467 6.097284 7.796810
v -5.899933 6.097284 7.796810
v -5.899934 6.097284 7.802927
v -5.891467 6.097284 7.802927
v -5.727837 6.188259 4.113217
v -5.727837 6.194441 4.106462
v -5.727837 6.188259 4.106462
v -5.727837 6.188259 4.113217
v -5.727837 6.194441 4.113218
v -5.727837 6.194441 4.106462
v -5.727836 6.188260 7.796810
v -5.727837 6.194441 4.113218
v -5.727837 6.188259 4.113217
v -5.727837 6.484366 4.106462
v -5.727837 6.194441 4.106462
v -5.727837 6.194441 4.113218
v -5.727836 6.188260 7.796810
v -5.727836 6.194442 7.796810
v -5.727837 6.194441 4.113218
v -5.727836 6.188260 7.802927
v -5.727836 6.194442 7.796810
v -5.727836 6.188260 7.796810
v -5.727836 6.188260 7.802927
v -5.727836 6.194442 7.802927
v -5.727836 6.194442 7.796810
v -5.727836 6.484366 7.802927
v -5.727836 6.194442 7.796810
v -5.727836 6.194442 7.802927
v -5.727836 6.484366 7.802927
v -5.727836 6.484366 7.796810
v -5.727836 6.194442 7.796810
v -5.727836 6.484366 7.796810
v -5.727837 6.194441 4.113218
v -5.727836 6.194442 7.796810
v -5.727836 6.491022 7.802927
v -5.727836 6.484366 7.796810
v -5.727836 6.484366 7.802927
v -5.727836 6.491022 7.802927
v -5.727836 6.491022 7.796810
v -5.727836 6.484366 7.796810
v -5.727837 6.484366 4.106462
v -5.727837 6.194441 4.113218
v -5.727837 6.484366 4.113218
v -5.727836 6.484366 7.796810
v -5.727837 6.484366 4.113218
v -5.727837 6.194441 4.113218
v -5.727836 6.491022 7.796810
v -5.727837 6.484366 4.113218
v -5.727836 6.484366 7.796810
v -5.727837 6.491022 4.106464
v -5.727837 6.484366 4.106462
v -5.727837 6.484366 4.113218
v -5.727836 6.491022 7.796810
v -5.727837 6.491022 4.113218
v -5.727837 6.484366 4.113218
v -5.727837 6.491022 4.106464
v -5.727837 6.484366 4.113218
v -5.727837 6.491022 4.113218
v -5.899934 6.194441 4.106464
v -5.899934 6.188259 4.113217
v -5.899934 6.188259 4.106463
v -5.899934 6.194441 4.106464
v -5.899934 6.194441 4.113218
v -5.899934 6.188259 4.113217
v -5.899934 6.484366 4.106464
v -5.899934 6.194441 4.113218
v -5.899934 6.194441 4.106464
v -5.899933 6.194442 7.796810
v -5.899934 6.188259 4.113217
v -5.899934 6.194441 4.113218
v -5.899933 6.194442 7.796810
v -5.899933 6.188260 7.796810
v -5.899934 6.188259 4.113217
v -5.899933 6.188260 7.802927
v -5.899933 6.188260 7.796810
v -5.899933 6.194442 7.796810
v -5.899933 6.188260 7.802927
v -5.899933 6.194442 7.796810
v -5.899933 6.194442 7.802928
v -5.899933 6.194442 7.802928
v -5.899933 6.194442 7.796810
v -5.899933 6.484366 7.796811
v -5.899933 6.484366 7.796811
v -5.899933 6.194442 7.796810
v -5.899934 6.194441 4.113218
v -5.899933 6.194442 7.802928
v -5.899933 6.484366 7.796811
v -5.899934 6.484366 7.802928
v -5.899934 6.491022 7.802928
v -5.899934 6.484366 7.802928
v -5.899933 6.484366 7.796811
v -5.899934 6.491022 7.802928
v -5.899933 6.484366 7.796811
v -5.899933 6.491022 7.796811
v -5.899934 6.484366 4.106464
v -5.899934 6.484366 4.113218
v -5.899934 6.194441 4.113218
v -5.899933 6.484366 7.796811
v -5.899934 6.194441 4.113218
v -5.899934 6.484366 4.113218
v -5.899933 6.491022 7.796811
v -5.899933 6.484366 7.796811
v -5.899934 6.484366 4.113218
v -5.899934 6.491022 4.106464
v -5.899934 6.484366 4.113218
v -5.899934 6.484366 4.106464
v -5.899933 6.491022 7.796811
v -5.899934 6.484366 4.113218
v -5.899934 6.491022 4.113219
v -5.899934 6.491022 4.106464
v -5.899934 6.491022 4.113219
v -5.899934 6.484366 4.113218
v -5.727837 6.194441 4.106462
v -5.747233 6.188259 4.106462
v -5.727837 6.188259 4.106462
v -5.727837 6.194441 4.106462
v -5.747233 6.194441 4.106462
v -5.747233 6.188259 4.106462
v -5.727837 6.484366 4.106462
v -5.747233 6.194441 4.106462
v -5.727837 6.194441 4.106462
v -5.886025 6.188259 4.106463
v -5.747233 6.188259 4.106462
v -5.747233 6.194441 4.106462
v -5.727837 6.484366 4.106462
v -5.747233 6.484366 4.106462
v -5.747233 6.194441 4.106462
v -5.727837 6.491022 4.106464
v -5.747233 6.484366 4.106462
v -5.727837 6.484366 4.106462
v -5.727837 6.491022 4.106464
v -5.747233 6.491022 4.106464
v -5.747233 6.484366 4.106462
v -5.886025 6.491022 4.106464
v -5.747233 6.484366 4.106462
v -5.747233 6.491022 4.106464
v -5.886025 6.188259 4.106463
v -5.747233 6.194441 4.106462
v -5.886025 6.194441 4.106464
v -5.886025 6.194441 4.106464
v -5.747233 6.194441 4.106462
v -5.747233 6.484366 4.106462
v -5.899934 6.188259 4.106463
v -5.886025 6.188259 4.106463
v -5.886025 6.194441 4.106464
v -5.899934 6.188259 4.106463
v -5.886025 6.194441 4.106464
v -5.899934 6.194441 4.106464
v -5.886025 6.491022 4.106464
v -5.886025 6.484366 4.106464
v -5.747233 6.484366 4.106462
v -5.886025 6.194441 4.106464
v -5.747233 6.484366 4.106462
v -5.886025 6.484366 4.106464
v -5.899934 6.194441 4.106464
v -5.886025 6.194441 4.106464
v -5.886025 6.484366 4.106464
v -5.899934 6.491022 4.106464
v -5.886025 6.484366 4.106464
v -5.886025 6.491022 4.106464
v -5.899934 6.194441 4.106464
v -5.886025 6.484366 4.106464
v -5.899934 6.484366 4.106464
v -5.899934 6.491022 4.106464
v -5.899934 6.484366 4.106464
v -5.886025 6.484366 4.106464
v -5.727837 6.491022 4.113218
v -5.747233 6.491022 4.106464
v -5.727837 6.491022 4.106464
v -5.727837 6.491022 4.113218
v -5.747233 6.491022 4.113218
v -5.747233 6.491022 4.106464
v -5.727836 6.491022 7.796810
v -5.747233 6.491022 4.113218
v -5.727837 6.491022 4.113218
v -5.886025 6.491022 4.106464
v -5.747233 6.491022 4.106464
v -5.747233 6.491022 4.113218
v -5.727836 6.491022 7.796810
v -5.747233 6.491022 7.796810
v -5.747233 6.491022 4.113218
v -5.727836 6.491022 7.802927
v -5.747233 6.491022 7.796810
v -5.727836 6.491022 7.796810
v -5.727836 6.491022 7.802927
v -5.747233 6.491022 7.802927
v -5.747233 6.491022 7.796810
v -5.886025 6.491022 7.802928
v -5.747233 6.491022 7.796810
v -5.747233 6.491022 7.802927
v -5.886025 6.491022 7.802928
v -5.886024 6.491022 7.796811
v -5.747233 6.491022 7.796810
v -5.886024 6.491022 7.796811
v -5.747233 6.491022 4.113218
v -5.747233 6.491022 7.796810
v -5.899934 6.491022 7.802928
v -5.886024 6.491022 7.796811
v -5.886025 6.491022 7.802928
v -5.899934 6.491022 7.802928
v -5.899933 6.491022 7.796811
v -5.886024 6.491022 7.796811
v -5.886025 6.491022 4.106464
v -5.747233 6.491022 4.113218
v -5.886025 6.491022 4.113218
v -5.886024 6.491022 7.796811
v -5.886025 6.491022 4.113218
v -5.747233 6.491022 4.113218
v -5.899933 6.491022 7.796811
v -5.886025 6.491022 4.113218
v -5.886024 6.491022 7.796811
v -5.899934 6.491022 4.106464
v -5.886025 6.491022 4.106464
v -5.886025 6.491022 4.113218
v -5.899933 6.491022 7.796811
v -5.899934 6.491022 4.113219
v -5.886025 6.491022 4.113218
v -5.899934 6.491022 4.106464
v -5.886025 6.491022 4.113218
v -5.899934 6.491022 4.113219
v -5.727836 6.484366 7.802927
v -5.747233 6.491022 7.802927
v -5.727836 6.491022 7.802927
v -5.727836 6.484366 7.802927
v -5.747233 6.484366 7.802927
v -5.747233 6.491022 7.802927
v -5.727836 6.194442 7.802927
v -5.747233 6.484366 7.802927
v -5.727836 6.484366 7.802927
v -5.886025 6.491022 7.802928
v -5.747233 6.491022 7.802927
v -5.747233 6.484366 7.802927
v -5.727836 6.194442 7.802927
v -5.747233 6.194442 7.802927
v -5.747233 6.484366 7.802927
v -5.727836 6.188260 7.802927
v -5.747233 6.194442 7.802927
v -5.727836 6.194442 7.802927
v -5.727836 6.188260 7.802927
v -5.747233 6.188260 7.802927
v -5.747233 6.194442 7.802927
v -5.886025 6.188260 7.802927
v -5.747233 6.194442 7.802927
v -5.747233 6.188260 7.802927
v -5.886025 6.491022 7.802928
v -5.747233 6.484366 7.802927
v -5.886025 6.484366 7.802928
v -5.886025 6.484366 7.802928
v -5.747233 6.484366 7.802927
v -5.747233 6.194442 7.802927
v -5.899934 6.491022 7.802928
v -5.886025 6.491022 7.802928
v -5.886025 6.484366 7.802928
v -5.899934 6.491022 7.802928
v -5.886025 6.484366 7.802928
v -5.899934 6.484366 7.802928
v -5.886025 6.188260 7.802927
v -5.886025 6.194442 7.802928
v -5.747233 6.194442 7.802927
v -5.886025 6.484366 7.802928
v -5.747233 6.194442 7.802927
v -5.886025 6.194442 7.802928
v -5.899934 6.484366 7.802928
v -5.886025 6.484366 7.802928
v -5.886025 6.194442 7.802928
v -5.899933 6.188260 7.802927
v -5.886025 6.194442 7.802928
v -5.886025 6.188260 7.802927
v -5.899934 6.484366 7.802928
v -5.886025 6.194442 7.802928
v -5.899933 6.194442 7.802928
v -5.899933 6.188260 7.802927
v -5.899933 6.194442 7.802928
v -5.886025 6.194442 7.802928
v -5.727836 6.188260 7.796810
v -5.747233 6.188260 7.802927
v -5.727836 6.188260 7.802927
v -5.727836 6.188260 7.796810
v -5.747233 6.188260 7.796810
v -5.747233 6.188260 7.802927
v -5.727837 6.188259 4.113217
v -5.747233 6.188260 7.796810
v -5.727836 6.188260 7.796810
v -5.886025 6.188260 7.796810
v -5.747233 6.188260 7.802927
v -5.747233 6.188260 7.796810
v -5.886025 6.188260 7.796810
v -5.886025 6.188260 7.802927
v -5.747233 6.188260 7.802927
v -5.727837 6.188259 4.113217
v -5.747233 6.188259 4.113217
v -5.747233 6.188260 7.796810
v -5.886025 6.188260 7.796810
v -5.747233 6.188260 7.796810
v -5.747233 6.188259 4.113217
v -5.727837 6.188259 4.106462
v -5.747233 6.188259 4.113217
v -5.727837 6.188259 4.113217
v -5.727837 6.188259 4.106462
v -5.747233 6.188259 4.106462
v -5.747233 6.188259 4.113217
v -5.886025 6.188259 4.106463
v -5.747233 6.188259 4.113217
v -5.747233 6.188259 4.106462
v -5.886025 6.188259 4.106463
v -5.886025 6.188259 4.113217
v -5.747233 6.188259 4.113217
v -5.886025 6.188260 7.796810
v -5.747233 6.188259 4.113217
v -5.886025 6.188259 4.113217
v -5.899934 6.188259 4.106463
v -5.886025 6.188259 4.113217
v -5.886025 6.188259 4.106463
v -5.899934 6.188259 4.106463
v -5.899934 6.188259 4.113217
v -5.886025 6.188259 4.113217
v -5.899933 6.188260 7.796810
v -5.886025 6.188259 4.113217
v -5.899934 6.188259 4.113217
v -5.899933 6.188260 7.796810
v -5.886025 6.188260 7.796810
v -5.886025 6.188259 4.113217
v -5.899933 6.188260 7.796810
v -5.886025 6.188260 7.802927
v -5.886025 6.188260 7.796810
v -5.899933 6.188260 7.796810
v -5.899933 6.188260 7.802927
v -5.886025 6.188260 7.802927
v -1.801713 6.097345 4.088240
v -1.801713 6.102722 4.081485
v -1.801713 6.097345 4.081484
v -1.801713 6.097345 4.088240
v -1.801713 6.102722 4.088240
v -1.801713 6.102722 4.081485
v -1.801712 6.097345 7.796811
v -1.801713 6.102722 4.088240
v -1.801713 6.097345 4.088240
v -1.801713 6.172241 4.081484
v -1.801713 6.102722 4.081485
v -1.801713 6.102722 4.088240
v -1.801712 6.097345 7.796811
v -1.801712 6.102723 7.796811
v -1.801713 6.102722 4.088240
v -1.801713 6.097345 7.802928
v -1.801712 6.102723 7.796811
v -1.801712 6.097345 7.796811
v -1.801713 6.097345 7.802928
v -1.801713 6.102723 7.802927
v -1.801712 6.102723 7.796811
v -1.801713 6.172242 7.802927
v -1.801712 6.102723 7.796811
v -1.801713 6.102723 7.802927
v -1.801713 6.172242 7.802927
v -1.801712 6.172242 7.796810
v -1.801712 6.102723 7.796811
v -1.801712 6.172242 7.796810
v -1.801713 6.102722 4.088240
v -1.801712 6.102723 7.796811
v -1.801713 6.177726 7.802927
v -1.801712 6.172242 7.796810
v -1.801713 6.172242 7.802927
v -1.801713 6.177726 7.802927
v -1.801712 6.177726 7.796811
v -1.801712 6.172242 7.796810
v -1.801713 6.172241 4.081484
v -1.801713 6.102722 4.088240
v -1.801713 6.172241 4.088240
v -1.801712 6.172242 7.796810
v -1.801713 6.172241 4.088240
v -1.801713 6.102722 4.088240
v -1.801712 6.177726 7.796811
v -1.801713 6.172241 4.088240
v -1.801712 6.172242 7.796810
v -1.801713 6.177726 4.081484
v -1.801713 6.172241 4.081484
v -1.801713 6.172241 4.088240
v -1.801712 6.177726 7.796811
v -1.801713 6.177726 4.088239
v -1.801713 6.172241 4.088240
v -1.801713 6.177726 4.081484
v -1.801713 6.172241 4.088240
v -1.801713 6.177726 4.088239
v -1.973810 6.102723 4.081485
v -1.973810 6.097345 4.088240
v -1.973810 6.097345 4.081484
v -1.973810 6.102723 4.081485
v -1.973810 6.102723 4.088240
v -1.973810 6.097345 4.088240
v -1.973810 6.172242 4.081486
v -1.973810 6.102723 4.088240
v -1.973810 6.102723 4.081485
v -1.973810 6.102723 7.796811
v -1.973810 6.097345 4.088240
v -1.973810 6.102723 4.088240
v -1.973810 6.102723 7.796811
v -1.973810 6.097345 7.796811
v -1.973810 6.097345 4.088240
v -1.973810 6.097345 7.802928
v -1.973810 6.097345 7.796811
v -1.973810 6.102723 7.796811
v -1.973810 6.097345 7.802928
v -1.973810 6.102723 7.796811
v -1.973810 6.102723 7.802928
v -1.973810 6.102723 7.802928
v -1.973810 6.102723 7.796811
v -1.973809 6.172242 7.796811
v -1.973809 6.172242 7.796811
v -1.973810 6.102723 7.796811
v -1.973810 6.102723 4.088240
v -1.973810 6.102723 7.802928
v -1.973809 6.172242 7.796811
v -1.973810 6.172242 7.802928
v -1.973810 6.177726 7.802928
v -1.973810 6.172242 7.802928
v -1.973809 6.172242 7.796811
v -1.973810 6.177726 7.802928
v -1.973809 6.172242 7.796811
v -1.973809 6.177726 7.796811
v -1.973810 6.172242 4.081486
v -1.973810 6.172242 4.088241
v -1.973810 6.102723 4.088240
v -1.973809 6.172242 7.796811
v -1.973810 6.102723 4.088240
v -1.973810 6.172242 4.088241
v -1.973809 6.177726 7.796811
v -1.973809 6.172242 7.796811
v -1.973810 6.172242 4.088241
v -1.973810 6.177726 4.081485
v -1.973810 6.172242 4.088241
v -1.973810 6.172242 4.081486
v -1.973809 6.177726 7.796811
v -1.973810 6.172242 4.088241
v -1.973810 6.177726 4.088239
v -1.973810 6.177726 4.081485
v -1.973810 6.177726 4.088239
v -1.973810 6.172242 4.088241
v -1.801713 6.102722 4.081485
v -1.810367 6.097345 4.081484
v -1.801713 6.097345 4.081484
v -1.801713 6.102722 4.081485
v -1.810367 6.102722 4.081485
v -1.810367 6.097345 4.081484
v -1.801713 6.172241 4.081484
v -1.810367 6.102722 4.081485
v -1.801713 6.102722 4.081485
v -1.965344 6.097345 4.081484
v -1.810367 6.097345 4.081484
v -1.810367 6.102722 4.081485
v -1.801713 6.172241 4.081484
v -1.810367 6.172241 4.081484
v -1.810367 6.102722 4.081485
v -1.801713 6.177726 4.081484
v -1.810367 6.172241 4.081484
v -1.801713 6.172241 4.081484
v -1.801713 6.177726 4.081484
v -1.810367 6.177726 4.081484
v -1.810367 6.172241 4.081484
v -1.965344 6.177726 4.081485
v -1.810367 6.172241 4.081484
v -1.810367 6.177726 4.081484
v -1.965344 6.097345 4.081484
v -1.810367 6.102722 4.081485
v -1.965344 6.102723 4.081485
v -1.965344 6.102723 4.081485
v -1.810367 6.102722 4.081485
v -1.810367 6.172241 4.081484
v -1.973810 6.097345 4.081484
v -1.965344 6.097345 4.081484
v -1.965344 6.102723 4.081485
v -1.973810 6.097345 4.081484
v -1.965344 6.102723 4.081485
v -1.973810 6.102723 4.081485
v -1.965344 6.177726 4.081485
v -1.965344 6.172242 4.081486
v -1.810367 6.172241 4.081484
v -1.965344 6.102723 4.081485
v -1.810367 6.172241 4.081484
v -1.965344 6.172242 4.081486
v -1.973810 6.102723 4.081485
v -1.965344 6.102723 4.081485
v -1.965344 6.172242 4.081486
v -1.973810 6.177726 4.081485
v -1.965344 6.172242 4.081486
v -1.965344 6.177726 4.081485
v -1.973810 6.102723 4.081485
v -1.965344 6.172242 4.081486
v -1.973810 6.172242 4.081486
v -1.973810 6.177726 4.081485
v -1.973810 6.172242 4.081486
v -1.965344 6.172242 4.081486
v -1.801713 6.177726 4.088239
v -1.810367 6.177726 4.081484
v -1.801713 6.177726 4.081484
v -1.801713 6.177726 4.088239
v -1.810368 6.177726 4.088239
v -1.810367 6.177726 4.081484
v -1.801712 6.177726 7.796811
v -1.810368 6.177726 4.088239
v -1.801713 6.177726 4.088239
v -1.965344 6.177726 4.081485
v -1.810367 6.177726 4.081484
v -1.810368 6.177726 4.088239
v -1.801712 6.177726 7.796811
v -1.810367 6.177726 7.796811
v -1.810368 6.177726 4.088239
v -1.801713 6.177726 7.802927
v -1.810367 6.177726 7.796811
v -1.801712 6.177726 7.796811
v -1.801713 6.177726 7.802927
v -1.810367 6.177726 7.802927
v -1.810367 6.177726 7.796811
v -1.965343 6.177726 7.802928
v -1.810367 6.177726 7.796811
v -1.810367 6.177726 7.802927
v -1.965343 6.177726 7.802928
v -1.965343 6.177726 7.796811
v -1.810367 6.177726 7.796811
v -1.965343 6.177726 7.796811
v -1.810368 6.177726 4.088239
v -1.810367 6.177726 7.796811
v -1.973810 6.177726 7.802928
v -1.965343 6.177726 7.796811
v -1.965343 6.177726 7.802928
v -1.973810 6.177726 7.802928
v -1.973809 6.177726 7.796811
v -1.965343 6.177726 7.796811
v -1.965344 6.177726 4.081485
v -1.810368 6.177726 4.088239
v -1.965344 6.177726 4.088239
v -1.965343 6.177726 7.796811
v -1.965344 6.177726 4.088239
v -1.810368 6.177726 4.088239
v -1.973809 6.177726 7.796811
v -1.965344 6.177726 4.088239
v -1.965343 6.177726 7.796811
v -1.973810 6.177726 4.081485
v -1.965344 6.177726 4.081485
v -1.965344 6.177726 4.088239
v -1.973809 6.177726 7.796811
v -1.973810 6.177726 4.088239
v -1.965344 6.177726 4.088239
v -1.973810 6.177726 4.081485
v -1.965344 6.177726 4.088239
v -1.973810 6.177726 4.088239
v -1.801713 6.172242 7.802927
v -1.810367 6.177726 7.802927
v -1.801713 6.177726 7.802927
v -1.801713 6.172242 7.802927
v -1.810367 6.172242 7.802927
v -1.810367 6.177726 7.802927
v -1.801713 6.102723 7.802927
v -1.810367 6.172242 7.802927
v -1.801713 6.172242 7.802927
v -1.965343 6.177726 7.802928
v -1.810367 6.177726 7.802927
v -1.810367 6.172242 7.802927
v -1.801713 6.102723 7.802927
v -1.810367 6.102723 7.802927
v -1.810367 6.172242 7.802927
v -1.801713 6.097345 7.802928
v -1.810367 6.102723 7.802927
v -1.801713 6.102723 7.802927
v -1.801713 6.097345 7.802928
v -1.810367 6.097345 7.802928
v -1.810367 6.102723 7.802927
v -1.965343 6.097345 7.802928
v -1.810367 6.102723 7.802927
v -1.810367 6.097345 7.802928
v -1.965343 6.177726 7.802928
v -1.810367 6.172242 7.802927
v -1.965343 6.172242 7.802928
v -1.965343 6.172242 7.802928
v -1.810367 6.172242 7.802927
v -1.810367 6.102723 7.802927
v -1.973810 6.177726 7.802928
v -1.965343 6.177726 7.802928
v -1.965343 6.172242 7.802928
v -1.973810 6.177726 7.802928
v -1.965343 6.172242 7.802928
v -1.973810 6.172242 7.802928
v -1.965343 6.097345 7.802928
v -1.965343 6.102723 7.802928
v -1.810367 6.102723 7.802927
v -1.965343 6.172242 7.802928
v -1.810367 6.102723 7.802927
v -1.965343 6.102723 7.802928
v -1.973810 6.172242 7.802928
v -1.965343 6.172242 7.802928
v -1.965343 6.102723 7.802928
v -1.973810 6.097345 7.802928
v -1.965343 6.102723 7.802928
v -1.965343 6.097345 7.802928
v -1.973810 6.172242 7.802928
v -1.965343 6.102723 7.802928
v -1.973810 6.102723 7.802928
v -1.973810 6.097345 7.802928
v -1.973810 6.102723 7.802928
v -1.965343 6.102723 7.802928
v -1.801712 6.097345 7.796811
v -1.810367 6.097345 7.802928
v -1.801713 6.097345 7.802928
v -1.801712 6.097345 7.796811
v -1.810367 6.097345 7.796811
v -1.810367 6.097345 7.802928
v -1.801713 6.097345 4.088240
v -1.810367 6.097345 7.796811
v -1.801712 6.097345 7.796811
v -1.965343 6.097345 7.796811
v -1.810367 6.097345 7.802928
v -1.810367 6.097345 7.796811
v -1.965343 6.097345 7.796811
v -1.965343 6.097345 7.802928
v -1.810367 6.097345 7.802928
v -1.801713 6.097345 4.088240
v -1.810368 6.097345 4.088240
v -1.810367 6.097345 7.796811
v -1.965343 6.097345 7.796811
v -1.810367 6.097345 7.796811
v -1.810368 6.097345 4.088240
v -1.801713 6.097345 4.081484
v -1.810368 6.097345 4.088240
v -1.801713 6.097345 4.088240
v -1.801713 6.097345 4.081484
v -1.810367 6.097345 4.081484
v -1.810368 6.097345 4.088240
v -1.965344 6.097345 4.081484
v -1.810368 6.097345 4.088240
v -1.810367 6.097345 4.081484
v -1.965344 6.097345 4.081484
v -1.965344 6.097345 4.088240
v -1.810368 6.097345 4.088240
v -1.965343 6.097345 7.796811
v -1.810368 6.097345 4.088240
v -1.965344 6.097345 4.088240
v -1.973810 6.097345 4.081484
v -1.965344 6.097345 4.088240
v -1.965344 6.097345 4.081484
v -1.973810 6.097345 4.081484
v -1.973810 6.097345 4.088240
v -1.965344 6.097345 4.088240
v -1.973810 6.097345 7.796811
v -1.965344 6.097345 4.088240
v -1.973810 6.097345 4.088240
v -1.973810 6.097345 7.796811
v -1.965343 6.097345 7.796811
v -1.965344 6.097345 4.088240
v -1.973810 6.097345 7.796811
v -1.965343 6.097345 7.802928
v -1.965343 6.097345 7.796811
v -1.973810 6.097345 7.796811
v -1.973810 6.097345 7.802928
v -1.965343 6.097345 7.802928
v -1.801713 6.188320 4.088239
v -1.801713 6.194502 4.081485
v -1.801713 6.188320 4.081485
v -1.801713 6.188320 4.088239
v -1.801713 6.194502 4.088239
v -1.801713 6.194502 4.081485
v -1.801712 6.188321 7.796811
v -1.801713 6.194502 4.088239
v -1.801713 6.188320 4.088239
v -1.801713 6.484427 4.081484
v -1.801713 6.194502 4.081485
v -1.801713 6.194502 4.088239
v -1.801712 6.188321 7.796811
v -1.801712 6.194503 7.796811
v -1.801713 6.194502 4.088239
v -1.801713 6.188321 7.802928
v -1.801712 6.194503 7.796811
v -1.801712 6.188321 7.796811
v -1.801713 6.188321 7.802928
v -1.801713 6.194503 7.802927
v -1.801712 6.194503 7.796811
v -1.801713 6.484428 7.802927
v -1.801712 6.194503 7.796811
v -1.801713 6.194503 7.802927
v -1.801713 6.484428 7.802927
v -1.801712 6.484428 7.796811
v -1.801712 6.194503 7.796811
v -1.801712 6.484428 7.796811
v -1.801713 6.194502 4.088239
v -1.801712 6.194503 7.796811
v -1.801713 6.491084 7.802927
v -1.801712 6.484428 7.796811
v -1.801713 6.484428 7.802927
v -1.801713 6.491084 7.802927
v -1.801712 6.491084 7.796811
v -1.801712 6.484428 7.796811
v -1.801713 6.484427 4.081484
v -1.801713 6.194502 4.088239
v -1.801713 6.484427 4.088239
v -1.801712 6.484428 7.796811
v -1.801713 6.484427 4.088239
v -1.801713 6.194502 4.088239
v -1.801712 6.491084 7.796811
v -1.801713 6.484427 4.088239
v -1.801712 6.484428 7.796811
v -1.801713 6.491083 4.081485
v -1.801713 6.484427 4.081484
v -1.801713 6.484427 4.088239
v -1.801712 6.491084 7.796811
v -1.801713 6.491083 4.088240
v -1.801713 6.484427 4.088239
v -1.801713 6.491083 4.081485
v -1.801713 6.484427 4.088239
v -1.801713 6.491083 4.088240
v -1.973810 6.194503 4.081485
v -1.973810 6.188321 4.088239
v -1.973810 6.188321 4.081485
v -1.973810 6.194503 4.081485
v -1.973810 6.194503 4.088240
v -1.973810 6.188321 4.088239
v -1.973810 6.484427 4.081485
v -1.973810 6.194503 4.088240
v -1.973810 6.194503 4.081485
v -1.973810 6.194503 7.796811
v -1.973810 6.188321 4.088239
v -1.973810 6.194503 4.088240
v -1.973810 6.194503 7.796811
v -1.973810 6.188321 7.796811
v -1.973810 6.188321 4.088239
v -1.973810 6.188321 7.802928
v -1.973810 6.188321 7.796811
v -1.973810 6.194503 7.796811
v -1.973810 6.188321 7.802928
v -1.973810 6.194503 7.796811
v -1.973810 6.194503 7.802928
v -1.973810 6.194503 7.802928
v -1.973810 6.194503 7.796811
v -1.973809 6.484428 7.796812
v -1.973809 6.484428 7.796812
v -1.973810 6.194503 7.796811
v -1.973810 6.194503 4.088240
v -1.973810 6.194503 7.802928
v -1.973809 6.484428 7.796812
v -1.973810 6.484428 7.802929
v -1.973810 6.491084 7.802928
v -1.973810 6.484428 7.802929
v -1.973809 6.484428 7.796812
v -1.973810 6.491084 7.802928
v -1.973809 6.484428 7.796812
v -1.973809 6.491084 7.796811
v -1.973810 6.484427 4.081485
v -1.973810 6.484428 4.088242
v -1.973810 6.194503 4.088240
v -1.973809 6.484428 7.796812
v -1.973810 6.194503 4.088240
v -1.973810 6.484428 4.088242
v -1.973809 6.491084 7.796811
v -1.973809 6.484428 7.796812
v -1.973810 6.484428 4.088242
v -1.973810 6.491084 4.081486
v -1.973810 6.484428 4.088242
v -1.973810 6.484427 4.081485
v -1.973809 6.491084 7.796811
v -1.973810 6.484428 4.088242
v -1.973810 6.491084 4.088242
v -1.973810 6.491084 4.081486
v -1.973810 6.491084 4.088242
v -1.973810 6.484428 4.088242
v -1.801713 6.194502 4.081485
v -1.821110 6.188320 4.081485
v -1.801713 6.188320 4.081485
v -1.801713 6.194502 4.081485
v -1.821110 6.194502 4.081485
v -1.821110 6.188320 4.081485
v -1.801713 6.484427 4.081484
v -1.821110 6.194502 4.081485
v -1.801713 6.194502 4.081485
v -1.959901 6.188321 4.081485
v -1.821110 6.188320 4.081485
v -1.821110 6.194502 4.081485
v -1.801713 6.484427 4.081484
v -1.821109 6.484427 4.081484
v -1.821110 6.194502 4.081485
v -1.801713 6.491083 4.081485
v -1.821109 6.484427 4.081484
v -1.801713 6.484427 4.081484
v -1.801713 6.491083 4.081485
v -1.821109 6.491083 4.081485
v -1.821109 6.484427 4.081484
v -1.959901 6.491084 4.081486
v -1.821109 6.484427 4.081484
v -1.821109 6.491083 4.081485
v -1.959901 6.188321 4.081485
v -1.821110 6.194502 4.081485
v -1.959901 6.194503 4.081485
v -1.959901 6.194503 4.081485
v -1.821110 6.194502 4.081485
v -1.821109 6.484427 4.081484
v -1.973810 6.188321 4.081485
v -1.959901 6.188321 4.081485
v -1.959901 6.194503 4.081485
v -1.973810 6.188321 4.081485
v -1.959901 6.194503 4.081485
v -1.973810 6.194503 4.081485
v -1.959901 6.491084 4.081486
v -1.959901 6.484427 4.081485
v -1.821109 6.484427 4.081484
v -1.959901 6.194503 4.081485
v -1.821109 6.484427 4.081484
v -1.959901 6.484427 4.081485
v -1.973810 6.194503 4.081485
v -1.959901 6.194503 4.081485
v -1.959901 6.484427 4.081485
v -1.973810 6.491084 4.081486
v -1.959901 6.484427 4.081485
v -1.959901 6.491084 4.081486
v -1.973810 6.194503 4.081485
v -1.959901 6.484427 4.081485
v -1.973810 6.484427 4.081485
v -1.973810 6.491084 4.081486
v -1.973810 6.484427 4.081485
v -1.959901 6.484427 4.081485
v -1.801713 6.491083 4.088240
v -1.821109 6.491083 4.081485
v -1.801713 6.491083 4.081485
v -1.801713 6.491083 4.088240
v -1.821110 6.491083 4.088240
v -1.821109 6.491083 4.081485
v -1.801712 6.491084 7.796811
v -1.821110 6.491083 4.088240
v -1.801713 6.491083 4.088240
v -1.959901 6.491084 4.081486
v -1.821109 6.491083 4.081485
v -1.821110 6.491083 4.088240
v -1.801712 6.491084 7.796811
v -1.821109 6.491084 7.796811
v -1.821110 6.491083 4.088240
v -1.801713 6.491084 7.802927
v -1.821109 6.491084 7.796811
v -1.801712 6.491084 7.796811
v -1.801713 6.491084 7.802927
v -1.821109 6.491084 7.802927
v -1.821109 6.491084 7.796811
v -1.959901 6.491084 7.802928
v -1.821109 6.491084 7.796811
v -1.821109 6.491084 7.802927
v -1.959901 6.491084 7.802928
v -1.959901 6.491084 7.796811
v -1.821109 6.491084 7.796811
v -1.959901 6.491084 7.796811
v -1.821110 6.491083 4.088240
v -1.821109 6.491084 7.796811
v -1.973810 6.491084 7.802928
v -1.959901 6.491084 7.796811
v -1.959901 6.491084 7.802928
v -1.973810 6.491084 7.802928
v -1.973809 6.491084 7.796811
v -1.959901 6.491084 7.796811
v -1.959901 6.491084 4.081486
v -1.821110 6.491083 4.088240
v -1.959901 6.491084 4.088242
v -1.959901 6.491084 7.796811
v -1.959901 6.491084 4.088242
v -1.821110 6.491083 4.088240
v -1.973809 6.491084 7.796811
v -1.959901 6.491084 4.088242
v -1.959901 6.491084 7.796811
v -1.973810 6.491084 4.081486
v -1.959901 6.491084 4.081486
v -1.959901 6.491084 4.088242
v -1.973809 6.491084 7.796811
v -1.973810 6.491084 4.088242
v -1.959901 6.491084 4.088242
v -1.973810 6.491084 4.081486
v -1.959901 6.491084 4.088242
v -1.973810 6.491084 4.088242
v -1.801713 6.484428 7.802927
v -1.821109 6.491084 7.802927
v -1.801713 6.491084 7.802927
v -1.801713 6.484428 7.802927
v -1.821109 6.484428 7.802927
v -1.821109 6.491084 7.802927
v -1.801713 6.194503 7.802927
v -1.821109 6.484428 7.802927
v -1.801713 6.484428 7.802927
v -1.959901 6.491084 7.802928
v -1.821109 6.491084 7.802927
v -1.821109 6.484428 7.802927
v -1.801713 6.194503 7.802927
v -1.821109 6.194503 7.802927
v -1.821109 6.484428 7.802927
v -1.801713 6.188321 7.802928
v -1.821109 6.194503 7.802927
v -1.801713 6.194503 7.802927
v -1.801713 6.188321 7.802928
v -1.821109 6.188321 7.802928
v -1.821109 6.194503 7.802927
v -1.959901 6.188321 7.802928
v -1.821109 6.194503 7.802927
v -1.821109 6.188321 7.802928
v -1.959901 6.491084 7.802928
v -1.821109 6.484428 7.802927
v -1.959901 6.484427 7.802929
v -1.959901 6.484427 7.802929
v -1.821109 6.484428 7.802927
v -1.821109 6.194503 7.802927
v -1.973810 6.491084 7.802928
v -1.959901 6.491084 7.802928
v -1.959901 6.484427 7.802929
v -1.973810 6.491084 7.802928
v -1.959901 6.484427 7.802929
v -1.973810 6.484428 7.802929
v -1.959901 6.188321 7.802928
v -1.959901 6.194503 7.802928
v -1.821109 6.194503 7.802927
v -1.959901 6.484427 7.802929
v -1.821109 6.194503 7.802927
v -1.959901 6.194503 7.802928
v -1.973810 6.484428 7.802929
v -1.959901 6.484427 7.802929
v -1.959901 6.194503 7.802928
v -1.973810 6.188321 7.802928
v -1.959901 6.194503 7.802928
v -1.959901 6.188321 7.802928
v -1.973810 6.484428 7.802929
v -1.959901 6.194503 7.802928
v -1.973810 6.194503 7.802928
v -1.973810 6.188321 7.802928
v -1.973810 6.194503 7.802928
v -1.959901 6.194503 7.802928
v -1.801712 6.188321 7.796811
v -1.821109 6.188321 7.802928
v -1.801713 6.188321 7.802928
v -1.801712 6.188321 7.796811
v -1.821109 6.188321 7.796811
v -1.821109 6.188321 7.802928
v -1.801713 6.188320 4.088239
v -1.821109 6.188321 7.796811
v -1.801712 6.188321 7.796811
v -1.959901 6.188321 7.796811
v -1.821109 6.188321 7.802928
v -1.821109 6.188321 7.796811
v -1.959901 6.188321 7.796811
v -1.959901 6.188321 7.802928
v -1.821109 6.188321 7.802928
v -1.801713 6.188320 4.088239
v -1.821110 6.188320 4.088239
v -1.821109 6.188321 7.796811
v -1.959901 6.188321 7.796811
v -1.821109 6.188321 7.796811
v -1.821110 6.188320 4.088239
v -1.801713 6.188320 4.081485
v -1.821110 6.188320 4.088239
v -1.801713 6.188320 4.088239
v -1.801713 6.188320 4.081485
v -1.821110 6.188320 4.081485
v -1.821110 6.188320 4.088239
v -1.959901 6.188321 4.081485
v -1.821110 6.188320 4.088239
v -1.821110 6.188320 4.081485
v -1.959901 6.188321 4.081485
v -1.959901 6.188321 4.088240
v -1.821110 6.188320 4.088239
v -1.959901 6.188321 7.796811
v -1.821110 6.188320 4.088239
v -1.959901 6.188321 4.088240
v -1.973810 6.188321 4.081485
v -1.959901 6.188321 4.088240
v -1.959901 6.188321 4.081485
v -1.973810 6.188321 4.081485
v -1.973810 6.188321 4.088239
v -1.959901 6.188321 4.088240
v -1.973810 6.188321 7.796811
v -1.959901 6.188321 4.088240
v -1.973810 6.188321 4.088239
v -1.973810 6.188321 7.796811
v -1.959901 6.188321 7.796811
v -1.959901 6.188321 4.088240
v -1.973810 6.188321 7.796811
v -1.959901 6.188321 7.802928
v -1.959901 6.188321 7.796811
v -1.973810 6.188321 7.796811
v -1.973810 6.188321 7.802928
v -1.959901 6.188321 7.802928
v -7.984306 3.136018 4.074735
v -7.989683 3.136017 4.067980
v -7.984306 3.136017 4.067980
v -7.984306 3.136018 4.074735
v -7.989683 3.136018 4.074735
v -7.989683 3.136017 4.067980
v -7.984306 3.136017 7.796810
v -7.989683 3.136018 4.074735
v -7.984306 3.136018 4.074735
v -8.059203 3.136017 4.067980
v -7.989683 3.136017 4.067980
v -7.989683 3.136018 4.074735
v -7.984306 3.136017 7.796810
v -7.989683 3.136017 7.796810
v -7.989683 3.136018 4.074735
v -7.984306 3.136017 7.802927
v -7.989683 3.136017 7.796810
v -7.984306 3.136017 7.796810
v -7.984306 3.136017 7.802927
v -7.989683 3.136017 7.802927
v -7.989683 3.136017 7.796810
v -8.059203 3.136017 7.802927
v -7.989683 3.136017 7.796810
v -7.989683 3.136017 7.802927
v -8.059203 3.136017 7.802927
v -8.059203 3.136017 7.796810
v -7.989683 3.136017 7.796810
v -8.059203 3.136017 7.796810
v -7.989683 3.136018 4.074735
v -7.989683 3.136017 7.796810
v -8.064688 3.136017 7.802927
v -8.059203 3.136017 7.796810
v -8.059203 3.136017 7.802927
v -8.064688 3.136017 7.802927
v -8.064688 3.136017 7.796810
v -8.059203 3.136017 7.796810
v -8.059203 3.136017 4.067980
v -7.989683 3.136018 4.074735
v -8.059203 3.136018 4.074735
v -8.059203 3.136017 7.796810
v -8.059203 3.136018 4.074735
v -7.989683 3.136018 4.074735
v -8.064688 3.136017 7.796810
v -8.059203 3.136018 4.074735
v -8.059203 3.136017 7.796810
v -8.064687 3.136017 4.067980
v -8.059203 3.136017 4.067980
v -8.059203 3.136018 4.074735
v -8.064688 3.136017 7.796810
v -8.064687 3.136018 4.074735
v -8.059203 3.136018 4.074735
v -8.064687 3.136017 4.067980
v -8.059203 3.136018 4.074735
v -8.064687 3.136018 4.074735
v -7.989684 2.963921 4.067981
v -7.984306 2.963920 4.074735
v -7.984306 2.963921 4.067981
v -7.989684 2.963921 4.067981
v -7.989684 2.963920 4.074735
v -7.984306 2.963920 4.074735
v -8.059203 2.963921 4.067981
v -7.989684 2.963920 4.074735
v -7.989684 2.963921 4.067981
v -7.989684 2.963921 7.796810
v -7.984306 2.963920 4.074735
v -7.989684 2.963920 4.074735
v -7.989684 2.963921 7.796810
v -7.984307 2.963920 7.796810
v -7.984306 2.963920 4.074735
v -7.984307 2.963920 7.802927
v -7.984307 2.963920 7.796810
v -7.989684 2.963921 7.796810
v -7.984307 2.963920 7.802927
v -7.989684 2.963921 7.796810
v -7.989684 2.963920 7.802927
v -7.989684 2.963920 7.802927
v -7.989684 2.963921 7.796810
v -8.059203 2.963921 7.796811
v -8.059203 2.963921 7.796811
v -7.989684 2.963921 7.796810
v -7.989684 2.963920 4.074735
v -7.989684 2.963920 7.802927
v -8.059203 2.963921 7.796811
v -8.059203 2.963920 7.802927
v -8.064687 2.963920 7.802927
v -8.059203 2.963920 7.802927
v -8.059203 2.963921 7.796811
v -8.064687 2.963920 7.802927
v -8.059203 2.963921 7.796811
v -8.064687 2.963921 7.796811
v -8.059203 2.963921 4.067981
v -8.059203 2.963920 4.074736
v -7.989684 2.963920 4.074735
v -8.059203 2.963921 7.796811
v -7.989684 2.963920 4.074735
v -8.059203 2.963920 4.074736
v -8.064687 2.963921 7.796811
v -8.059203 2.963921 7.796811
v -8.059203 2.963920 4.074736
v -8.064687 2.963921 4.067981
v -8.059203 2.963920 4.074736
v -8.059203 2.963921 4.067981
v -8.064687 2.963921 7.796811
v -8.059203 2.963920 4.074736
v -8.064687 2.963920 4.074735
v -8.064687 2.963921 4.067981
v -8.064687 2.963920 4.074735
v -8.059203 2.963920 4.074736
v -7.989683 3.136017 4.067980
v -7.984306 3.127363 4.067981
v -7.984306 3.136017 4.067980
v -7.989683 3.136017 4.067980
v -7.989683 3.127363 4.067981
v -7.984306 3.127363 4.067981
v -8.059203 3.136017 4.067980
v -7.989683 3.127363 4.067981
v -7.989683 3.136017 4.067980
v -7.984306 2.972387 4.067981
v -7.984306 3.127363 4.067981
v -7.989683 3.127363 4.067981
v -8.059203 3.136017 4.067980
v -8.059203 3.127363 4.067981
v -7.989683 3.127363 4.067981
v -8.064687 3.136017 4.067980
v -8.059203 3.127363 4.067981
v -8.059203 3.136017 4.067980
v -8.064687 3.136017 4.067980
v -8.064687 3.127363 4.067981
v -8.059203 3.127363 4.067981
v -8.064687 2.972387 4.067981
v -8.059203 3.127363 4.067981
v -8.064687 3.127363 4.067981
v -7.984306 2.972387 4.067981
v -7.989683 3.127363 4.067981
v -7.989684 2.972387 4.067981
v -7.989684 2.972387 4.067981
v -7.989683 3.127363 4.067981
v -8.059203 3.127363 4.067981
v -7.984306 2.963921 4.067981
v -7.984306 2.972387 4.067981
v -7.989684 2.972387 4.067981
v -7.984306 2.963921 4.067981
v -7.989684 2.972387 4.067981
v -7.989684 2.963921 4.067981
v -8.064687 2.972387 4.067981
v -8.059203 2.972387 4.067981
v -8.059203 3.127363 4.067981
v -7.989684 2.972387 4.067981
v -8.059203 3.127363 4.067981
v -8.059203 2.972387 4.067981
v -7.989684 2.963921 4.067981
v -7.989684 2.972387 4.067981
v -8.059203 2.972387 4.067981
v -8.064687 2.963921 4.067981
v -8.059203 2.972387 4.067981
v -8.064687 2.972387 4.067981
v -7.989684 2.963921 4.067981
v -8.059203 2.972387 4.067981
v -8.059203 2.963921 4.067981
v -8.064687 2.963921 4.067981
v -8.059203 2.963921 4.067981
v -8.059203 2.972387 4.067981
v -8.064687 3.136018 4.074735
v -8.064687 3.127363 4.067981
v -8.064687 3.136017 4.067980
v -8.064687 3.136018 4.074735
v -8.064687 3.127362 4.074735
v -8.064687 3.127363 4.067981
v -8.064688 3.136017 7.796810
v -8.064687 3.127362 4.074735
v -8.064687 3.136018 4.074735
v -8.064687 2.972387 4.067981
v -8.064687 3.127363 4.067981
v -8.064687 3.127362 4.074735
v -8.064688 3.136017 7.796810
v -8.064687 3.127363 7.796810
v -8.064687 3.127362 4.074735
v -8.064688 3.136017 7.802927
v -8.064687 3.127363 7.796810
v -8.064688 3.136017 7.796810
v -8.064688 3.136017 7.802927
v -8.064687 3.127363 7.802927
v -8.064687 3.127363 7.796810
v -8.064687 2.972387 7.802927
v -8.064687 3.127363 7.796810
v -8.064687 3.127363 7.802927
v -8.064687 2.972387 7.802927
v -8.064687 2.972387 7.796811
v -8.064687 3.127363 7.796810
v -8.064687 2.972387 7.796811
v -8.064687 3.127362 4.074735
v -8.064687 3.127363 7.796810
v -8.064687 2.963920 7.802927
v -8.064687 2.972387 7.796811
v -8.064687 2.972387 7.802927
v -8.064687 2.963920 7.802927
v -8.064687 2.963921 7.796811
v -8.064687 2.972387 7.796811
v -8.064687 2.972387 4.067981
v -8.064687 3.127362 4.074735
v -8.064687 2.972387 4.074735
v -8.064687 2.972387 7.796811
v -8.064687 2.972387 4.074735
v -8.064687 3.127362 4.074735
v -8.064687 2.963921 7.796811
v -8.064687 2.972387 4.074735
v -8.064687 2.972387 7.796811
v -8.064687 2.963921 4.067981
v -8.064687 2.972387 4.067981
v -8.064687 2.972387 4.074735
v -8.064687 2.963921 7.796811
v -8.064687 2.963920 4.074735
v -8.064687 2.972387 4.074735
v -8.064687 2.963921 4.067981
v -8.064687 2.972387 4.074735
v -8.064687 2.963920 4.074735
v -8.059203 3.136017 7.802927
v -8.064687 3.127363 7.802927
v -8.064688 3.136017 7.802927
v -8.059203 3.136017 7.802927
v -8.059203 3.127363 7.802927
v -8.064687 3.127363 7.802927
v -7.989683 3.136017 7.802927
v -8.059203 3.127363 7.802927
v -8.059203 3.136017 7.802927
v -8.064687 2.972387 7.802927
v -8.064687 3.127363 7.802927
v -8.059203 3.127363 7.802927
v -7.989683 3.136017 7.802927
v -7.989683 3.127363 7.802927
v -8.059203 3.127363 7.802927
v -7.984306 3.136017 7.802927
v -7.989683 3.127363 7.802927
v -7.989683 3.136017 7.802927
v -7.984306 3.136017 7.802927
v -7.984306 3.127363 7.802927
v -7.989683 3.127363 7.802927
v -7.984307 2.972387 7.802927
v -7.989683 3.127363 7.802927
v -7.984306 3.127363 7.802927
v -8.064687 2.972387 7.802927
v -8.059203 3.127363 7.802927
v -8.059203 2.972387 7.802927
v -8.059203 2.972387 7.802927
v -8.059203 3.127363 7.802927
v -7.989683 3.127363 7.802927
v -8.064687 2.963920 7.802927
v -8.064687 2.972387 7.802927
v -8.059203 2.972387 7.802927
v -8.064687 2.963920 7.802927
v -8.059203 2.972387 7.802927
v -8.059203 2.963920 7.802927
v -7.984307 2.972387 7.802927
v -7.989684 2.972387 7.802927
v -7.989683 3.127363 7.802927
v -8.059203 2.972387 7.802927
v -7.989683 3.127363 7.802927
v -7.989684 2.972387 7.802927
v -8.059203 2.963920 7.802927
v -8.059203 2.972387 7.802927
v -7.989684 2.972387 7.802927
v -7.984307 2.963920 7.802927
v -7.989684 2.972387 7.802927
v -7.984307 2.972387 7.802927
v -8.059203 2.963920 7.802927
v -7.989684 2.972387 7.802927
v -7.989684 2.963920 7.802927
v -7.984307 2.963920 7.802927
v -7.989684 2.963920 7.802927
v -7.989684 2.972387 7.802927
v -7.984306 3.136017 7.796810
v -7.984306 3.127363 7.802927
v -7.984306 3.136017 7.802927
v -7.984306 3.136017 7.796810
v -7.984306 3.127363 7.796810
v -7.984306 3.127363 7.802927
v -7.984306 3.136018 4.074735
v -7.984306 3.127363 7.796810
v -7.984306 3.136017 7.796810
v -7.984307 2.972387 7.796811
v -7.984306 3.127363 7.802927
v -7.984306 3.127363 7.796810
v -7.984307 2.972387 7.796811
v -7.984307 2.972387 7.802927
v -7.984306 3.127363 7.802927
v -7.984306 3.136018 4.074735
v -7.984306 3.127363 4.074735
v -7.984306 3.127363 7.796810
v -7.984307 2.972387 7.796811
v -7.984306 3.127363 7.796810
v -7.984306 3.127363 4.074735
v -7.984306 3.136017 4.067980
v -7.984306 3.127363 4.074735
v -7.984306 3.136018 4.074735
v -7.984306 3.136017 4.067980
v -7.984306 3.127363 4.067981
v -7.984306 3.127363 4.074735
v -7.984306 2.972387 4.067981
v -7.984306 3.127363 4.074735
v -7.984306 3.127363 4.067981
v -7.984306 2.972387 4.067981
v -7.984306 2.972387 4.074735
v -7.984306 3.127363 4.074735
v -7.984307 2.972387 7.796811
v -7.984306 3.127363 4.074735
v -7.984306 2.972387 4.074735
v -7.984306 2.963921 4.067981
v -7.984306 2.972387 4.074735
v -7.984306 2.972387 4.067981
v -7.984306 2.963921 4.067981
v -7.984306 2.963920 4.074735
v -7.984306 2.972387 4.074735
v -7.984307 2.963920 7.796810
v -7.984306 2.972387 4.074735
v -7.984306 2.963920 4.074735
v -7.984307 2.963920 7.796810
v -7.984307 2.972387 7.796811
v -7.984306 2.972387 4.074735
v -7.984307 2.963920 7.796810
v -7.984307 2.972387 7.802927
v -7.984307 2.972387 7.796811
v -7.984307 2.963920 7.796810
v -7.984307 2.963920 7.802927
v -7.984307 2.972387 7.802927
v -8.075282 3.136018 4.074735
v -8.081464 3.136017 4.067980
v -8.075282 3.136017 4.067980
v -8.075282 3.136018 4.074735
v -8.081464 3.136018 4.074735
v -8.081464 3.136017 4.067980
v -8.075282 3.136017 7.796810
v -8.081464 3.136018 4.074735
v -8.075282 3.136018 4.074735
v -8.371388 3.136017 4.067981
v -8.081464 3.136017 4.067980
v -8.081464 3.136018 4.074735
v -8.075282 3.136017 7.796810
v -8.081465 3.136017 7.796810
v -8.081464 3.136018 4.074735
v -8.075282 3.136017 7.802927
v -8.081465 3.136017 7.796810
v -8.075282 3.136017 7.796810
v -8.075282 3.136017 7.802927
v -8.081465 3.136017 7.802927
v -8.081465 3.136017 7.796810
v -8.371388 3.136018 7.802927
v -8.081465 3.136017 7.796810
v -8.081465 3.136017 7.802927
v -8.371388 3.136018 7.802927
v -8.371388 3.136018 7.796810
v -8.081465 3.136017 7.796810
v -8.371388 3.136018 7.796810
v -8.081464 3.136018 4.074735
v -8.081465 3.136017 7.796810
v -8.378044 3.136018 7.802927
v -8.371388 3.136018 7.796810
v -8.371388 3.136018 7.802927
v -8.378044 3.136018 7.802927
v -8.378044 3.136018 7.796810
v -8.371388 3.136018 7.796810
v -8.371388 3.136017 4.067981
v -8.081464 3.136018 4.074735
v -8.371388 3.136018 4.074736
v -8.371388 3.136018 7.796810
v -8.371388 3.136018 4.074736
v -8.081464 3.136018 4.074735
v -8.378044 3.136018 7.796810
v -8.371388 3.136018 4.074736
v -8.371388 3.136018 7.796810
v -8.378044 3.136017 4.067981
v -8.371388 3.136017 4.067981
v -8.371388 3.136018 4.074736
v -8.378044 3.136018 7.796810
v -8.378044 3.136018 4.074736
v -8.371388 3.136018 4.074736
v -8.378044 3.136017 4.067981
v -8.371388 3.136018 4.074736
v -8.378044 3.136018 4.074736
v -8.081465 2.963921 4.067981
v -8.075282 2.963920 4.074735
v -8.075282 2.963921 4.067981
v -8.081465 2.963921 4.067981
v -8.081465 2.963920 4.074735
v -8.075282 2.963920 4.074735
v -8.371388 2.963921 4.067982
v -8.081465 2.963920 4.074735
v -8.081465 2.963921 4.067981
v -8.081465 2.963920 7.796810
v -8.075282 2.963920 4.074735
v -8.081465 2.963920 4.074735
v -8.081465 2.963920 7.796810
v -8.075282 2.963920 7.796810
v -8.075282 2.963920 4.074735
v -8.075282 2.963920 7.802927
v -8.075282 2.963920 7.796810
v -8.081465 2.963920 7.796810
v -8.075282 2.963920 7.802927
v -8.081465 2.963920 7.796810
v -8.081465 2.963920 7.802927
v -8.081465 2.963920 7.802927
v -8.081465 2.963920 7.796810
v -8.371388 2.963920 7.796811
v -8.371388 2.963920 7.796811
v -8.081465 2.963920 7.796810
v -8.081465 2.963920 4.074735
v -8.081465 2.963920 7.802927
v -8.371388 2.963920 7.796811
v -8.371388 2.963920 7.802928
v -8.378044 2.963920 7.802928
v -8.371388 2.963920 7.802928
v -8.371388 2.963920 7.796811
v -8.378044 2.963920 7.802928
v -8.371388 2.963920 7.796811
v -8.378044 2.963920 7.796811
v -8.371388 2.963921 4.067982
v -8.371388 2.963920 4.074736
v -8.081465 2.963920 4.074735
v -8.371388 2.963920 7.796811
v -8.081465 2.963920 4.074735
v -8.371388 2.963920 4.074736
v -8.378044 2.963920 7.796811
v -8.371388 2.963920 7.796811
v -8.371388 2.963920 4.074736
v -8.378044 2.963921 4.067982
v -8.371388 2.963920 4.074736
v -8.371388 2.963921 4.067982
v -8.378044 2.963920 7.796811
v -8.371388 2.963920 4.074736
v -8.378044 2.963920 4.074736
v -8.378044 2.963921 4.067982
v -8.378044 2.963920 4.074736
v -8.371388 2.963920 4.074736
v -8.081464 3.136017 4.067980
v -8.075282 3.116621 4.067980
v -8.075282 3.136017 4.067980
v -8.081464 3.136017 4.067980
v -8.081464 3.116621 4.067980
v -8.075282 3.116621 4.067980
v -8.371388 3.136017 4.067981
v -8.081464 3.116621 4.067980
v -8.081464 3.136017 4.067980
v -8.075282 2.977829 4.067980
v -8.075282 3.116621 4.067980
v -8.081464 3.116621 4.067980
v -8.371388 3.136017 4.067981
v -8.371388 3.116621 4.067981
v -8.081464 3.116621 4.067980
v -8.378044 3.136017 4.067981
v -8.371388 3.116621 4.067981
v -8.371388 3.136017 4.067981
v -8.378044 3.136017 4.067981
v -8.378044 3.116621 4.067981
v -8.371388 3.116621 4.067981
v -8.378044 2.977829 4.067981
v -8.371388 3.116621 4.067981
v -8.378044 3.116621 4.067981
v -8.075282 2.977829 4.067980
v -8.081464 3.116621 4.067980
v -8.081465 2.977829 4.067980
v -8.081465 2.977829 4.067980
v -8.081464 3.116621 4.067980
v -8.371388 3.116621 4.067981
v -8.075282 2.963921 4.067981
v -8.075282 2.977829 4.067980
v -8.081465 2.977829 4.067980
v -8.075282 2.963921 4.067981
v -8.081465 2.977829 4.067980
v -8.081465 2.963921 4.067981
v -8.378044 2.977829 4.067981
v -8.371388 2.977829 4.067981
v -8.371388 3.116621 4.067981
v -8.081465 2.977829 4.067980
v -8.371388 3.116621 4.067981
v -8.371388 2.977829 4.067981
v -8.081465 2.963921 4.067981
v -8.081465 2.977829 4.067980
v -8.371388 2.977829 4.067981
v -8.378044 2.963921 4.067982
v -8.371388 2.977829 4.067981
v -8.378044 2.977829 4.067981
v -8.081465 2.963921 4.067981
v -8.371388 2.977829 4.067981
v -8.371388 2.963921 4.067982
v -8.378044 2.963921 4.067982
v -8.371388 2.963921 4.067982
v -8.371388 2.977829 4.067981
v -8.378044 3.136018 4.074736
v -8.378044 3.116621 4.067981
v -8.378044 3.136017 4.067981
v -8.378044 3.136018 4.074736
v -8.378044 3.116621 4.074735
v -8.378044 3.116621 4.067981
v -8.378044 3.136018 7.796810
v -8.378044 3.116621 4.074735
v -8.378044 3.136018 4.074736
v -8.378044 2.977829 4.067981
v -8.378044 3.116621 4.067981
v -8.378044 3.116621 4.074735
v -8.378044 3.136018 7.796810
v -8.378044 3.116621 7.796810
v -8.378044 3.116621 4.074735
v -8.378044 3.136018 7.802927
v -8.378044 3.116621 7.796810
v -8.378044 3.136018 7.796810
v -8.378044 3.136018 7.802927
v -8.378044 3.116621 7.802927
v -8.378044 3.116621 7.796810
v -8.378044 2.977829 7.802928
v -8.378044 3.116621 7.796810
v -8.378044 3.116621 7.802927
v -8.378044 2.977829 7.802928
v -8.378044 2.977829 7.796811
v -8.378044 3.116621 7.796810
v -8.378044 2.977829 7.796811
v -8.378044 3.116621 4.074735
v -8.378044 3.116621 7.796810
v -8.378044 2.963920 7.802928
v -8.378044 2.977829 7.796811
v -8.378044 2.977829 7.802928
v -8.378044 2.963920 7.802928
v -8.378044 2.963920 7.796811
v -8.378044 2.977829 7.796811
v -8.378044 2.977829 4.067981
v -8.378044 3.116621 4.074735
v -8.378044 2.977829 4.074736
v -8.378044 2.977829 7.796811
v -8.378044 2.977829 4.074736
v -8.378044 3.116621 4.074735
v -8.378044 2.963920 7.796811
v -8.378044 2.977829 4.074736
v -8.378044 2.977829 7.796811
v -8.378044 2.963921 4.067982
v -8.378044 2.977829 4.067981
v -8.378044 2.977829 4.074736
v -8.378044 2.963920 7.796811
v -8.378044 2.963920 4.074736
v -8.378044 2.977829 4.074736
v -8.378044 2.963921 4.067982
v -8.378044 2.977829 4.074736
v -8.378044 2.963920 4.074736
v -8.371388 3.136018 7.802927
v -8.378044 3.116621 7.802927
v -8.378044 3.136018 7.802927
v -8.371388 3.136018 7.802927
v -8.371388 3.116621 7.802927
v -8.378044 3.116621 7.802927
v -8.081465 3.136017 7.802927
v -8.371388 3.116621 7.802927
v -8.371388 3.136018 7.802927
v -8.378044 2.977829 7.802928
v -8.378044 3.116621 7.802927
v -8.371388 3.116621 7.802927
v -8.081465 3.136017 7.802927
v -8.081465 3.116621 7.802927
v -8.371388 3.116621 7.802927
v -8.075282 3.136017 7.802927
v -8.081465 3.116621 7.802927
v -8.081465 3.136017 7.802927
v -8.075282 3.136017 7.802927
v -8.075282 3.116621 7.802927
v -8.081465 3.116621 7.802927
v -8.075282 2.977829 7.802927
v -8.081465 3.116621 7.802927
v -8.075282 3.116621 7.802927
v -8.378044 2.977829 7.802928
v -8.371388 3.116621 7.802927
v -8.371388 2.977829 7.802928
v -8.371388 2.977829 7.802928
v -8.371388 3.116621 7.802927
v -8.081465 3.116621 7.802927
v -8.378044 2.963920 7.802928
v -8.378044 2.977829 7.802928
v -8.371388 2.977829 7.802928
v -8.378044 2.963920 7.802928
v -8.371388 2.977829 7.802928
v -8.371388 2.963920 7.802928
v -8.075282 2.977829 7.802927
v -8.081465 2.977829 7.802927
v -8.081465 3.116621 7.802927
v -8.371388 2.977829 7.802928
v -8.081465 3.116621 7.802927
v -8.081465 2.977829 7.802927
v -8.371388 2.963920 7.802928
v -8.371388 2.977829 7.802928
v -8.081465 2.977829 7.802927
v -8.075282 2.963920 7.802927
v -8.081465 2.977829 7.802927
v -8.075282 2.977829 7.802927
v -8.371388 2.963920 7.802928
v -8.081465 2.977829 7.802927
v -8.081465 2.963920 7.802927
v -8.075282 2.963920 7.802927
v -8.081465 2.963920 7.802927
v -8.081465 2.977829 7.802927
v -8.075282 3.136017 7.796810
v -8.075282 3.116621 7.802927
v -8.075282 3.136017 7.802927
v -8.075282 3.136017 7.796810
v -8.075282 3.116621 7.796810
v -8.075282 3.116621 7.802927
v -8.075282 3.136018 4.074735
v -8.075282 3.116621 7.796810
v -8.075282 3.136017 7.796810
v -8.075282 2.977829 7.796810
v -8.075282 3.116621 7.802927
v -8.075282 3.116621 7.796810
v -8.075282 2.977829 7.796810
v -8.075282 2.977829 7.802927
v -8.075282 3.116621 7.802927
v -8.075282 3.136018 4.074735
v -8.075282 3.116621 4.074736
v -8.075282 3.116621 7.796810
v -8.075282 2.977829 7.796810
v -8.075282 3.116621 7.796810
v -8.075282 3.116621 4.074736
v -8.075282 3.136017 4.067980
v -8.075282 3.116621 4.074736
v -8.075282 3.136018 4.074735
v -8.075282 3.136017 4.067980
v -8.075282 3.116621 4.067980
v -8.075282 3.116621 4.074736
v -8.075282 2.977829 4.067980
v -8.075282 3.116621 4.074736
v -8.075282 3.116621 4.067980
v -8.075282 2.977829 4.067980
v -8.075282 2.977829 4.074736
v -8.075282 3.116621 4.074736
v -8.075282 2.977829 7.796810
v -8.075282 3.116621 4.074736
v -8.075282 2.977829 4.074736
v -8.075282 2.963921 4.067981
v -8.075282 2.977829 4.074736
v -8.075282 2.977829 4.067980
v -8.075282 2.963921 4.067981
v -8.075282 2.963920 4.074735
v -8.075282 2.977829 4.074736
v -8.075282 2.963920 7.796810
v -8.075282 2.977829 4.074736
v -8.075282 2.963920 4.074735
v -8.075282 2.963920 7.796810
v -8.075282 2.977829 7.796810
v -8.075282 2.977829 4.074736
v -8.075282 2.963920 7.796810
v -8.075282 2.977829 7.802927
v -8.075282 2.977829 7.796810
v -8.075282 2.963920 7.796810
v -8.075282 2.963920 7.802927
v -8.075282 2.977829 7.802927
v -7.488570 5.841018 4.099704
v -7.488570 5.846395 4.092950
v -7.488570 5.841018 4.092950
v -7.488570 5.841018 4.099704
v -7.488570 5.846395 4.099704
v -7.488570 5.846395 4.092950
v -7.488570 5.841018 7.763853
v -7.488570 5.846395 4.099704
v -7.488570 5.841018 4.099704
v -7.488570 5.915915 4.092950
v -7.488570 5.846395 4.092950
v -7.488570 5.846395 4.099704
v -7.488570 5.841018 7.763853
v -7.488570 5.846395 7.763852
v -7.488570 5.846395 4.099704
v -7.488570 5.841018 7.769970
v -7.488570 5.846395 7.763852
v -7.488570 5.841018 7.763853
v -7.488570 5.841018 7.769970
v -7.488570 5.846395 7.769969
v -7.488570 5.846395 7.763852
v -7.488570 5.915915 7.769970
v -7.488570 5.846395 7.763852
v -7.488570 5.846395 7.769969
v -7.488570 5.915915 7.769970
v -7.488570 5.915915 7.763853
v -7.488570 5.846395 7.763852
v -7.488570 5.915915 7.763853
v -7.488570 5.846395 4.099704
v -7.488570 5.846395 7.763852
v -7.488570 5.921400 7.769969
v -7.488570 5.915915 7.763853
v -7.488570 5.915915 7.769970
v -7.488570 5.921400 7.769969
v -7.488570 5.921400 7.763852
v -7.488570 5.915915 7.763853
v -7.488570 5.915915 4.092950
v -7.488570 5.846395 4.099704
v -7.488570 5.915915 4.099704
v -7.488570 5.915915 7.763853
v -7.488570 5.915915 4.099704
v -7.488570 5.846395 4.099704
v -7.488570 5.921400 7.763852
v -7.488570 5.915915 4.099704
v -7.488570 5.915915 7.763853
v -7.488570 5.921400 4.092950
v -7.488570 5.915915 4.092950
v -7.488570 5.915915 4.099704
v -7.488570 5.921400 7.763852
v -7.488570 5.921400 4.099704
v -7.488570 5.915915 4.099704
v -7.488570 5.921400 4.092950
v -7.488570 5.915915 4.099704
v -7.488570 5.921400 4.099704
v -7.910005 5.846395 4.092950
v -7.910005 5.841018 4.099704
v -7.910005 5.841018 4.092950
v -7.910005 5.846395 4.092950
v -7.910005 5.846395 4.099704
v -7.910005 5.841018 4.099704
v -7.910005 5.915915 4.092950
v -7.910005 5.846395 4.099704
v -7.910005 5.846395 4.092950
v -7.910004 5.846396 7.763852
v -7.910005 5.841018 4.099704
v -7.910005 5.846395 4.099704
v -7.910004 5.846396 7.763852
v -7.910004 5.841019 7.763853
v -7.910005 5.841018 4.099704
v -7.910004 5.841019 7.769970
v -7.910004 5.841019 7.763853
v -7.910004 5.846396 7.763852
v -7.910004 5.841019 7.769970
v -7.910004 5.846396 7.763852
v -7.910004 5.846396 7.769969
v -7.910004 5.846396 7.769969
v -7.910004 5.846396 7.763852
v -7.910004 5.915915 7.763854
v -7.910004 5.915915 7.763854
v -7.910004 5.846396 7.763852
v -7.910005 5.846395 4.099704
v -7.910004 5.846396 7.769969
v -7.910004 5.915915 7.763854
v -7.910004 5.915915 7.769971
v -7.910004 5.921400 7.769970
v -7.910004 5.915915 7.769971
v -7.910004 5.915915 7.763854
v -7.910004 5.921400 7.769970
v -7.910004 5.915915 7.763854
v -7.910004 5.921400 7.763853
v -7.910005 5.915915 4.092950
v -7.910005 5.915915 4.099704
v -7.910005 5.846395 4.099704
v -7.910004 5.915915 7.763854
v -7.910005 5.846395 4.099704
v -7.910005 5.915915 4.099704
v -7.910004 5.921400 7.763853
v -7.910004 5.915915 7.763854
v -7.910005 5.915915 4.099704
v -7.910005 5.921400 4.092950
v -7.910005 5.915915 4.099704
v -7.910005 5.915915 4.092950
v -7.910004 5.921400 7.763853
v -7.910005 5.915915 4.099704
v -7.910005 5.921400 4.099704
v -7.910005 5.921400 4.092950
v -7.910005 5.921400 4.099704
v -7.910005 5.915915 4.099704
v -7.488570 5.846395 4.092950
v -7.507966 5.841018 4.092950
v -7.488570 5.841018 4.092950
v -7.488570 5.846395 4.092950
v -7.507966 5.846395 4.092950
v -7.507966 5.841018 4.092950
v -7.488570 5.915915 4.092950
v -7.507966 5.846395 4.092950
v -7.488570 5.846395 4.092950
v -7.896096 5.841018 4.092950
v -7.507966 5.841018 4.092950
v -7.507966 5.846395 4.092950
v -7.488570 5.915915 4.092950
v -7.507966 5.915915 4.092950
v -7.507966 5.846395 4.092950
v -7.488570 5.921400 4.092950
v -7.507966 5.915915 4.092950
v -7.488570 5.915915 4.092950
v -7.488570 5.921400 4.092950
v -7.507966 5.921400 4.092950
v -7.507966 5.915915 4.092950
v -7.896096 5.921400 4.092950
v -7.507966 5.915915 4.092950
v -7.507966 5.921400 4.092950
v -7.896096 5.841018 4.092950
v -7.507966 5.846395 4.092950
v -7.896096 5.846395 4.092950
v -7.896096 5.846395 4.092950
v -7.507966 5.846395 4.092950
v -7.507966 5.915915 4.092950
v -7.910005 5.841018 4.092950
v -7.896096 5.841018 4.092950
v -7.896096 5.846395 4.092950
v -7.910005 5.841018 4.092950
v -7.896096 5.846395 4.092950
v -7.910005 5.846395 4.092950
v -7.896096 5.921400 4.092950
v -7.896096 5.915915 4.092950
v -7.507966 5.915915 4.092950
v -7.896096 5.846395 4.092950
v -7.507966 5.915915 4.092950
v -7.896096 5.915915 4.092950
v -7.910005 5.846395 4.092950
v -7.896096 5.846395 4.092950
v -7.896096 5.915915 4.092950
v -7.910005 5.921400 4.092950
v -7.896096 5.915915 4.092950
v -7.896096 5.921400 4.092950
v -7.910005 5.846395 4.092950
v -7.896096 5.915915 4.092950
v -7.910005 5.915915 4.092950
v -7.910005 5.921400 4.092950
v -7.910005 5.915915 4.092950
v -7.896096 5.915915 4.092950
v -7.488570 5.921400 4.099704
v -7.507966 5.921400 4.092950
v -7.488570 5.921400 4.092950
v -7.488570 5.921400 4.099704
v -7.507967 5.921400 4.099704
v -7.507966 5.921400 4.092950
v -7.488570 5.921400 7.763852
v -7.507967 5.921400 4.099704
v -7.488570 5.921400 4.099704
v -7.896096 5.921400 4.092950
v -7.507966 5.921400 4.092950
v -7.507967 5.921400 4.099704
v -7.488570 5.921400 7.763852
v -7.507966 5.921400 7.763852
v -7.507967 5.921400 4.099704
v -7.488570 5.921400 7.769969
v -7.507966 5.921400 7.763852
v -7.488570 5.921400 7.763852
v -7.488570 5.921400 7.769969
v -7.507967 5.921400 7.769969
v -7.507966 5.921400 7.763852
v -7.896096 5.921400 7.769970
v -7.507966 5.921400 7.763852
v -7.507967 5.921400 7.769969
v -7.896096 5.921400 7.769970
v -7.896096 5.921400 7.763853
v -7.507966 5.921400 7.763852
v -7.896096 5.921400 7.763853
v -7.507967 5.921400 4.099704
v -7.507966 5.921400 7.763852
v -7.910004 5.921400 7.769970
v -7.896096 5.921400 7.763853
v -7.896096 5.921400 7.769970
v -7.910004 5.921400 7.769970
v -7.910004 5.921400 7.763853
v -7.896096 5.921400 7.763853
v -7.896096 5.921400 4.092950
v -7.507967 5.921400 4.099704
v -7.896096 5.921400 4.099704
v -7.896096 5.921400 7.763853
v -7.896096 5.921400 4.099704
v -7.507967 5.921400 4.099704
v -7.910004 5.921400 7.763853
v -7.896096 5.921400 4.099704
v -7.896096 5.921400 7.763853
v -7.910005 5.921400 4.092950
v -7.896096 5.921400 4.092950
v -7.896096 5.921400 4.099704
v -7.910004 5.921400 7.763853
v -7.910005 5.921400 4.099704
v -7.896096 5.921400 4.099704
v -7.910005 5.921400 4.092950
v -7.896096 5.921400 4.099704
v -7.910005 5.921400 4.099704
v -7.488570 5.915915 7.769970
v -7.507967 5.921400 7.769969
v -7.488570 5.921400 7.769969
v -7.488570 5.915915 7.769970
v -7.507967 5.915915 7.769970
v -7.507967 5.921400 7.769969
v -7.488570 5.846395 7.769969
v -7.507967 5.915915 7.769970
v -7.488570 5.915915 7.769970
v -7.896096 5.921400 7.769970
v -7.507967 5.921400 7.769969
v -7.507967 5.915915 7.769970
v -7.488570 5.846395 7.769969
v -7.507967 5.846395 7.769969
v -7.507967 5.915915 7.769970
v -7.488570 5.841018 7.769970
v -7.507967 5.846395 7.769969
v -7.488570 5.846395 7.769969
v -7.488570 5.841018 7.769970
v -7.507967 5.841018 7.769970
v -7.507967 5.846395 7.769969
v -7.896096 5.841019 7.769970
v -7.507967 5.846395 7.769969
v -7.507967 5.841018 7.769970
v -7.896096 5.921400 7.769970
v -7.507967 5.915915 7.769970
v -7.896096 5.915915 7.769971
v -7.896096 5.915915 7.769971
v -7.507967 5.915915 7.769970
v -7.507967 5.846395 7.769969
v -7.910004 5.921400 7.769970
v -7.896096 5.921400 7.769970
v -7.896096 5.915915 7.769971
v -7.910004 5.921400 7.769970
v -7.896096 5.915915 7.769971
v -7.910004 5.915915 7.769971
v -7.896096 5.841019 7.769970
v -7.896096 5.846396 7.769969
v -7.507967 5.846395 7.769969
v -7.896096 5.915915 7.769971
v -7.507967 5.846395 7.769969
v -7.896096 5.846396 7.769969
v -7.910004 5.915915 7.769971
v -7.896096 5.915915 7.769971
v -7.896096 5.846396 7.769969
v -7.910004 5.841019 7.769970
v -7.896096 5.846396 7.769969
v -7.896096 5.841019 7.769970
v -7.910004 5.915915 7.769971
v -7.896096 5.846396 7.769969
v -7.910004 5.846396 7.769969
v -7.910004 5.841019 7.769970
v -7.910004 5.846396 7.769969
v -7.896096 5.846396 7.769969
v -7.488570 5.841018 7.763853
v -7.507967 5.841018 7.769970
v -7.488570 5.841018 7.769970
v -7.488570 5.841018 7.763853
v -7.507967 5.841018 7.763853
v -7.507967 5.841018 7.769970
v -7.488570 5.841018 4.099704
v -7.507967 5.841018 7.763853
v -7.488570 5.841018 7.763853
v -7.896096 5.841019 7.763853
v -7.507967 5.841018 7.769970
v -7.507967 5.841018 7.763853
v -7.896096 5.841019 7.763853
v -7.896096 5.841019 7.769970
v -7.507967 5.841018 7.769970
v -7.488570 5.841018 4.099704
v -7.507967 5.841018 4.099704
v -7.507967 5.841018 7.763853
v -7.896096 5.841019 7.763853
v -7.507967 5.841018 7.763853
v -7.507967 5.841018 4.099704
v -7.488570 5.841018 4.092950
v -7.507967 5.841018 4.099704
v -7.488570 5.841018 4.099704
v -7.488570 5.841018 4.092950
v -7.507966 5.841018 4.092950
v -7.507967 5.841018 4.099704
v -7.896096 5.841018 4.092950
v -7.507967 5.841018 4.099704
v -7.507966 5.841018 4.092950
v -7.896096 5.841018 4.092950
v -7.896096 5.841018 4.099704
v -7.507967 5.841018 4.099704
v -7.896096 5.841019 7.763853
v -7.507967 5.841018 4.099704
v -7.896096 5.841018 4.099704
v -7.910005 5.841018 4.092950
v -7.896096 5.841018 4.099704
v -7.896096 5.841018 4.092950
v -7.910005 5.841018 4.092950
v -7.910005 5.841018 4.099704
v -7.896096 5.841018 4.099704
v -7.910004 5.841019 7.763853
v -7.896096 5.841018 4.099704
v -7.910005 5.841018 4.099704
v -7.910004 5.841019 7.763853
v -7.896096 5.841019 7.763853
v -7.896096 5.841018 4.099704
v -7.910004 5.841019 7.763853
v -7.896096 5.841019 7.769970
v -7.896096 5.841019 7.763853
v -7.910004 5.841019 7.763853
v -7.910004 5.841019 7.769970
v -7.896096 5.841019 7.769970
v -7.488570 5.931994 4.099704
v -7.488570 5.938176 4.092949
v -7.488570 5.931994 4.092949
v -7.488570 5.931994 4.099704
v -7.488570 5.938176 4.099704
v -7.488570 5.938176 4.092949
v -7.488570 5.931993 7.763852
v -7.488570 5.938176 4.099704
v -7.488570 5.931994 4.099704
v -7.488569 6.546343 4.092949
v -7.488570 5.938176 4.092949
v -7.488570 5.938176 4.099704
v -7.488570 5.931993 7.763852
v -7.488570 5.938176 7.763853
v -7.488570 5.938176 4.099704
v -7.488570 5.931994 7.769969
v -7.488570 5.938176 7.763853
v -7.488570 5.931993 7.763852
v -7.488570 5.931994 7.769969
v -7.488570 5.938176 7.769970
v -7.488570 5.938176 7.763853
v -7.488570 6.546343 7.769970
v -7.488570 5.938176 7.763853
v -7.488570 5.938176 7.769970
v -7.488570 6.546343 7.769970
v -7.488569 6.546343 7.763853
v -7.488570 5.938176 7.763853
v -7.488569 6.546343 7.763853
v -7.488570 5.938176 4.099704
v -7.488570 5.938176 7.763853
v -7.488570 6.552999 7.769970
v -7.488569 6.546343 7.763853
v -7.488570 6.546343 7.769970
v -7.488570 6.552999 7.769970
v -7.488569 6.552999 7.763853
v -7.488569 6.546343 7.763853
v -7.488569 6.546343 4.092949
v -7.488570 5.938176 4.099704
v -7.488569 6.546343 4.099704
v -7.488569 6.546343 7.763853
v -7.488569 6.546343 4.099704
v -7.488570 5.938176 4.099704
v -7.488569 6.552999 7.763853
v -7.488569 6.546343 4.099704
v -7.488569 6.546343 7.763853
v -7.488569 6.552999 4.092950
v -7.488569 6.546343 4.092949
v -7.488569 6.546343 4.099704
v -7.488569 6.552999 7.763853
v -7.488569 6.552999 4.099704
v -7.488569 6.546343 4.099704
v -7.488569 6.552999 4.092950
v -7.488569 6.546343 4.099704
v -7.488569 6.552999 4.099704
v -7.910005 5.938176 4.092949
v -7.910005 5.931994 4.099704
v -7.910005 5.931994 4.092949
v -7.910005 5.938176 4.092949
v -7.910005 5.938176 4.099704
v -7.910005 5.931994 4.099704
v -7.910005 6.546343 4.092950
v -7.910005 5.938176 4.099704
v -7.910005 5.938176 4.092949
v -7.910004 5.938177 7.763853
v -7.910005 5.931994 4.099704
v -7.910005 5.938176 4.099704
v -7.910004 5.938177 7.763853
v -7.910004 5.931994 7.763853
v -7.910005 5.931994 4.099704
v -7.910004 5.931994 7.769969
v -7.910004 5.931994 7.763853
v -7.910004 5.938177 7.763853
v -7.910004 5.931994 7.769969
v -7.910004 5.938177 7.763853
v -7.910004 5.938177 7.769970
v -7.910004 5.938177 7.769970
v -7.910004 5.938177 7.763853
v -7.910004 6.546343 7.763854
v -7.910004 6.546343 7.763854
v -7.910004 5.938177 7.763853
v -7.910005 5.938176 4.099704
v -7.910004 5.938177 7.769970
v -7.910004 6.546343 7.763854
v -7.910004 6.546343 7.769971
v -7.910004 6.552999 7.769971
v -7.910004 6.546343 7.769971
v -7.910004 6.546343 7.763854
v -7.910004 6.552999 7.769971
v -7.910004 6.546343 7.763854
v -7.910004 6.552999 7.763854
v -7.910005 6.546343 4.092950
v -7.910005 6.546343 4.099705
v -7.910005 5.938176 4.099704
v -7.910004 6.546343 7.763854
v -7.910005 5.938176 4.099704
v -7.910005 6.546343 4.099705
v -7.910004 6.552999 7.763854
v -7.910004 6.546343 7.763854
v -7.910005 6.546343 4.099705
v -7.910005 6.552999 4.092950
v -7.910005 6.546343 4.099705
v -7.910005 6.546343 4.092950
v -7.910004 6.552999 7.763854
v -7.910005 6.546343 4.099705
v -7.910005 6.552999 4.099704
v -7.910005 6.552999 4.092950
v -7.910005 6.552999 4.099704
v -7.910005 6.546343 4.099705
v -7.488570 5.938176 4.092949
v -7.507966 5.931994 4.092949
v -7.488570 5.931994 4.092949
v -7.488570 5.938176 4.092949
v -7.507966 5.938176 4.092949
v -7.507966 5.931994 4.092949
v -7.488569 6.546343 4.092949
v -7.507966 5.938176 4.092949
v -7.488570 5.938176 4.092949
v -7.896096 5.931994 4.092949
v -7.507966 5.931994 4.092949
v -7.507966 5.938176 4.092949
v -7.488569 6.546343 4.092949
v -7.507966 6.546343 4.092949
v -7.507966 5.938176 4.092949
v -7.488569 6.552999 4.092950
v -7.507966 6.546343 4.092949
v -7.488569 6.546343 4.092949
v -7.488569 6.552999 4.092950
v -7.507966 6.552999 4.092950
v -7.507966 6.546343 4.092949
v -7.896096 6.552999 4.092950
v -7.507966 6.546343 4.092949
v -7.507966 6.552999 4.092950
v -7.896096 5.931994 4.092949
v -7.507966 5.938176 4.092949
v -7.896096 5.938176 4.092949
v -7.896096 5.938176 4.092949
v -7.507966 5.938176 4.092949
v -7.507966 6.546343 4.092949
v -7.910005 5.931994 4.092949
v -7.896096 5.931994 4.092949
v -7.896096 5.938176 4.092949
v -7.910005 5.931994 4.092949
v -7.896096 5.938176 4.092949
v -7.910005 5.938176 4.092949
v -7.896096 6.552999 4.092950
v -7.896096 6.546343 4.092950
v -7.507966 6.546343 4.092949
v -7.896096 5.938176 4.092949
v -7.507966 6.546343 4.092949
v -7.896096 6.546343 4.092950
v -7.910005 5.938176 4.092949
v -7.896096 5.938176 4.092949
v -7.896096 6.546343 4.092950
v -7.910005 6.552999 4.092950
v -7.896096 6.546343 4.092950
v -7.896096 6.552999 4.092950
v -7.910005 5.938176 4.092949
v -7.896096 6.546343 4.092950
v -7.910005 6.546343 4.092950
v -7.910005 6.552999 4.092950
v -7.910005 6.546343 4.092950
v -7.896096 6.546343 4.092950
v -7.488569 6.552999 4.099704
v -7.507966 6.552999 4.092950
v -7.488569 6.552999 4.092950
v -7.488569 6.552999 4.099704
v -7.507966 6.552999 4.099704
v -7.507966 6.552999 4.092950
v -7.488569 6.552999 7.763853
v -7.507966 6.552999 4.099704
v -7.488569 6.552999 4.099704
v -7.896096 6.552999 4.092950
v -7.507966 6.552999 4.092950
v -7.507966 6.552999 4.099704
v -7.488569 6.552999 7.763853
v -7.507966 6.552999 7.763853
v -7.507966 6.552999 4.099704
v -7.488570 6.552999 7.769970
v -7.507966 6.552999 7.763853
v -7.488569 6.552999 7.763853
v -7.488570 6.552999 7.769970
v -7.507966 6.552999 7.769970
v -7.507966 6.552999 7.763853
v -7.896096 6.552999 7.769971
v -7.507966 6.552999 7.763853
v -7.507966 6.552999 7.769970
v -7.896096 6.552999 7.769971
v -7.896096 6.552999 7.763854
v -7.507966 6.552999 7.763853
v -7.896096 6.552999 7.763854
v -7.507966 6.552999 4.099704
v -7.507966 6.552999 7.763853
v -7.910004 6.552999 7.769971
v -7.896096 6.552999 7.763854
v -7.896096 6.552999 7.769971
v -7.910004 6.552999 7.769971
v -7.910004 6.552999 7.763854
v -7.896096 6.552999 7.763854
v -7.896096 6.552999 4.092950
v -7.507966 6.552999 4.099704
v -7.896096 6.552999 4.099704
v -7.896096 6.552999 7.763854
v -7.896096 6.552999 4.099704
v -7.507966 6.552999 4.099704
v -7.910004 6.552999 7.763854
v -7.896096 6.552999 4.099704
v -7.896096 6.552999 7.763854
v -7.910005 6.552999 4.092950
v -7.896096 6.552999 4.092950
v -7.896096 6.552999 4.099704
v -7.910004 6.552999 7.763854
v -7.910005 6.552999 4.099704
v -7.896096 6.552999 4.099704
v -7.910005 6.552999 4.092950
v -7.896096 6.552999 4.099704
v -7.910005 6.552999 4.099704
v -7.488570 6.546343 7.769970
v -7.507966 6.552999 7.769970
v -7.488570 6.552999 7.769970
v -7.488570 6.546343 7.769970
v -7.507966 6.546343 7.769970
v -7.507966 6.552999 7.769970
v -7.488570 5.938176 7.769970
v -7.507966 6.546343 7.769970
v -7.488570 6.546343 7.769970
v -7.896096 6.552999 7.769971
v -7.507966 6.552999 7.769970
v -7.507966 6.546343 7.769970
v -7.488570 5.938176 7.769970
v -7.507967 5.938176 7.769970
v -7.507966 6.546343 7.769970
v -7.488570 5.931994 7.769969
v -7.507967 5.938176 7.769970
v -7.488570 5.938176 7.769970
v -7.488570 5.931994 7.769969
v -7.507967 5.931994 7.769969
v -7.507967 5.938176 7.769970
v -7.896096 5.931994 7.769969
v -7.507967 5.938176 7.769970
v -7.507967 5.931994 7.769969
v -7.896096 6.552999 7.769971
v -7.507966 6.546343 7.769970
v -7.896096 6.546343 7.769971
v -7.896096 6.546343 7.769971
v -7.507966 6.546343 7.769970
v -7.507967 5.938176 7.769970
v -7.910004 6.552999 7.769971
v -7.896096 6.552999 7.769971
v -7.896096 6.546343 7.769971
v -7.910004 6.552999 7.769971
v -7.896096 6.546343 7.769971
v -7.910004 6.546343 7.769971
v -7.896096 5.931994 7.769969
v -7.896096 5.938177 7.769970
v -7.507967 5.938176 7.769970
v -7.896096 6.546343 7.769971
v -7.507967 5.938176 7.769970
v -7.896096 5.938177 7.769970
v -7.910004 6.546343 7.769971
v -7.896096 6.546343 7.769971
v -7.896096 5.938177 7.769970
v -7.910004 5.931994 7.769969
v -7.896096 5.938177 7.769970
v -7.896096 5.931994 7.769969
v -7.910004 6.546343 7.769971
v -7.896096 5.938177 7.769970
v -7.910004 5.938177 7.769970
v -7.910004 5.931994 7.769969
v -7.910004 5.938177 7.769970
v -7.896096 5.938177 7.769970
v -7.488570 5.931993 7.763852
v -7.507967 5.931994 7.769969
v -7.488570 5.931994 7.769969
v -7.488570 5.931993 7.763852
v -7.507966 5.931993 7.763852
v -7.507967 5.931994 7.769969
v -7.488570 5.931994 4.099704
v -7.507966 5.931993 7.763852
v -7.488570 5.931993 7.763852
v -7.896096 5.931994 7.763853
v -7.507967 5.931994 7.769969
v -7.507966 5.931993 7.763852
v -7.896096 5.931994 7.763853
v -7.896096 5.931994 7.769969
v -7.507967 5.931994 7.769969
v -7.488570 5.931994 4.099704
v -7.507967 5.931994 4.099704
v -7.507966 5.931993 7.763852
v -7.896096 5.931994 7.763853
v -7.507966 5.931993 7.763852
v -7.507967 5.931994 4.099704
v -7.488570 5.931994 4.092949
v -7.507967 5.931994 4.099704
v -7.488570 5.931994 4.099704
v -7.488570 5.931994 4.092949
v -7.507966 5.931994 4.092949
v -7.507967 5.931994 4.099704
v -7.896096 5.931994 4.092949
v -7.507967 5.931994 4.099704
v -7.507966 5.931994 4.092949
v -7.896096 5.931994 4.092949
v -7.896096 5.931994 4.099704
v -7.507967 5.931994 4.099704
v -7.896096 5.931994 7.763853
v -7.507967 5.931994 4.099704
v -7.896096 5.931994 4.099704
v -7.910005 5.931994 4.092949
v -7.896096 5.931994 4.099704
v -7.896096 5.931994 4.092949
v -7.910005 5.931994 4.092949
v -7.910005 5.931994 4.099704
v -7.896096 5.931994 4.099704
v -7.910004 5.931994 7.763853
v -7.896096 5.931994 4.099704
v -7.910005 5.931994 4.099704
v -7.910004 5.931994 7.763853
v -7.896096 5.931994 7.763853
v -7.896096 5.931994 4.099704
v -7.910004 5.931994 7.763853
v -7.896096 5.931994 7.769969
v -7.896096 5.931994 7.763853
v -7.910004 5.931994 7.763853
v -7.910004 5.931994 7.769969
v -7.896096 5.931994 7.769969
v -7.865370 1.243544 -0.004010
v -7.870747 1.243544 -0.010765
v -7.865370 1.243544 -0.010765
v -7.865370 1.243544 -0.004010
v -7.870747 1.243544 -0.004010
v -7.870747 1.243544 -0.010765
v -7.865369 1.243544 3.660138
v -7.870747 1.243544 -0.004010
v -7.865370 1.243544 -0.004010
v -7.940267 1.243544 -0.010765
v -7.870747 1.243544 -0.010765
v -7.870747 1.243544 -0.004010
v -7.865369 1.243544 3.660138
v -7.870747 1.243544 3.660138
v -7.870747 1.243544 -0.004010
v -7.865369 1.243544 3.666255
v -7.870747 1.243544 3.660138
v -7.865369 1.243544 3.660138
v -7.865369 1.243544 3.666255
v -7.870747 1.243544 3.666255
v -7.870747 1.243544 3.660138
v -7.940267 1.243544 3.666255
v -7.870747 1.243544 3.660138
v -7.870747 1.243544 3.666255
v -7.940267 1.243544 3.666255
v -7.940267 1.243544 3.660138
v -7.870747 1.243544 3.660138
v -7.940267 1.243544 3.660138
v -7.870747 1.243544 -0.004010
v -7.870747 1.243544 3.660138
v -7.945751 1.243544 3.666255
v -7.940267 1.243544 3.660138
v -7.940267 1.243544 3.666255
v -7.945751 1.243544 3.666255
v -7.945751 1.243544 3.660138
v -7.940267 1.243544 3.660138
v -7.940267 1.243544 -0.010765
v -7.870747 1.243544 -0.004010
v -7.940267 1.243544 -0.004010
v -7.940267 1.243544 3.660138
v -7.940267 1.243544 -0.004010
v -7.870747 1.243544 -0.004010
v -7.945751 1.243544 3.660138
v -7.940267 1.243544 -0.004010
v -7.940267 1.243544 3.660138
v -7.945751 1.243544 -0.010765
v -7.940267 1.243544 -0.010765
v -7.940267 1.243544 -0.004010
v -7.945751 1.243544 3.660138
v -7.945751 1.243544 -0.004010
v -7.940267 1.243544 -0.004010
v -7.945751 1.243544 -0.010765
v -7.940267 1.243544 -0.004010
v -7.945751 1.243544 -0.004010
v -7.870747 0.822110 -0.010765
v -7.865370 0.822110 -0.004011
v -7.865370 0.822110 -0.010765
v -7.870747 0.822110 -0.010765
v -7.870747 0.822110 -0.004010
v -7.865370 0.822110 -0.004011
v -7.940266 0.822110 -0.010765
v -7.870747 0.822110 -0.004010
v -7.870747 0.822110 -0.010765
v -7.870747 0.822110 3.660138
v -7.865370 0.822110 -0.004011
v -7.870747 0.822110 -0.004010
v -7.870747 0.822110 3.660138
v -7.865369 0.822110 3.660138
v -7.865370 0.822110 -0.004011
v -7.865369 0.822109 3.666255
v -7.865369 0.822110 3.660138
v -7.870747 0.822110 3.660138
v -7.865369 0.822109 3.666255
v -7.870747 0.822110 3.660138
v -7.870747 0.822109 3.666255
v -7.870747 0.822109 3.666255
v -7.870747 0.822110 3.660138
v -7.940267 0.822110 3.660138
v -7.940267 0.822110 3.660138
v -7.870747 0.822110 3.660138
v -7.870747 0.822110 -0.004010
v -7.870747 0.822109 3.666255
v -7.940267 0.822110 3.660138
v -7.940267 0.822109 3.666255
v -7.945751 0.822109 3.666255
v -7.940267 0.822109 3.666255
v -7.940267 0.822110 3.660138
v -7.945751 0.822109 3.666255
v -7.940267 0.822110 3.660138
v -7.945751 0.822110 3.660138
v -7.940266 0.822110 -0.010765
v -7.940266 0.822110 -0.004010
v -7.870747 0.822110 -0.004010
v -7.940267 0.822110 3.660138
v -7.870747 0.822110 -0.004010
v -7.940266 0.822110 -0.004010
v -7.945751 0.822110 3.660138
v -7.940267 0.822110 3.660138
v -7.940266 0.822110 -0.004010
v -7.945751 0.822110 -0.010765
v -7.940266 0.822110 -0.004010
v -7.940266 0.822110 -0.010765
v -7.945751 0.822110 3.660138
v -7.940266 0.822110 -0.004010
v -7.945751 0.822110 -0.004010
v -7.945751 0.822110 -0.010765
v -7.945751 0.822110 -0.004010
v -7.940266 0.822110 -0.004010
v -7.870747 1.243544 -0.010765
v -7.865370 1.224148 -0.010765
v -7.865370 1.243544 -0.010765
v -7.870747 1.243544 -0.010765
v -7.870747 1.224148 -0.010765
v -7.865370 1.224148 -0.010765
v -7.940267 1.243544 -0.010765
v -7.870747 1.224148 -0.010765
v -7.870747 1.243544 -0.010765
v -7.865370 0.836018 -0.010765
v -7.865370 1.224148 -0.010765
v -7.870747 1.224148 -0.010765
v -7.940267 1.243544 -0.010765
v -7.940267 1.224148 -0.010765
v -7.870747 1.224148 -0.010765
v -7.945751 1.243544 -0.010765
v -7.940267 1.224148 -0.010765
v -7.940267 1.243544 -0.010765
v -7.945751 1.243544 -0.010765
v -7.945751 1.224148 -0.010765
v -7.940267 1.224148 -0.010765
v -7.945751 0.836018 -0.010763
v -7.940267 1.224148 -0.010765
v -7.945751 1.224148 -0.010765
v -7.865370 0.836018 -0.010765
v -7.870747 1.224148 -0.010765
v -7.870747 0.836018 -0.010765
v -7.870747 0.836018 -0.010765
v -7.870747 1.224148 -0.010765
v -7.940267 1.224148 -0.010765
v -7.865370 0.822110 -0.010765
v -7.865370 0.836018 -0.010765
v -7.870747 0.836018 -0.010765
v -7.865370 0.822110 -0.010765
v -7.870747 0.836018 -0.010765
v -7.870747 0.822110 -0.010765
v -7.945751 0.836018 -0.010763
v -7.940266 0.836018 -0.010763
v -7.940267 1.224148 -0.010765
v -7.870747 0.836018 -0.010765
v -7.940267 1.224148 -0.010765
v -7.940266 0.836018 -0.010763
v -7.870747 0.822110 -0.010765
v -7.870747 0.836018 -0.010765
v -7.940266 0.836018 -0.010763
v -7.945751 0.822110 -0.010765
v -7.940266 0.836018 -0.010763
v -7.945751 0.836018 -0.010763
v -7.870747 0.822110 -0.010765
v -7.940266 0.836018 -0.010763
v -7.940266 0.822110 -0.010765
v -7.945751 0.822110 -0.010765
v -7.940266 0.822110 -0.010765
v -7.940266 0.836018 -0.010763
v -7.945751 1.243544 -0.004010
v -7.945751 1.224148 -0.010765
v -7.945751 1.243544 -0.010765
v -7.945751 1.243544 -0.004010
v -7.945751 1.224148 -0.004008
v -7.945751 1.224148 -0.010765
v -7.945751 1.243544 3.660138
v -7.945751 1.224148 -0.004008
v -7.945751 1.243544 -0.004010
v -7.945751 0.836018 -0.010763
v -7.945751 1.224148 -0.010765
v -7.945751 1.224148 -0.004008
v -7.945751 1.243544 3.660138
v -7.945751 1.224148 3.660139
v -7.945751 1.224148 -0.004008
v -7.945751 1.243544 3.666255
v -7.945751 1.224148 3.660139
v -7.945751 1.243544 3.660138
v -7.945751 1.243544 3.666255
v -7.945751 1.224148 3.666256
v -7.945751 1.224148 3.660139
v -7.945751 0.836018 3.666256
v -7.945751 1.224148 3.660139
v -7.945751 1.224148 3.666256
v -7.945751 0.836018 3.666256
v -7.945751 0.836018 3.660139
v -7.945751 1.224148 3.660139
v -7.945751 0.836018 3.660139
v -7.945751 1.224148 -0.004008
v -7.945751 1.224148 3.660139
v -7.945751 0.822109 3.666255
v -7.945751 0.836018 3.660139
v -7.945751 0.836018 3.666256
v -7.945751 0.822109 3.666255
v -7.945751 0.822110 3.660138
v -7.945751 0.836018 3.660139
v -7.945751 0.836018 -0.010763
v -7.945751 1.224148 -0.004008
v -7.945751 0.836018 -0.004010
v -7.945751 0.836018 3.660139
v -7.945751 0.836018 -0.004010
v -7.945751 1.224148 -0.004008
v -7.945751 0.822110 3.660138
v -7.945751 0.836018 -0.004010
v -7.945751 0.836018 3.660139
v -7.945751 0.822110 -0.010765
v -7.945751 0.836018 -0.010763
v -7.945751 0.836018 -0.004010
v -7.945751 0.822110 3.660138
v -7.945751 0.822110 -0.004010
v -7.945751 0.836018 -0.004010
v -7.945751 0.822110 -0.010765
v -7.945751 0.836018 -0.004010
v -7.945751 0.822110 -0.004010
v -7.940267 1.243544 3.666255
v -7.945751 1.224148 3.666256
v -7.945751 1.243544 3.666255
v -7.940267 1.243544 3.666255
v -7.940267 1.224148 3.666256
v -7.945751 1.224148 3.666256
v -7.870747 1.243544 3.666255
v -7.940267 1.224148 3.666256
v -7.940267 1.243544 3.666255
v -7.945751 0.836018 3.666256
v -7.945751 1.224148 3.666256
v -7.940267 1.224148 3.666256
v -7.870747 1.243544 3.666255
v -7.870747 1.224148 3.666256
v -7.940267 1.224148 3.666256
v -7.865369 1.243544 3.666255
v -7.870747 1.224148 3.666256
v -7.870747 1.243544 3.666255
v -7.865369 1.243544 3.666255
v -7.865369 1.224148 3.666256
v -7.870747 1.224148 3.666256
v -7.865369 0.836018 3.666256
v -7.870747 1.224148 3.666256
v -7.865369 1.224148 3.666256
v -7.945751 0.836018 3.666256
v -7.940267 1.224148 3.666256
v -7.940267 0.836018 3.666256
v -7.940267 0.836018 3.666256
v -7.940267 1.224148 3.666256
v -7.870747 1.224148 3.666256
v -7.945751 0.822109 3.666255
v -7.945751 0.836018 3.666256
v -7.940267 0.836018 3.666256
v -7.945751 0.822109 3.666255
v -7.940267 0.836018 3.666256
v -7.940267 0.822109 3.666255
v -7.865369 0.836018 3.666256
v -7.870747 0.836018 3.666256
v -7.870747 1.224148 3.666256
v -7.940267 0.836018 3.666256
v -7.870747 1.224148 3.666256
v -7.870747 0.836018 3.666256
v -7.940267 0.822109 3.666255
v -7.940267 0.836018 3.666256
v -7.870747 0.836018 3.666256
v -7.865369 0.822109 3.666255
v -7.870747 0.836018 3.666256
v -7.865369 0.836018 3.666256
v -7.940267 0.822109 3.666255
v -7.870747 0.836018 3.666256
v -7.870747 0.822109 3.666255
v -7.865369 0.822109 3.666255
v -7.870747 0.822109 3.666255
v -7.870747 0.836018 3.666256
v -7.865369 1.243544 3.660138
v -7.865369 1.224148 3.666256
v -7.865369 1.243544 3.666255
v -7.865369 1.243544 3.660138
v -7.865369 1.224148 3.660139
v -7.865369 1.224148 3.666256
v -7.865370 1.243544 -0.004010
v -7.865369 1.224148 3.660139
v -7.865369 1.243544 3.660138
v -7.865369 0.836018 3.660139
v -7.865369 1.224148 3.666256
v -7.865369 1.224148 3.660139
v -7.865369 0.836018 3.660139
v -7.865369 0.836018 3.666256
v -7.865369 1.224148 3.666256
v -7.865370 1.243544 -0.004010
v -7.865370 1.224148 -0.004008
v -7.865369 1.224148 3.660139
v -7.865369 0.836018 3.660139
v -7.865369 1.224148 3.660139
v -7.865370 1.224148 -0.004008
v -7.865370 1.243544 -0.010765
v -7.865370 1.224148 -0.004008
v -7.865370 1.243544 -0.004010
v -7.865370 1.243544 -0.010765
v -7.865370 1.224148 -0.010765
v -7.865370 1.224148 -0.004008
v -7.865370 0.836018 -0.010765
v -7.865370 1.224148 -0.004008
v -7.865370 1.224148 -0.010765
v -7.865370 0.836018 -0.010765
v -7.865370 0.836018 -0.004010
v -7.865370 1.224148 -0.004008
v -7.865369 0.836018 3.660139
v -7.865370 1.224148 -0.004008
v -7.865370 0.836018 -0.004010
v -7.865370 0.822110 -0.010765
v -7.865370 0.836018 -0.004010
v -7.865370 0.836018 -0.010765
v -7.865370 0.822110 -0.010765
v -7.865370 0.822110 -0.004011
v -7.865370 0.836018 -0.004010
v -7.865369 0.822110 3.660138
v -7.865370 0.836018 -0.004010
v -7.865370 0.822110 -0.004011
v -7.865369 0.822110 3.660138
v -7.865369 0.836018 3.660139
v -7.865370 0.836018 -0.004010
v -7.865369 0.822110 3.660138
v -7.865369 0.836018 3.666256
v -7.865369 0.836018 3.660139
v -7.865369 0.822110 3.660138
v -7.865369 0.822109 3.666255
v -7.865369 0.836018 3.666256
v -7.956345 1.243544 -0.004010
v -7.962528 1.243544 -0.010765
v -7.956345 1.243544 -0.010765
v -7.956345 1.243544 -0.004010
v -7.962528 1.243544 -0.004010
v -7.962528 1.243544 -0.010765
v -7.956346 1.243544 3.660138
v -7.962528 1.243544 -0.004010
v -7.956345 1.243544 -0.004010
v -8.570694 1.243545 -0.010764
v -7.962528 1.243544 -0.010765
v -7.962528 1.243544 -0.004010
v -7.956346 1.243544 3.660138
v -7.962528 1.243544 3.660138
v -7.962528 1.243544 -0.004010
v -7.956346 1.243544 3.666255
v -7.962528 1.243544 3.660138
v -7.956346 1.243544 3.660138
v -7.956346 1.243544 3.666255
v -7.962528 1.243544 3.666255
v -7.962528 1.243544 3.660138
v -8.570693 1.243545 3.666255
v -7.962528 1.243544 3.660138
v -7.962528 1.243544 3.666255
v -8.570693 1.243545 3.666255
v -8.570693 1.243545 3.660138
v -7.962528 1.243544 3.660138
v -8.570693 1.243545 3.660138
v -7.962528 1.243544 -0.004010
v -7.962528 1.243544 3.660138
v -8.577350 1.243545 3.666255
v -8.570693 1.243545 3.660138
v -8.570693 1.243545 3.666255
v -8.577350 1.243545 3.666255
v -8.577350 1.243545 3.660138
v -8.570693 1.243545 3.660138
v -8.570694 1.243545 -0.010764
v -7.962528 1.243544 -0.004010
v -8.570694 1.243545 -0.004010
v -8.570693 1.243545 3.660138
v -8.570694 1.243545 -0.004010
v -7.962528 1.243544 -0.004010
v -8.577350 1.243545 3.660138
v -8.570694 1.243545 -0.004010
v -8.570693 1.243545 3.660138
v -8.577351 1.243545 -0.010764
v -8.570694 1.243545 -0.010764
v -8.570694 1.243545 -0.004010
v -8.577350 1.243545 3.660138
v -8.577351 1.243545 -0.004010
v -8.570694 1.243545 -0.004010
v -8.577351 1.243545 -0.010764
v -8.570694 1.243545 -0.004010
v -8.577351 1.243545 -0.004010
v -7.962528 0.822110 -0.010765
v -7.956345 0.822110 -0.004011
v -7.956345 0.822110 -0.010765
v -7.962528 0.822110 -0.010765
v -7.962528 0.822110 -0.004010
v -7.956345 0.822110 -0.004011
v -8.570695 0.822110 -0.010764
v -7.962528 0.822110 -0.004010
v -7.962528 0.822110 -0.010765
v -7.962528 0.822110 3.660138
v -7.956345 0.822110 -0.004011
v -7.962528 0.822110 -0.004010
v -7.962528 0.822110 3.660138
v -7.956346 0.822110 3.660138
v -7.956345 0.822110 -0.004011
v -7.956346 0.822109 3.666255
v -7.956346 0.822110 3.660138
v -7.962528 0.822110 3.660138
v -7.956346 0.822109 3.666255
v -7.962528 0.822110 3.660138
v -7.962528 0.822109 3.666255
v -7.962528 0.822109 3.666255
v -7.962528 0.822110 3.660138
v -8.570694 0.822110 3.660140
v -8.570694 0.822110 3.660140
v -7.962528 0.822110 3.660138
v -7.962528 0.822110 -0.004010
v -7.962528 0.822109 3.666255
v -8.570694 0.822110 3.660140
v -8.570694 0.822109 3.666256
v -8.577351 0.822109 3.666255
v -8.570694 0.822109 3.666256
v -8.570694 0.822110 3.660140
v -8.577351 0.822109 3.666255
v -8.570694 0.822110 3.660140
v -8.577351 0.822110 3.660138
v -8.570695 0.822110 -0.010764
v -8.570695 0.822110 -0.004008
v -7.962528 0.822110 -0.004010
v -8.570694 0.822110 3.660140
v -7.962528 0.822110 -0.004010
v -8.570695 0.822110 -0.004008
v -8.577351 0.822110 3.660138
v -8.570694 0.822110 3.660140
v -8.570695 0.822110 -0.004008
v -8.577351 0.822110 -0.010764
v -8.570695 0.822110 -0.004008
v -8.570695 0.822110 -0.010764
v -8.577351 0.822110 3.660138
v -8.570695 0.822110 -0.004008
v -8.577351 0.822110 -0.004010
v -8.577351 0.822110 -0.010764
v -8.577351 0.822110 -0.004010
v -8.570695 0.822110 -0.004008
v -7.962528 1.243544 -0.010765
v -7.956345 1.224148 -0.010765
v -7.956345 1.243544 -0.010765
v -7.962528 1.243544 -0.010765
v -7.962528 1.224148 -0.010765
v -7.956345 1.224148 -0.010765
v -8.570694 1.243545 -0.010764
v -7.962528 1.224148 -0.010765
v -7.962528 1.243544 -0.010765
v -7.956345 0.836018 -0.010765
v -7.956345 1.224148 -0.010765
v -7.962528 1.224148 -0.010765
v -8.570694 1.243545 -0.010764
v -8.570695 1.224148 -0.010764
v -7.962528 1.224148 -0.010765
v -8.577351 1.243545 -0.010764
v -8.570695 1.224148 -0.010764
v -8.570694 1.243545 -0.010764
v -8.577351 1.243545 -0.010764
v -8.577352 1.224148 -0.010764
v -8.570695 1.224148 -0.010764
v -8.577351 0.836018 -0.010763
v -8.570695 1.224148 -0.010764
v -8.577352 1.224148 -0.010764
v -7.956345 0.836018 -0.010765
v -7.962528 1.224148 -0.010765
v -7.962528 0.836018 -0.010765
v -7.962528 0.836018 -0.010765
v -7.962528 1.224148 -0.010765
v -8.570695 1.224148 -0.010764
v -7.956345 0.822110 -0.010765
v -7.956345 0.836018 -0.010765
v -7.962528 0.836018 -0.010765
v -7.956345 0.822110 -0.010765
v -7.962528 0.836018 -0.010765
v -7.962528 0.822110 -0.010765
v -8.577351 0.836018 -0.010763
v -8.570695 0.836018 -0.010763
v -8.570695 1.224148 -0.010764
v -7.962528 0.836018 -0.010765
v -8.570695 1.224148 -0.010764
v -8.570695 0.836018 -0.010763
v -7.962528 0.822110 -0.010765
v -7.962528 0.836018 -0.010765
v -8.570695 0.836018 -0.010763
v -8.577351 0.822110 -0.010764
v -8.570695 0.836018 -0.010763
v -8.577351 0.836018 -0.010763
v -7.962528 0.822110 -0.010765
v -8.570695 0.836018 -0.010763
v -8.570695 0.822110 -0.010764
v -8.577351 0.822110 -0.010764
v -8.570695 0.822110 -0.010764
v -8.570695 0.836018 -0.010763
v -8.577351 1.243545 -0.004010
v -8.577352 1.224148 -0.010764
v -8.577351 1.243545 -0.010764
v -8.577351 1.243545 -0.004010
v -8.577352 1.224148 -0.004010
v -8.577352 1.224148 -0.010764
v -8.577350 1.243545 3.660138
v -8.577352 1.224148 -0.004010
v -8.577351 1.243545 -0.004010
v -8.577351 0.836018 -0.010763
v -8.577352 1.224148 -0.010764
v -8.577352 1.224148 -0.004010
v -8.577350 1.243545 3.660138
v -8.577351 1.224148 3.660139
v -8.577352 1.224148 -0.004010
v -8.577350 1.243545 3.666255
v -8.577351 1.224148 3.660139
v -8.577350 1.243545 3.660138
v -8.577350 1.243545 3.666255
v -8.577351 1.224148 3.666256
v -8.577351 1.224148 3.660139
v -8.577351 0.836018 3.666256
v -8.577351 1.224148 3.660139
v -8.577351 1.224148 3.666256
v -8.577351 0.836018 3.666256
v -8.577351 0.836019 3.660140
v -8.577351 1.224148 3.660139
v -8.577351 0.836019 3.660140
v -8.577352 1.224148 -0.004010
v -8.577351 1.224148 3.660139
v -8.577351 0.822109 3.666255
v -8.577351 0.836019 3.660140
v -8.577351 0.836018 3.666256
v -8.577351 0.822109 3.666255
v -8.577351 0.822110 3.660138
v -8.577351 0.836019 3.660140
v -8.577351 0.836018 -0.010763
v -8.577352 1.224148 -0.004010
v -8.577351 0.836018 -0.004010
v -8.577351 0.836019 3.660140
v -8.577351 0.836018 -0.004010
v -8.577352 1.224148 -0.004010
v -8.577351 0.822110 3.660138
v -8.577351 0.836018 -0.004010
v -8.577351 0.836019 3.660140
v -8.577351 0.822110 -0.010764
v -8.577351 0.836018 -0.010763
v -8.577351 0.836018 -0.004010
v -8.577351 0.822110 3.660138
v -8.577351 0.822110 -0.004010
v -8.577351 0.836018 -0.004010
v -8.577351 0.822110 -0.010764
v -8.577351 0.836018 -0.004010
v -8.577351 0.822110 -0.004010
v -8.570693 1.243545 3.666255
v -8.577351 1.224148 3.666256
v -8.577350 1.243545 3.666255
v -8.570693 1.243545 3.666255
v -8.570694 1.224148 3.666256
v -8.577351 1.224148 3.666256
v -7.962528 1.243544 3.666255
v -8.570694 1.224148 3.666256
v -8.570693 1.243545 3.666255
v -8.577351 0.836018 3.666256
v -8.577351 1.224148 3.666256
v -8.570694 1.224148 3.666256
v -7.962528 1.243544 3.666255
v -7.962528 1.224148 3.666256
v -8.570694 1.224148 3.666256
v -7.956346 1.243544 3.666255
v -7.962528 1.224148 3.666256
v -7.962528 1.243544 3.666255
v -7.956346 1.243544 3.666255
v -7.956346 1.224148 3.666256
v -7.962528 1.224148 3.666256
v -7.956346 0.836018 3.666256
v -7.962528 1.224148 3.666256
v -7.956346 1.224148 3.666256
v -8.577351 0.836018 3.666256
v -8.570694 1.224148 3.666256
v -8.570694 0.836018 3.666256
v -8.570694 0.836018 3.666256
v -8.570694 1.224148 3.666256
v -7.962528 1.224148 3.666256
v -8.577351 0.822109 3.666255
v -8.577351 0.836018 3.666256
v -8.570694 0.836018 3.666256
v -8.577351 0.822109 3.666255
v -8.570694 0.836018 3.666256
v -8.570694 0.822109 3.666256
v -7.956346 0.836018 3.666256
v -7.962528 0.836018 3.666256
v -7.962528 1.224148 3.666256
v -8.570694 0.836018 3.666256
v -7.962528 1.224148 3.666256
v -7.962528 0.836018 3.666256
v -8.570694 0.822109 3.666256
v -8.570694 0.836018 3.666256
v -7.962528 0.836018 3.666256
v -7.956346 0.822109 3.666255
v -7.962528 0.836018 3.666256
v -7.956346 0.836018 3.666256
v -8.570694 0.822109 3.666256
v -7.962528 0.836018 3.666256
v -7.962528 0.822109 3.666255
v -7.956346 0.822109 3.666255
v -7.962528 0.822109 3.666255
v -7.962528 0.836018 3.666256
v -7.956346 1.243544 3.660138
v -7.956346 1.224148 3.666256
v -7.956346 1.243544 3.666255
v -7.956346 1.243544 3.660138
v -7.956346 1.224148 3.660139
v -7.956346 1.224148 3.666256
v -7.956345 1.243544 -0.004010
v -7.956346 1.224148 3.660139
v -7.956346 1.243544 3.660138
v -7.956346 0.836018 3.660139
v -7.956346 1.224148 3.666256
v -7.956346 1.224148 3.660139
v -7.956346 0.836018 3.660139
v -7.956346 0.836018 3.666256
v -7.956346 1.224148 3.666256
v -7.956345 1.243544 -0.004010
v -7.956345 1.224148 -0.004008
v -7.956346 1.224148 3.660139
v -7.956346 0.836018 3.660139
v -7.956346 1.224148 3.660139
v -7.956345 1.224148 -0.004008
v -7.956345 1.243544 -0.010765
v -7.956345 1.224148 -0.004008
v -7.956345 1.243544 -0.004010
v -7.956345 1.243544 -0.010765
v -7.956345 1.224148 -0.010765
v -7.956345 1.224148 -0.004008
v -7.956345 0.836018 -0.010765
v -7.956345 1.224148 -0.004008
v -7.956345 1.224148 -0.010765
v -7.956345 0.836018 -0.010765
v -7.956345 0.836018 -0.004010
v -7.956345 1.224148 -0.004008
v -7.956346 0.836018 3.660139
v -7.956345 1.224148 -0.004008
v -7.956345 0.836018 -0.004010
v -7.956345 0.822110 -0.010765
v -7.956345 0.836018 -0.004010
v -7.956345 0.836018 -0.010765
v -7.956345 0.822110 -0.010765
v -7.956345 0.822110 -0.004011
v -7.956345 0.836018 -0.004010
v -7.956346 0.822110 3.660138
v -7.956345 0.836018 -0.004010
v -7.956345 0.822110 -0.004011
v -7.956346 0.822110 3.660138
v -7.956346 0.836018 3.660139
v -7.956345 0.836018 -0.004010
v -7.956346 0.822110 3.660138
v -7.956346 0.836018 3.666256
v -7.956346 0.836018 3.660139
v -7.956346 0.822110 3.660138
v -7.956346 0.822109 3.666255
v -7.956346 0.836018 3.666256
v -6.738808 -5.131962 -0.017405
v -6.539997 -5.131962 -0.017405
v -6.543044 -5.131960 2.661853
v -6.738808 -5.131962 -0.017405
v -6.543044 -5.131960 2.661853
v -6.738808 -5.131960 2.868060
v -6.543044 -5.131960 2.661853
v -5.009075 -5.131962 2.657093
v -6.738808 -5.131960 2.868060
v -5.009075 -5.131962 2.657093
v -4.803806 -5.131961 2.868060
v -6.738808 -5.131960 2.868060
v -5.009075 -5.131962 2.657093
v -4.803806 -5.131962 -0.017404
v -4.803806 -5.131961 2.868060
v -5.009075 -5.131962 2.657093
v -5.024163 -5.131962 -0.017404
v -4.803806 -5.131962 -0.017404
v -6.539997 -5.131962 -0.017405
v -5.024163 -5.366528 -0.017406
v -6.539997 -5.366528 -0.017405
v -6.539997 -5.131962 -0.017405
v -5.024163 -5.131962 -0.017404
v -5.024163 -5.366528 -0.017406
v -5.024163 -5.131962 -0.017404
v -5.009075 -5.366529 2.657093
v -5.024163 -5.366528 -0.017406
v -5.024163 -5.131962 -0.017404
v -5.009075 -5.131962 2.657093
v -5.009075 -5.366529 2.657093
v -5.009075 -5.131962 2.657093
v -6.543044 -5.366527 2.661852
v -5.009075 -5.366529 2.657093
v -5.009075 -5.131962 2.657093
v -6.543044 -5.131960 2.661853
v -6.543044 -5.366527 2.661852
v -6.543044 -5.131960 2.661853
v -6.539997 -5.366528 -0.017405
v -6.543044 -5.366527 2.661852
v -6.543044 -5.131960 2.661853
v -6.539997 -5.131962 -0.017405
v -6.539997 -5.366528 -0.017405
v -6.738808 -5.153320 -0.017404
v -6.543044 -5.153318 2.661853
v -6.539997 -5.153320 -0.017404
v -6.738808 -5.153320 -0.017404
v -6.738808 -5.153318 2.868060
v -6.543044 -5.153318 2.661853
v -6.543044 -5.153318 2.661853
v -6.738808 -5.153318 2.868060
v -5.009075 -5.153319 2.657093
v -5.009075 -5.153319 2.657093
v -6.738808 -5.153318 2.868060
v -4.803806 -5.153319 2.868059
v -5.009075 -5.153319 2.657093
v -4.803806 -5.153319 2.868059
v -4.803806 -5.153320 -0.017404
v -5.009075 -5.153319 2.657093
v -4.803806 -5.153320 -0.017404
v -5.024163 -5.153320 -0.017404
v -6.539997 -5.131961 -0.025664
v -6.539997 -5.366529 -0.025664
v -5.024163 -5.366529 -0.025664
v -6.539997 -5.131961 -0.025664
v -5.024163 -5.366529 -0.025664
v -5.024163 -5.131962 -0.025662
v -5.015905 -5.131962 -0.017450
v -5.015905 -5.366528 -0.017452
v -5.000817 -5.366529 2.657047
v -5.015905 -5.131962 -0.017450
v -5.000817 -5.366529 2.657047
v -5.000817 -5.131962 2.657046
v -5.009050 -5.131961 2.665351
v -5.009050 -5.366528 2.665351
v -6.543017 -5.366527 2.670110
v -5.009050 -5.131961 2.665351
v -6.543017 -5.366527 2.670110
v -6.543017 -5.131960 2.670111
v -6.551302 -5.131960 2.661844
v -6.551302 -5.366527 2.661844
v -6.548256 -5.366528 -0.017416
v -6.551302 -5.131960 2.661844
v -6.548256 -5.366528 -0.017416
v -6.548256 -5.131962 -0.017414
v -6.539997 -5.131962 -0.017405
v -6.738808 -5.153320 -0.017404
v -6.539997 -5.153320 -0.017404
v -6.539997 -5.131962 -0.017405
v -6.738808 -5.131962 -0.017405
v -6.738808 -5.153320 -0.017404
v -6.738808 -5.131962 -0.017405
v -6.738808 -5.153318 2.868060
v -6.738808 -5.153320 -0.017404
v -6.738808 -5.131962 -0.017405
v -6.738808 -5.131960 2.868060
v -6.738808 -5.153318 2.868060
v -5.009075 -5.131962 2.657093
v -6.543044 -5.153318 2.661853
v -5.009075 -5.153319 2.657093
v -5.009075 -5.131962 2.657093
v -6.543044 -5.131960 2.661853
v -6.543044 -5.153318 2.661853
v -4.803806 -5.131962 -0.017404
v -5.024163 -5.153320 -0.017404
v -4.803806 -5.153320 -0.017404
v -4.803806 -5.131962 -0.017404
v -5.024163 -5.131962 -0.017404
v -5.024163 -5.153320 -0.017404
v -6.539997 -5.131962 -0.017405
v -6.539997 -5.366529 -0.025664
v -6.539997 -5.131961 -0.025664
v -6.539997 -5.131962 -0.017405
v -6.539997 -5.366528 -0.017405
v -6.539997 -5.366529 -0.025664
v -5.024163 -5.366528 -0.017406
v -5.024163 -5.131962 -0.025662
v -5.024163 -5.366529 -0.025664
v -5.024163 -5.366528 -0.017406
v -5.024163 -5.131962 -0.017404
v -5.024163 -5.131962 -0.025662
v -5.024163 -5.131962 -0.017404
v -5.015905 -5.366528 -0.017452
v -5.015905 -5.131962 -0.017450
v -5.024163 -5.131962 -0.017404
v -5.024163 -5.366528 -0.017406
v -5.015905 -5.366528 -0.017452
v -5.009075 -5.131962 2.657093
v -5.015905 -5.131962 -0.017450
v -5.000817 -5.131962 2.657046
v -5.009075 -5.131962 2.657093
v -5.024163 -5.131962 -0.017404
v -5.015905 -5.131962 -0.017450
v -5.009075 -5.131962 2.657093
v -5.009050 -5.366528 2.665351
v -5.009050 -5.131961 2.665351
v -5.009075 -5.131962 2.657093
v -5.009075 -5.366529 2.657093
v -5.009050 -5.366528 2.665351
v -6.543044 -5.131960 2.661853
v -6.539997 -5.153320 -0.017404
v -6.543044 -5.153318 2.661853
v -6.543044 -5.131960 2.661853
v -6.539997 -5.131962 -0.017405
v -6.539997 -5.153320 -0.017404
v -6.543044 -5.131960 2.661853
v -6.551302 -5.366527 2.661844
v -6.551302 -5.131960 2.661844
v -6.543044 -5.131960 2.661853
v -6.543044 -5.366527 2.661852
v -6.551302 -5.366527 2.661844
v -6.543044 -5.366527 2.661852
v -6.548256 -5.366528 -0.017416
v -6.551302 -5.366527 2.661844
v -6.543044 -5.366527 2.661852
v -6.539997 -5.366528 -0.017405
v -6.548256 -5.366528 -0.017416
v -6.539997 -5.131962 -0.017405
v -6.551302 -5.131960 2.661844
v -6.548256 -5.131962 -0.017414
v -6.539997 -5.131962 -0.017405
v -6.543044 -5.131960 2.661853
v -6.551302 -5.131960 2.661844
v -6.539997 -5.366528 -0.017405
v -6.548256 -5.131962 -0.017414
v -6.548256 -5.366528 -0.017416
v -6.539997 -5.366528 -0.017405
v -6.539997 -5.131962 -0.017405
v -6.548256 -5.131962 -0.017414
v -5.024163 -5.366528 -0.017406
v -5.000817 -5.366529 2.657047
v -5.015905 -5.366528 -0.017452
v -5.024163 -5.366528 -0.017406
v -5.009075 -5.366529 2.657093
v -5.000817 -5.366529 2.657047
v -6.738808 -5.131960 2.868060
v -4.803806 -5.153319 2.868059
v -6.738808 -5.153318 2.868060
v -6.738808 -5.131960 2.868060
v -4.803806 -5.131961 2.868060
v -4.803806 -5.153319 2.868059
v -5.009075 -5.366529 2.657093
v -5.000817 -5.131962 2.657046
v -5.000817 -5.366529 2.657047
v -5.009075 -5.366529 2.657093
v -5.009075 -5.131962 2.657093
v -5.000817 -5.131962 2.657046
v -5.024163 -5.131962 -0.017404
v -5.009075 -5.153319 2.657093
v -5.024163 -5.153320 -0.017404
v -5.024163 -5.131962 -0.017404
v -5.009075 -5.131962 2.657093
v -5.009075 -5.153319 2.657093
v -4.803806 -5.131961 2.868060
v -4.803806 -5.153320 -0.017404
v -4.803806 -5.153319 2.868059
v -4.803806 -5.131961 2.868060
v -4.803806 -5.131962 -0.017404
v -4.803806 -5.153320 -0.017404
v -6.543044 -5.131960 2.661853
v -5.009050 -5.131961 2.665351
v -6.543017 -5.131960 2.670111
v -6.543044 -5.131960 2.661853
v -5.009075 -5.131962 2.657093
v -5.009050 -5.131961 2.665351
v -5.009075 -5.366529 2.657093
v -6.543017 -5.366527 2.670110
v -5.009050 -5.366528 2.665351
v -5.009075 -5.366529 2.657093
v -6.543044 -5.366527 2.661852
v -6.543017 -5.366527 2.670110
v -6.543044 -5.366527 2.661852
v -6.543017 -5.131960 2.670111
v -6.543017 -5.366527 2.670110
v -6.543044 -5.366527 2.661852
v -6.543044 -5.131960 2.661853
v -6.543017 -5.131960 2.670111
v -5.024163 -5.131962 -0.017404
v -6.539997 -5.131961 -0.025664
v -5.024163 -5.131962 -0.025662
v -5.024163 -5.131962 -0.017404
v -6.539997 -5.131962 -0.017405
v -6.539997 -5.131961 -0.025664
v -6.539997 -5.366528 -0.017405
v -5.024163 -5.366529 -0.025664
v -6.539997 -5.366529 -0.025664
v -6.539997 -5.366528 -0.017405
v -5.024163 -5.366528 -0.017406
v -5.024163 -5.366529 -0.025664
vn 0.7071 0.4415 0.5524
vn 0.5774 -0.5774 -0.5773
vn 0.7071 -0.5524 0.4415
vn 0.7069 0.5526 -0.4415
vn 1.0000 0.0001 -0.0000
vn 0.7070 0.7073 0.0017
vn 0.7070 0.0001 -0.7072
vn 0.7070 0.0758 0.7031
vn 1.0000 -0.0000 -0.0000
vn 0.7070 -0.7072 -0.0000
vn 0.7071 -0.0016 0.7072
vn 0.5773 -0.1291 0.8063
vn 0.7071 -0.0000 -0.7072
vn 0.5774 -0.8062 -0.1291
vn 0.7070 0.7072 -0.0000
vn 0.7071 0.0686 -0.7038
vn 0.7071 -0.7071 -0.0000
vn 0.7071 0.7038 0.0687
vn 0.5774 0.7997 -0.1647
vn 0.7071 -0.7072 -0.0000
vn 0.5774 0.1646 0.7997
vn 1.0000 -0.0001 -0.0000
vn 0.7070 -0.0001 -0.7072
vn 0.7071 0.7031 -0.0755
vn 1.0000 -0.0000 0.0003
vn 0.7070 0.0017 0.7072
vn 0.5773 0.8065 0.1275
vn 0.7071 -0.7072 0.0018
vn 0.7070 -0.0000 -0.7072
vn 0.5776 0.1274 -0.8063
vn 0.7068 -0.0000 0.7074
vn -0.7072 0.4415 0.5522
vn -0.5772 -0.5774 -0.5775
vn -0.7072 0.4414 0.5523
vn -0.7071 0.5524 -0.4415
vn -0.7071 -0.5524 0.4415
vn -1.0000 -0.0000 -0.0000
vn -0.7070 0.0758 0.7031
vn -0.7071 -0.7072 -0.0000
vn -0.7071 -0.0016 -0.7072
vn -1.0000 -0.0001 -0.0000
vn -0.7072 0.7071 -0.0017
vn -0.7071 -0.0000 0.7072
vn -0.5775 -0.1292 0.8061
vn -1.0000 -0.0001 -0.0002
vn -0.7069 -0.0000 -0.7073
vn -0.5774 -0.8062 -0.1292
vn -0.7071 0.7072 0.0001
vn -0.7071 -0.7038 0.0685
vn -0.7071 -0.0686 -0.7038
vn -0.7070 0.7072 0.0001
vn -0.5773 0.7997 -0.1648
vn -1.0000 0.0001 -0.0000
vn -0.7071 -0.7071 -0.0000
vn -0.5773 0.1648 0.7997
vn -0.7071 0.0001 -0.7072
vn -0.7070 0.7031 -0.0758
vn -0.7071 0.0016 0.7072
vn -0.5774 0.8065 0.1274
vn -0.7070 -0.7072 -0.0001
vn -0.7070 -0.7072 0.0018
vn -0.7070 0.0001 -0.7072
vn -0.5774 0.1273 -0.8065
vn -0.7070 -0.0000 0.7072
vn -0.2825 0.6483 -0.7070
vn 0.5773 -0.5774 -0.5774
vn -0.2825 0.6483 -0.7071
vn 0.6482 0.2827 -0.7070
vn -0.6482 -0.2826 -0.7071
vn -0.0000 -0.0000 -1.0000
vn -0.6755 0.2092 -0.7070
vn 0.0001 -0.7072 -0.7070
vn -0.0109 0.7071 -0.7070
vn 0.7072 -0.0000 -0.7071
vn 0.2092 0.6755 -0.7070
vn 0.2712 0.7702 -0.5773
vn 0.7701 -0.2713 -0.5773
vn -0.7072 -0.0000 -0.7070
vn -0.0118 -0.7071 -0.7070
vn 0.7072 0.0001 -0.7070
vn -0.7071 -0.0109 -0.7070
vn -0.7932 0.1937 -0.5774
vn 0.7072 -0.0000 -0.7070
vn -0.1935 -0.7932 -0.5774
vn -0.0001 0.7072 -0.7070
vn -0.7071 0.0119 -0.7070
vn -0.1533 -0.6904 -0.7070
vn -0.8008 -0.1593 -0.5774
vn 0.6904 -0.1533 -0.7070
vn -0.1593 0.8008 -0.5774
vn -0.0000 -0.7072 -0.7070
vn -0.2325 0.7070 0.6679
vn 0.5773 0.5774 -0.5773
vn -0.2326 0.7070 0.6679
vn 0.6678 0.7070 0.2326
vn -0.6678 0.7070 -0.2326
vn -0.0000 1.0000 0.0001
vn -0.7072 0.7070 0.0038
vn -0.0000 0.7071 -0.7072
vn -0.0000 1.0000 -0.0000
vn -0.0087 0.7070 0.7072
vn 0.7072 0.7070 0.0001
vn 0.0038 0.7070 0.7072
vn 0.3769 0.5774 0.7243
vn -0.0000 0.7070 -0.7072
vn -0.0000 1.0000 -0.0001
vn 0.7242 0.5773 -0.3771
vn -0.7072 0.7070 -0.0001
vn -0.0078 0.7070 -0.7072
vn 0.7072 0.7070 -0.0000
vn -0.7071 0.7070 0.0079
vn -0.7609 0.5774 -0.2961
vn 0.7072 0.7070 0.0002
vn -0.2962 0.5774 0.7609
vn -0.7071 0.7070 -0.0087
vn -0.0027 0.7071 0.7072
vn -0.7715 0.5774 0.2672
vn 0.7071 0.7071 0.0026
vn -0.2672 0.5774 -0.7715
vn -0.0000 0.7071 0.7072
vn -0.3055 -0.6377 0.7071
vn 0.5774 0.5773 0.5774
vn -0.3055 -0.6378 0.7070
vn 0.6378 -0.3054 0.7071
vn -0.6378 0.3056 0.7070
vn -0.0000 -0.0000 1.0000
vn -0.6755 -0.2091 0.7071
vn -0.0000 0.7071 0.7071
vn -0.0120 -0.7071 0.7070
vn 0.7072 -0.0000 0.7070
vn 0.2092 -0.6755 0.7071
vn 0.2988 -0.7599 0.5774
vn -0.0001 0.7071 0.7071
vn 0.7599 0.2987 0.5773
vn -0.7072 -0.0000 0.7071
vn -0.0107 0.7071 0.7070
vn 0.7072 -0.0001 0.7070
vn -0.7071 0.0120 0.7070
vn -0.8008 -0.1594 0.5773
vn -0.1593 0.8008 0.5773
vn -0.0000 -0.7072 0.7070
vn -0.7071 -0.0108 0.7070
vn -0.1530 0.6904 0.7070
vn -0.7932 0.1935 0.5774
vn 0.6904 0.1533 0.7070
vn -0.0001 -0.7072 0.7070
vn -0.1936 -0.7932 0.5774
vn -0.0000 0.7072 0.7070
vn -0.2126 -0.7070 -0.6745
vn 0.5773 -0.5774 0.5774
vn -0.2128 -0.7070 -0.6744
vn 0.6744 -0.7070 -0.2127
vn -0.6744 -0.7070 0.2127
vn -0.0000 -1.0000 -0.0000
vn -0.7072 -0.7070 -0.0037
vn 0.0001 -0.7070 0.7072
vn 0.7071 -0.7070 0.0078
vn 0.0078 -0.7070 -0.7071
vn -0.7072 -0.7070 0.0001
vn 0.0040 -0.7070 -0.7072
vn 0.3553 -0.5774 -0.7352
vn 0.7351 -0.5774 0.3553
vn -0.7072 -0.7070 -0.0000
vn -0.0086 -0.7070 0.7071
vn 0.7072 -0.7070 -0.0000
vn -0.7071 -0.7070 -0.0087
vn -0.7716 -0.5774 0.2670
vn 0.7072 -0.7070 -0.0001
vn -0.2669 -0.5774 -0.7716
vn -0.0001 -0.7071 0.7072
vn 0.7072 -0.7071 0.0027
vn -0.0001 -0.7071 -0.7072
vn -0.0027 -0.7071 0.7072
vn -0.6473 -0.7071 -0.2847
vn 0.6473 -0.7070 0.2847
vn 0.2848 -0.7071 -0.6473
vn 0.2847 -0.7070 -0.6474
vn -0.5774 -0.5774 0.5773
vn 0.7071 0.3057 0.6377
vn 0.7070 0.3058 0.6377
vn 0.7070 -0.6376 0.3061
vn 0.7071 0.6376 -0.3057
vn 1.0000 -0.0000 0.0002
vn 0.7071 0.7072 0.0027
vn 0.7070 0.0081 0.7071
vn 0.7071 -0.0027 0.7072
vn 0.5774 -0.2996 0.7595
vn 0.7071 -0.0001 -0.7072
vn 0.5774 -0.7595 -0.2996
vn 0.7071 0.7072 -0.0000
vn 0.7071 0.0074 -0.7071
vn 0.7071 0.7071 0.0075
vn 0.5775 0.7494 -0.3238
vn 0.7070 -0.7072 0.0002
vn 1.0000 -0.0000 0.0004
vn 0.5774 0.3239 0.7495
vn 0.7070 0.7071 -0.0081
vn 0.7071 0.0030 0.7072
vn 0.5773 0.7604 0.2976
vn 0.7070 -0.7072 0.0001
vn 0.7071 -0.7072 0.0030
vn 0.5773 0.2975 -0.7604
vn 0.7070 -0.0000 0.7072
vn -0.7070 0.3057 0.6377
vn -0.5774 -0.5774 -0.5773
vn -0.7070 0.6377 -0.3057
vn -0.7070 -0.6377 0.3056
vn -0.7070 0.0080 0.7071
vn -0.7070 -0.0028 -0.7072
vn -0.7070 0.7072 -0.0027
vn -0.7070 -0.0001 0.7072
vn -0.5774 -0.2995 0.7596
vn -0.7070 -0.0000 -0.7072
vn -0.5774 -0.7595 -0.2996
vn -0.7071 0.7072 -0.0000
vn -0.7071 -0.7071 0.0073
vn -0.7071 -0.0074 -0.7071
vn -0.7070 0.7072 -0.0000
vn -0.5774 0.7494 -0.3241
vn -0.7070 -0.7072 -0.0000
vn -0.5774 0.3241 0.7494
vn -0.7070 0.7071 -0.0081
vn -0.7070 0.0030 0.7072
vn -0.5774 0.7604 0.2973
vn -0.7070 -0.7072 0.0029
vn -0.7071 -0.0000 -0.7072
vn -0.5774 0.2974 -0.7604
vn -0.4156 0.5722 -0.7070
vn 0.5722 0.4156 -0.7070
vn -0.5722 -0.4155 -0.7071
vn -0.0000 0.0001 -1.0000
vn -0.7068 0.0231 -0.7070
vn -0.0180 0.7070 -0.7069
vn 0.7072 0.0001 -0.7071
vn 0.0232 0.7068 -0.7070
vn 0.0921 0.8113 -0.5774
vn 0.0001 -0.7073 -0.7070
vn -0.0000 -0.0001 -1.0000
vn 0.8113 -0.0922 -0.5773
vn -0.7072 -0.0001 -0.7071
vn -0.0197 -0.7070 -0.7070
vn -0.7070 -0.0180 -0.7070
vn -0.8165 -0.0051 -0.5774
vn 0.0051 -0.8164 -0.5774
vn -0.0001 0.7073 -0.7069
vn -0.7069 0.0195 -0.7070
vn -0.0167 -0.7070 -0.7070
vn -0.8154 0.0426 -0.5774
vn 0.7070 -0.0166 -0.7070
vn 0.0426 0.8153 -0.5774
vn -0.0000 -0.7073 -0.7070
vn -0.2325 0.7071 0.6678
vn 0.5773 0.5774 -0.5774
vn 0.6678 0.7071 0.2325
vn -0.0087 0.7070 0.7071
vn 0.3771 0.5773 0.7242
vn 0.7242 0.5774 -0.3770
vn -0.7072 0.7070 -0.0000
vn -0.0078 0.7070 -0.7071
vn -0.7610 0.5774 -0.2960
vn 0.7072 0.7071 0.0002
vn -0.2960 0.5774 0.7609
vn -0.0027 0.7070 0.7072
vn -0.7716 0.5774 0.2672
vn 0.7072 0.7070 0.0026
vn -0.2671 0.5774 -0.7716
vn -0.0001 0.7070 0.7072
vn -0.4404 -0.5533 0.7071
vn 0.5774 0.5772 0.5774
vn -0.4405 -0.5533 0.7070
vn 0.5532 -0.4404 0.7071
vn -0.5533 0.4404 0.7071
vn -0.0000 -0.0001 1.0000
vn -0.7067 -0.0231 0.7071
vn 0.0001 0.7071 0.7071
vn -0.0199 -0.7069 0.7070
vn 0.0232 -0.7067 0.7071
vn 0.1279 -0.8064 0.5774
vn 0.8064 0.1280 0.5774
vn -0.7072 -0.0000 0.7070
vn -0.0180 0.7069 0.7071
vn -0.7069 0.0198 0.7071
vn -0.8154 0.0426 0.5774
vn 0.7072 -0.0001 0.7071
vn 0.0425 0.8154 0.5774
vn -0.7069 -0.0181 0.7071
vn -0.0167 0.7070 0.7071
vn -0.8165 -0.0052 0.5774
vn 0.7070 0.0165 0.7071
vn 0.0053 -0.8165 0.5774
vn -0.6745 -0.7070 0.2126
vn -0.7071 -0.7071 -0.0037
vn -0.7072 -0.7070 -0.0001
vn 0.0038 -0.7071 -0.7071
vn 0.3554 -0.5774 -0.7351
vn 0.7351 -0.5774 0.3555
vn -0.7715 -0.5774 0.2672
vn -0.2671 -0.5774 -0.7716
vn -0.0000 -0.7070 0.7072
vn 0.7072 -0.7070 0.0026
vn -0.0001 -0.7070 -0.7072
vn -0.0027 -0.7070 0.7072
vn -0.6474 -0.7070 -0.2847
vn 0.6473 -0.7070 0.2848
vn 0.7071 0.5532 0.4405
vn 0.7070 0.5533 0.4405
vn 0.7071 -0.4405 0.5532
vn 0.7070 0.4405 -0.5532
vn 0.7071 0.7072 0.0013
vn 0.7071 0.0001 -0.7072
vn 0.7070 0.0684 0.7039
vn 0.7071 -0.0012 0.7072
vn 0.5774 0.0525 0.8148
vn 0.5773 -0.8148 0.0524
vn 1.0000 -0.0000 0.0001
vn 0.7071 0.0619 -0.7044
vn 0.7071 -0.7072 0.0001
vn 0.7071 0.7044 0.0619
vn 0.5773 0.8153 0.0446
vn 0.5774 -0.0445 0.8153
vn 0.7070 0.7039 -0.0684
vn 0.7071 0.0013 0.7072
vn 0.5774 0.8121 -0.0842
vn 0.7071 -0.7072 0.0013
vn 0.5774 -0.0843 -0.8121
vn 0.7070 0.0002 0.7072
vn -0.7070 0.5532 0.4405
vn -0.5774 -0.5773 -0.5774
vn -0.7071 0.4405 -0.5532
vn -0.7071 -0.4406 0.5531
vn -0.7071 0.0684 0.7038
vn -0.7071 -0.0012 -0.7072
vn -0.7070 0.7072 -0.0011
vn -0.5774 0.0524 0.8148
vn -1.0000 -0.0000 -0.0001
vn -0.5773 -0.8148 0.0523
vn -0.7070 -0.7045 0.0619
vn -0.7069 -0.0620 -0.7046
vn -0.5773 0.8153 0.0442
vn -0.7070 -0.7072 0.0001
vn -0.5774 -0.0443 0.8153
vn -0.7070 -0.0001 -0.7072
vn -0.7070 0.7039 -0.0682
vn -0.7070 0.0015 0.7072
vn -0.5774 0.8121 -0.0844
vn -0.7071 -0.7072 0.0011
vn -0.7071 -0.0001 -0.7072
vn -0.5773 -0.0844 -0.8122
vn -0.7071 -0.0000 0.7071
vn -0.3733 0.6006 -0.7070
vn -0.3732 0.6006 -0.7071
vn 0.6007 0.3732 -0.7070
vn -0.6006 -0.3732 -0.7071
vn -0.7018 0.0873 -0.7071
vn -0.0245 0.7067 -0.7071
vn 0.0874 0.7017 -0.7071
vn 0.1786 0.7967 -0.5774
vn 0.0001 -0.7072 -0.7071
vn 0.7967 -0.1787 -0.5774
vn -0.7072 -0.0000 -0.7071
vn -0.0250 -0.7067 -0.7071
vn -0.7068 -0.0244 -0.7070
vn -0.7969 0.1779 -0.5773
vn -0.1778 -0.7969 -0.5773
vn -0.0000 0.7072 -0.7071
vn -0.7068 0.0250 -0.7070
vn -0.0855 -0.7019 -0.7071
vn -0.7985 -0.1706 -0.5773
vn 0.7020 -0.0854 -0.7071
vn -0.0000 0.7072 -0.7070
vn -0.1706 0.7985 -0.5773
vn -0.4351 0.7071 0.5574
vn 0.5774 0.5774 -0.5773
vn -0.4350 0.7070 0.5575
vn 0.5575 0.7071 0.4351
vn -0.5575 0.7070 -0.4351
vn -0.7072 0.7070 0.0019
vn 0.0001 0.7071 -0.7072
vn -0.0308 0.7070 0.7065
vn 0.0021 0.7070 0.7072
vn 0.1382 0.5774 0.8047
vn 0.0001 0.7070 -0.7072
vn 0.8047 0.5774 -0.1382
vn -0.7072 0.7071 -0.0000
vn -0.0278 0.7071 -0.7066
vn 0.7072 0.7071 0.0001
vn -0.7066 0.7071 0.0279
vn -0.8061 0.5774 -0.1298
vn -0.1299 0.5774 0.8061
vn -0.7065 0.7070 -0.0307
vn -0.0018 0.7071 0.7072
vn -0.8114 0.5773 0.0914
vn 0.7072 0.7071 0.0018
vn -0.0913 0.5773 -0.8114
vn -0.3786 -0.5973 0.7071
vn -0.3786 -0.5973 0.7070
vn 0.5973 -0.3785 0.7071
vn -0.5974 0.3785 0.7070
vn -0.7018 -0.0873 0.7071
vn -0.0000 0.7072 0.7071
vn -0.0250 -0.7067 0.7070
vn 0.0874 -0.7017 0.7071
vn 0.1857 -0.7951 0.5774
vn 0.0001 0.7072 0.7071
vn 0.7951 0.1858 0.5773
vn -0.0000 0.0001 1.0000
vn -0.7071 0.0001 0.7071
vn -0.0245 0.7068 0.7070
vn 0.7071 -0.0000 0.7071
vn -0.7067 0.0251 0.7071
vn -0.0000 0.0002 1.0000
vn -0.7985 -0.1706 0.5773
vn 0.7072 -0.0000 0.7071
vn -0.1706 0.7986 0.5771
vn -0.0001 -0.7070 0.7072
vn -0.7067 -0.0245 0.7071
vn -0.0857 0.7020 0.7070
vn -0.7969 0.1778 0.5773
vn 0.7020 0.0855 0.7070
vn -0.1777 -0.7970 0.5773
vn -0.4082 -0.7070 -0.5775
vn -0.4082 -0.7071 -0.5775
vn 0.5775 -0.7070 -0.4082
vn -0.5775 -0.7071 0.4081
vn -0.7072 -0.7071 -0.0019
vn 0.7066 -0.7071 0.0279
vn 0.0278 -0.7071 -0.7066
vn -0.7072 -0.7071 -0.0000
vn 0.0021 -0.7071 -0.7072
vn 0.1000 -0.5773 -0.8104
vn -0.0000 -0.7071 0.7072
vn 0.8103 -0.5774 0.1000
vn -0.0308 -0.7070 0.7065
vn -0.7065 -0.7070 -0.0308
vn -0.8114 -0.5774 0.0914
vn -0.0913 -0.5773 -0.8114
vn 0.7072 -0.7070 0.0019
vn -0.0019 -0.7070 0.7072
vn -0.5732 -0.7070 -0.4141
vn 0.5732 -0.7071 0.4142
vn 0.4142 -0.7070 -0.5732
vn 0.4141 -0.7071 -0.5732
vn -0.5773 -0.5774 0.5774
vn 0.7070 0.5217 0.4775
vn 0.5774 -0.5773 -0.5774
vn 0.7070 0.5216 0.4775
vn 0.7070 -0.4773 0.5218
vn 0.7070 0.4775 -0.5216
vn 0.7071 0.7072 0.0014
vn 0.7070 0.0164 0.7070
vn 0.7071 -0.0013 0.7072
vn 0.5774 -0.0043 0.8165
vn 0.5773 -0.8165 -0.0042
vn 0.7071 0.0149 -0.7070
vn 0.7071 0.7070 0.0152
vn 0.5774 0.8158 -0.0344
vn 0.5773 0.0344 0.8158
vn 0.7071 -0.0000 -0.7071
vn 0.7070 0.7070 -0.0165
vn 0.7071 0.0015 0.7072
vn 0.5774 0.8165 -0.0058
vn 0.7070 -0.7072 -0.0001
vn 0.7071 -0.7072 0.0015
vn 0.5774 -0.0060 -0.8165
vn -0.7071 0.5215 0.4776
vn -0.7070 0.5216 0.4775
vn -0.7070 0.4775 -0.5216
vn -0.7071 -0.4775 0.5215
vn -0.7071 0.0164 0.7070
vn -0.7071 -0.7072 -0.0001
vn -0.7071 -0.0013 -0.7072
vn -0.7071 0.7072 -0.0014
vn -0.5774 -0.0043 0.8165
vn -0.5774 -0.8165 -0.0042
vn -0.7071 -0.7070 0.0150
vn -0.7070 -0.0149 -0.7071
vn -0.5773 0.8158 -0.0345
vn -0.5774 0.0345 0.8157
vn -0.7071 0.7070 -0.0168
vn -0.5774 0.8165 -0.0061
vn -0.7071 -0.7072 0.0014
vn -0.5773 -0.0061 -0.8165
vn -0.2148 0.6738 -0.7070
vn -0.2147 0.6738 -0.7071
vn 0.6739 0.2146 -0.7070
vn -0.6738 -0.2148 -0.7071
vn -0.7056 0.0471 -0.7070
vn -0.0314 0.7065 -0.7070
vn 0.0470 0.7056 -0.7070
vn 0.3586 0.7336 -0.5772
vn 0.0001 -0.7070 -0.7072
vn -0.0000 0.0002 -1.0000
vn 0.7335 -0.3586 -0.5774
vn -0.7072 0.0001 -0.7071
vn -0.0338 -0.7062 -0.7072
vn 0.7072 0.0002 -0.7071
vn -0.7065 -0.0314 -0.7070
vn -0.7620 0.2932 -0.5774
vn -0.2931 -0.7621 -0.5774
vn -0.7064 0.0339 -0.7070
vn -0.0339 -0.7063 -0.7071
vn -0.7700 -0.2716 -0.5774
vn 0.7063 -0.0339 -0.7071
vn 0.0001 0.7072 -0.7070
vn -0.2716 0.7700 -0.5774
vn -0.2326 0.7070 0.6678
vn 0.6679 0.7070 0.2325
vn -0.7072 0.7070 0.0042
vn -0.0343 0.7070 0.7064
vn 0.0046 0.7070 0.7072
vn 0.3770 0.5774 0.7242
vn -0.0311 0.7071 -0.7065
vn 0.7072 0.7071 -0.0000
vn -0.7065 0.7071 0.0312
vn -0.2961 0.5773 0.7610
vn -0.7064 0.7070 -0.0343
vn -0.0030 0.7071 0.7072
vn 0.7072 0.7071 0.0030
vn -0.2295 -0.6689 0.7071
vn -0.2296 -0.6689 0.7070
vn 0.6689 -0.2295 0.7071
vn -0.6689 0.2296 0.7070
vn -0.7056 -0.0471 0.7071
vn -0.0339 -0.7064 0.7070
vn 0.0472 -0.7056 0.7071
vn 0.3748 -0.7254 0.5774
vn 0.7253 0.3749 0.5774
vn -0.0314 0.7065 0.7071
vn -0.7064 0.0338 0.7070
vn -0.7700 -0.2716 0.5773
vn -0.2716 0.7700 0.5773
vn -0.7065 -0.0315 0.7071
vn -0.0338 0.7064 0.7070
vn -0.7621 0.2929 0.5774
vn 0.7064 0.0338 0.7070
vn -0.2930 -0.7621 0.5774
vn -0.2126 -0.7071 -0.6744
vn -0.6744 -0.7071 0.2126
vn -0.7072 -0.7070 -0.0042
vn 0.7065 -0.7071 0.0311
vn 0.0312 -0.7071 -0.7065
vn 0.0046 -0.7070 -0.7072
vn 0.3553 -0.5774 -0.7351
vn 0.7351 -0.5774 0.3554
vn -0.0343 -0.7071 0.7063
vn -0.7063 -0.7070 -0.0343
vn 0.7072 -0.7071 -0.0001
vn 0.0001 -1.0000 -0.0000
vn 0.7072 -0.7070 0.0030
vn -0.0000 -0.7070 -0.7072
vn -0.0031 -0.7070 0.7072
vn 0.7070 0.5533 0.4404
vn 0.7070 -0.4404 0.5533
vn 0.7070 0.4404 -0.5533
vn 0.7071 0.7071 0.0013
vn 0.7071 -0.0002 -0.7072
vn 0.5773 0.0525 0.8149
vn 0.7071 0.0001 -0.7071
vn 0.5774 -0.8148 0.0524
vn 0.7070 0.7045 0.0620
vn 0.5774 0.8153 0.0445
vn 0.5773 -0.0445 0.8153
vn 0.7070 0.0001 0.7072
vn -0.7070 0.5533 0.4404
vn -0.7070 0.5533 0.4405
vn -0.7071 0.4403 -0.5533
vn -0.7070 -0.4404 0.5533
vn -0.5773 0.0524 0.8148
vn -0.5773 -0.8149 0.0523
vn -0.7070 -0.7045 0.0618
vn -0.5773 0.8153 0.0443
vn -0.5774 -0.0443 0.8152
vn -0.7069 -0.0001 -0.7073
vn -0.5773 0.8121 -0.0844
vn -0.6006 -0.3733 -0.7071
vn 0.1786 0.7966 -0.5776
vn 0.0001 -0.7074 -0.7069
vn -0.0000 -0.0003 -1.0000
vn 0.7967 -0.1788 -0.5773
vn -0.7072 -0.0002 -0.7071
vn -0.0250 -0.7069 -0.7069
vn 0.7072 -0.0001 -0.7071
vn -0.4352 0.7071 0.5574
vn -0.4351 0.7070 0.5575
vn 0.5574 0.7071 0.4352
vn 0.7072 0.7070 -0.0001
vn 0.0019 0.7070 0.7072
vn -0.8114 0.5773 0.0913
vn -0.0912 0.5773 -0.8114
vn 0.7951 0.1857 0.5774
vn -0.0855 0.7020 0.7070
vn 0.8104 -0.5774 0.0999
vn -0.8114 -0.5774 0.0913
vn -0.0912 -0.5773 -0.8114
vn 0.7070 -0.4775 0.5217
vn 0.5773 -0.0043 0.8165
vn 0.5774 -0.8165 -0.0043
vn 0.7070 0.7070 0.0152
vn 0.5774 0.8158 -0.0343
vn 0.5773 0.0343 0.8158
vn 0.7071 0.0014 0.7072
vn -0.7071 0.5216 0.4775
vn -0.5773 -0.5773 -0.5774
vn -0.7071 0.5217 0.4774
vn -0.7070 0.4775 -0.5217
vn -0.7071 -0.4774 0.5216
vn -0.7071 0.0164 0.7069
vn -0.7071 -0.7070 0.0152
vn -0.7069 -0.0149 -0.7072
vn -1.0000 -0.0000 -0.0002
vn -0.7070 -0.7072 -0.0002
vn -0.5773 0.0345 0.8158
vn -0.7071 0.7070 -0.0165
vn -0.5773 0.8165 -0.0060
vn -0.5774 -0.0060 -0.8165
vn 0.3586 0.7337 -0.5772
vn 0.0044 0.7070 0.7072
vn -0.2295 -0.6690 0.7070
vn -0.2296 -0.6690 0.7069
vn 0.6689 -0.2295 0.7070
vn -0.0339 -0.7065 0.7069
vn -0.0000 -0.0002 1.0000
vn -0.7700 -0.2717 0.5773
vn 0.7072 -0.0002 0.7070
vn -0.2716 0.7700 0.5774
vn -0.0001 -0.7073 0.7070
vn -0.6744 -0.7071 0.2127
vn -0.7063 -0.7071 -0.0343
vn -0.2669 -0.5773 -0.7716
vn 0.5774 -0.5774 -0.5772
vn 0.7071 0.4404 -0.5533
vn 0.7072 0.7071 0.0013
vn 0.7071 -0.0003 -0.7072
vn 0.5772 0.0525 0.8149
vn 0.5773 -0.8148 0.0525
vn 0.7071 0.7072 0.0001
vn 0.7072 0.0619 -0.7043
vn 0.7070 0.7044 0.0619
vn -0.7071 0.5533 0.4404
vn -0.7071 0.4404 -0.5533
vn -0.7071 -0.4404 0.5533
vn -0.5775 0.0524 0.8147
vn -0.7070 -0.0620 -0.7045
vn -0.5775 -0.0443 0.8152
vn -0.7071 0.7039 -0.0682
vn -0.5774 -0.0844 -0.8121
vn -0.3733 0.6007 -0.7070
vn -0.3732 0.6007 -0.7071
vn 0.0876 0.7017 -0.7071
vn -0.7985 -0.1707 -0.5773
vn 0.5973 -0.3786 0.7071
vn 0.0876 -0.7017 0.7071
vn 0.1858 -0.7951 0.5774
vn -0.7072 -0.0001 0.7071
vn -0.7072 -0.7071 0.0001
vn 0.8104 -0.5774 0.1000
vn -0.7065 -0.7070 -0.0306
vn 0.7071 -0.0014 0.7072
vn 0.5774 -0.8165 -0.0042
vn 0.7072 0.0149 -0.7069
vn 0.5773 0.8158 -0.0343
vn 0.5774 0.0343 0.8157
vn -0.7071 0.4775 -0.5216
vn -0.7071 -0.4774 0.5217
vn -0.5774 -0.0042 0.8165
vn -0.5776 0.0345 0.8156
vn -0.7068 -0.0001 -0.7074
vn -0.7070 0.0014 0.7072
vn -0.5774 0.8165 -0.0060
vn -0.7065 0.7071 0.0311
vn -0.0339 0.7064 0.7070
vn -0.2670 -0.5773 -0.7716
vn 0.7071 0.5533 0.4404
vn 0.5773 -0.5774 -0.5773
vn 0.7070 -0.4405 0.5532
vn 0.5774 0.0526 0.8148
vn 0.5774 -0.8148 0.0525
vn 0.7071 0.7072 -0.0001
vn 0.7071 0.7044 0.0620
vn 0.5774 0.8153 0.0444
vn -0.7071 0.5532 0.4405
vn -0.7071 0.4404 -0.5532
vn -0.7071 -0.4405 0.5532
vn -0.7070 0.0001 0.7072
vn -0.5773 0.0525 0.8149
vn -0.7070 0.7072 -0.0001
vn -0.5773 -0.0443 0.8153
vn -0.7070 0.0012 0.7072
vn 0.6005 0.3735 -0.7070
vn 0.0001 -0.7073 -0.7069
vn -0.3786 -0.5972 0.7071
vn 0.5774 0.5774 0.5773
vn 0.5973 -0.3784 0.7071
vn -0.5974 0.3787 0.7069
vn -0.0250 -0.7067 0.7071
vn 0.1858 -0.7950 0.5774
vn 0.0001 0.7072 0.7070
vn -0.7072 0.0001 0.7071
vn -0.0245 0.7068 0.7069
vn -0.7067 0.0250 0.7071
vn -0.7985 -0.1707 0.5773
vn -0.1706 0.7985 0.5773
vn -0.7067 -0.0245 0.7070
vn -0.7969 0.1779 0.5773
vn 0.7072 0.0001 0.7070
vn -0.1777 -0.7968 0.5775
vn -0.0000 0.7073 0.7069
vn -0.4081 -0.7071 -0.5775
vn 0.5774 -0.7070 -0.4084
vn 0.0019 -0.7071 -0.7072
vn 0.7070 -0.0002 -0.7072
vn 0.5774 0.0343 0.8158
vn -0.7071 -0.4773 0.5217
vn -0.7071 -0.0014 -0.7072
vn -0.5774 -0.8165 -0.0043
vn -0.5773 0.8158 -0.0346
vn 0.0472 0.7056 -0.7070
vn 0.7071 0.0002 -0.7071
vn 0.3748 -0.7255 0.5772
vn 0.0001 0.7070 0.7072
vn -0.0314 0.7064 0.7071
vn -0.7065 -0.0316 0.7070
vn -0.2930 -0.7622 0.5773
vn 0.0044 -0.7070 -0.7072
vn -0.2670 -0.5774 -0.7716
vn 0.7071 0.7072 0.0011
vn 0.7071 -0.0011 0.7072
vn 0.5774 0.8153 0.0446
vn 0.7071 0.0011 0.7072
vn 0.5774 0.8121 -0.0843
vn 0.7071 -0.7072 0.0011
vn -0.7071 -0.0010 -0.7072
vn -0.5774 0.0525 0.8148
vn -0.7070 -0.7045 0.0621
vn -0.5773 0.8153 0.0444
vn -0.7070 0.0010 0.7072
vn -0.5774 0.8121 -0.0845
vn -0.7071 -0.7072 0.0001
vn -0.7070 -0.7072 0.0010
vn -0.3733 0.6008 -0.7069
vn 0.5774 -0.5772 -0.5775
vn -0.3732 0.6008 -0.7069
vn 0.6007 0.3733 -0.7070
vn -0.6007 -0.3731 -0.7071
vn -0.7018 0.0873 -0.7070
vn -0.0245 0.7069 -0.7069
vn 0.0876 0.7017 -0.7070
vn 0.7967 -0.1787 -0.5773
vn -0.7072 -0.0001 -0.7070
vn -0.7068 -0.0245 -0.7070
vn -0.7969 0.1780 -0.5773
vn -0.1778 -0.7968 -0.5775
vn -0.7068 0.0248 -0.7070
vn -0.0855 -0.7020 -0.7071
vn -0.7985 -0.1708 -0.5773
vn 0.7072 -0.0001 -0.7070
vn 0.7020 -0.0855 -0.7071
vn -0.1706 0.7983 -0.5776
vn -0.0000 -0.7074 -0.7068
vn -0.7072 0.7070 0.0017
vn 0.0016 0.7070 0.7072
vn -0.0016 0.7071 0.7072
vn -0.8114 0.5774 0.0913
vn 0.7072 0.7071 0.0015
vn -0.0912 0.5774 -0.8114
vn -0.3786 -0.5974 0.7069
vn 0.5774 0.5772 0.5775
vn -0.3786 -0.5975 0.7069
vn -0.0250 -0.7070 0.7068
vn -0.0000 -0.0003 1.0000
vn 0.7072 -0.0003 0.7071
vn -0.7072 -0.0001 0.7070
vn -0.7067 0.0249 0.7071
vn -0.1706 0.7984 0.5775
vn -0.0001 -0.7073 0.7069
vn -0.7072 -0.7070 -0.0017
vn 0.0016 -0.7070 -0.7072
vn 0.1000 -0.5774 -0.8103
vn 0.7072 -0.7070 0.0001
vn -0.0913 -0.5774 -0.8114
vn 0.7072 -0.7071 0.0017
vn -0.0016 -0.7071 0.7072
vn -0.5732 -0.7071 -0.4141
vn 0.4142 -0.7071 -0.5732
vn 0.7070 -0.4775 0.5216
vn 0.7070 0.4774 -0.5217
vn 0.7071 0.7070 0.0150
vn -0.7071 -0.4776 0.5215
vn -0.7071 0.7072 -0.0011
vn -0.5773 0.8158 -0.0344
vn -0.5775 0.0345 0.8156
vn -0.7068 -0.0000 -0.7074
vn -0.7070 0.0013 0.7072
vn -0.7071 -0.7072 0.0013
vn 0.3587 0.7336 -0.5771
vn -0.0000 0.0003 -1.0000
vn 0.7334 -0.3587 -0.5774
vn -0.7071 0.0001 -0.7071
vn -0.7065 -0.0313 -0.7070
vn -0.7620 0.2933 -0.5773
vn -0.2931 -0.7620 -0.5774
vn -0.7064 0.0340 -0.7070
vn -0.2716 0.7701 -0.5772
vn -0.7072 0.7070 0.0037
vn -0.0310 0.7071 -0.7065
vn -0.7065 0.7070 0.0312
vn -0.2961 0.5773 0.7609
vn -0.0026 0.7071 0.7072
vn 0.7072 0.7071 0.0026
vn -0.2672 0.5773 -0.7715
vn -0.7621 0.2928 0.5774
vn 0.0038 -0.7070 -0.7072
vn -0.7716 -0.5774 0.2671
vn -0.0029 -0.7070 0.7072
vn 0.7071 0.7071 0.0011
vn 0.5773 0.0525 0.8148
vn 0.5774 -0.0842 -0.8121
vn -0.5774 -0.5772 -0.5774
vn -0.7070 0.7072 -0.0010
vn -0.7070 -0.7045 0.0622
vn -0.7071 0.7038 -0.0684
vn -0.7070 0.0011 0.7072
vn -0.5773 0.8121 -0.0845
vn -0.7071 -0.0002 -0.7072
vn 0.5773 -0.5773 -0.5775
vn -0.6006 -0.3731 -0.7071
vn -0.7017 0.0873 -0.7071
vn -0.1778 -0.7968 -0.5774
vn -0.1706 0.7984 -0.5775
vn -0.0000 -0.0002 -1.0000
vn -0.0000 -0.7073 -0.7069
vn -0.3785 -0.5973 0.7071
vn 0.5774 0.5773 0.5773
vn 0.5973 -0.3787 0.7070
vn -0.5974 0.3784 0.7071
vn -0.7017 -0.0873 0.7071
vn -0.0250 -0.7068 0.7070
vn 0.1857 -0.7951 0.5773
vn 0.7951 0.1859 0.5773
vn -0.7071 0.0002 0.7071
vn -0.0245 0.7069 0.7069
vn 0.7072 0.0001 0.7071
vn -0.7072 -0.7071 -0.0017
vn 0.7066 -0.7071 0.0278
vn 0.0016 -0.7071 -0.7072
vn 0.1000 -0.5774 -0.8104
vn -0.0000 -1.0000 -0.0001
vn 0.7072 -0.7070 0.0017
vn -0.0016 -0.7070 0.7072
vn -0.5733 -0.7070 -0.4141
vn 0.7071 0.5216 0.4774
vn 0.7071 -0.4774 0.5216
vn 0.7071 0.0164 0.7070
vn 0.5773 -0.0042 0.8165
vn 0.7071 0.0149 -0.7069
vn 0.5773 0.8158 -0.0344
vn 0.7071 0.7070 -0.0165
vn 0.7071 -0.7072 -0.0001
vn -0.5773 0.8165 -0.0061
vn -0.7070 -0.7072 0.0013
vn -0.7056 0.0472 -0.7070
vn -0.0314 0.7065 -0.7071
vn 0.3586 0.7337 -0.5771
vn -0.7065 -0.0314 -0.7071
vn -0.7063 0.0339 -0.7071
vn -0.7700 -0.2715 -0.5774
vn -0.2716 0.7700 -0.5773
vn -0.0000 -0.7071 -0.7071
vn 0.6680 0.7070 0.2323
vn 0.0037 0.7070 0.7072
vn 0.3771 0.5774 0.7242
vn -0.7715 0.5774 0.2673
vn 0.3748 -0.7254 0.5773
vn 0.7253 0.3751 0.5773
vn -0.0000 0.0003 1.0000
vn -0.7072 0.0002 0.7071
vn -0.0314 0.7067 0.7068
vn 0.7072 0.0003 0.7071
vn -0.7064 0.0341 0.7070
vn -0.7701 -0.2714 0.5774
vn -0.0000 0.0004 1.0000
vn 0.7072 0.0002 0.7070
vn -0.2715 0.7700 0.5774
vn 0.0037 -0.7071 -0.7071
vn 0.0001 -0.7071 0.7072
vn 0.7350 -0.5774 0.3555
vn -0.5533 0.7071 0.4404
vn 0.5774 0.5773 -0.5773
vn -0.5533 0.7070 0.4404
vn 0.4404 0.7071 0.5532
vn -0.4404 0.7070 -0.5534
vn -0.7072 0.7071 0.0011
vn -0.0684 0.7071 0.7038
vn 0.0010 0.7071 0.7072
vn -0.0525 0.5774 0.8148
vn 0.8148 0.5774 0.0524
vn -0.0619 0.7071 -0.7044
vn -0.7044 0.7071 0.0620
vn -0.8153 0.5774 0.0445
vn 0.0445 0.5774 0.8153
vn -0.7039 0.7070 -0.0684
vn -0.0011 0.7071 0.7072
vn -0.8121 0.5773 -0.0843
vn 0.7072 0.7071 0.0011
vn 0.0842 0.5773 -0.8122
vn -0.5532 -0.7071 0.4405
vn 0.5773 -0.5773 -0.5774
vn -0.4405 -0.7070 -0.5533
vn 0.4406 -0.7071 0.5531
vn -0.0684 -0.7071 0.7038
vn 0.7072 -0.7071 -0.0000
vn 0.0010 -0.7071 -0.7072
vn -0.7072 -0.7070 -0.0010
vn -0.0525 -0.5773 0.8148
vn -0.0001 -1.0000 -0.0000
vn 0.8148 -0.5773 0.0522
vn 0.7045 -0.7070 0.0622
vn 0.0620 -0.7069 -0.7046
vn -0.8153 -0.5773 0.0443
vn 0.0443 -0.5774 0.8152
vn -0.0000 -0.7069 -0.7073
vn -0.7038 -0.7070 -0.0684
vn -0.0010 -0.7070 0.7072
vn -0.8121 -0.5773 -0.0843
vn 0.7072 -0.7070 0.0010
vn 0.0001 -0.7071 -0.7072
vn 0.0844 -0.5772 -0.8122
vn -0.0000 -0.7071 0.7071
vn -0.6006 -0.3734 -0.7070
vn 0.5774 0.5773 -0.5774
vn -0.6007 -0.3733 -0.7070
vn -0.3732 0.6007 -0.7070
vn 0.3731 -0.6007 -0.7071
vn -0.0873 -0.7018 -0.7070
vn -0.7067 -0.0245 -0.7071
vn -0.7018 0.0874 -0.7070
vn -0.7967 0.1785 -0.5774
vn 0.1785 0.7967 -0.5774
vn 0.7067 -0.0250 -0.7071
vn -0.0001 0.7072 -0.7071
vn 0.0244 -0.7067 -0.7071
vn -0.1779 -0.7969 -0.5774
vn 0.7969 -0.1778 -0.5774
vn -0.0250 -0.7068 -0.7070
vn 0.1707 -0.7985 -0.5773
vn 0.0855 0.7020 -0.7071
vn -0.7069 -0.4351 0.5576
vn -0.5775 0.5773 -0.5772
vn -0.7070 -0.4350 0.5577
vn -0.7071 0.5575 0.4350
vn -0.7070 -0.5575 -0.4352
vn -0.7070 -0.7072 0.0017
vn -0.7069 -0.0308 0.7067
vn -1.0000 -0.0000 0.0002
vn -0.7070 0.0016 0.7072
vn -0.5774 0.1381 0.8047
vn -0.5774 0.8047 -0.1382
vn -1.0000 -0.0001 -0.0001
vn -0.7071 -0.0278 -0.7065
vn -0.7070 0.7072 0.0002
vn -1.0000 -0.0000 0.0001
vn -0.7071 -0.7065 0.0277
vn -1.0000 -0.0000 -0.0003
vn -0.5774 -0.8061 -0.1298
vn -0.7071 0.7071 -0.0000
vn -0.5774 -0.1299 0.8061
vn -0.7070 -0.7066 -0.0309
vn -0.7071 -0.0016 0.7072
vn -0.5774 -0.8114 0.0914
vn -0.7071 0.7072 0.0015
vn -0.5774 -0.0913 -0.8114
vn 0.5973 -0.3786 0.7070
vn -0.5773 0.5773 0.5774
vn 0.5974 -0.3786 0.7069
vn 0.3785 0.5973 0.7071
vn -0.3785 -0.5974 0.7070
vn 0.0873 -0.7018 0.7071
vn 0.7067 -0.0250 0.7070
vn 0.7017 0.0874 0.7071
vn 0.7951 0.1858 0.5774
vn -0.1858 0.7951 0.5774
vn -0.0000 -0.7072 0.7071
vn -0.7068 -0.0245 0.7070
vn 0.1707 -0.7985 0.5773
vn 0.0245 -0.7067 0.7071
vn -0.7020 -0.0855 0.7070
vn -0.1778 -0.7969 0.5774
vn 0.7970 -0.1777 0.5772
vn 0.0001 -0.0000 1.0000
vn 0.7070 -0.4082 -0.5775
vn 0.7071 -0.4082 -0.5775
vn 0.7070 0.5775 -0.4082
vn 0.7071 -0.5775 0.4081
vn 0.7071 -0.7072 -0.0017
vn 0.7071 0.7066 0.0279
vn 0.7073 0.0278 -0.7064
vn 0.7070 -0.7072 0.0003
vn 0.7071 0.0016 -0.7072
vn 0.5774 0.1000 -0.8104
vn 0.7071 -0.0000 0.7072
vn 0.5774 0.8104 0.1000
vn 0.7070 -0.0308 0.7065
vn 0.7070 0.7072 -0.0001
vn 0.7070 -0.7065 -0.0308
vn 0.5774 -0.8114 0.0913
vn 0.5774 -0.0912 -0.8114
vn 0.7070 -0.0001 0.7072
vn 0.7070 0.7072 0.0017
vn 0.7070 -0.0016 0.7072
vn 0.7070 -0.5732 -0.4142
vn 0.7071 0.5732 0.4142
vn 0.7070 0.4142 -0.5732
vn 0.7071 0.4141 -0.5732
vn 0.5774 -0.5773 0.5774
vn -0.5217 0.7071 0.4774
vn 0.5773 0.5773 -0.5774
vn 0.4774 0.7071 0.5216
vn -0.4774 0.7070 -0.5217
vn -0.7072 0.7071 0.0013
vn -0.0164 0.7071 0.7070
vn 0.0012 0.7071 0.7072
vn 0.0043 0.5774 0.8165
vn 0.8165 0.5774 -0.0043
vn -0.0149 0.7071 -0.7070
vn -0.7070 0.7071 0.0152
vn -0.8158 0.5774 -0.0344
vn -0.0344 0.5774 0.8158
vn -0.7070 0.7070 -0.0165
vn -0.0013 0.7071 0.7072
vn -0.8165 0.5774 -0.0059
vn 0.0060 0.5773 -0.8165
vn -0.5216 -0.7071 0.4775
vn -0.4775 -0.7070 -0.5217
vn 0.4775 -0.7071 0.5215
vn -0.0164 -0.7071 0.7069
vn 0.0012 -0.7071 -0.7072
vn -0.7072 -0.7071 -0.0011
vn 0.0042 -0.5774 0.8165
vn 0.8165 -0.5774 -0.0042
vn -0.7072 -0.7071 -0.0001
vn 0.7070 -0.7071 0.0149
vn 0.0149 -0.7069 -0.7071
vn -0.8158 -0.5773 -0.0345
vn -0.0345 -0.5774 0.8158
vn -0.7070 -0.7071 -0.0166
vn -0.0013 -0.7070 0.7072
vn -0.8165 -0.5774 -0.0061
vn 0.7072 -0.7070 0.0013
vn -0.0000 -0.7071 -0.7072
vn 0.0061 -0.5772 -0.8165
vn -0.6738 -0.2148 -0.7070
vn -0.6738 -0.2147 -0.7070
vn -0.2147 0.6738 -0.7070
vn 0.2147 -0.6738 -0.7070
vn -0.0471 -0.7056 -0.7070
vn -0.7056 0.0470 -0.7070
vn -0.7335 0.3586 -0.5774
vn 0.3587 0.7335 -0.5773
vn -0.0000 -0.7072 -0.7071
vn 0.7064 -0.0338 -0.7071
vn 0.0314 -0.7065 -0.7070
vn -0.2932 -0.7621 -0.5773
vn 0.7621 -0.2931 -0.5773
vn -0.0339 -0.7064 -0.7070
vn 0.2716 -0.7700 -0.5773
vn 0.0339 0.7063 -0.7071
vn -0.7700 -0.2716 -0.5773
vn -0.7070 -0.2326 0.6678
vn -0.5774 0.5774 -0.5773
vn -0.7070 -0.2325 0.6679
vn -0.7070 0.6679 0.2327
vn -0.7071 -0.6678 -0.2325
vn -0.7070 -0.7072 0.0037
vn -0.7071 -0.0343 0.7063
vn -0.7070 0.0036 0.7072
vn -0.5774 0.3771 0.7242
vn -0.5773 0.7242 -0.3772
vn -0.7071 -0.7071 -0.0001
vn -0.7071 -0.0311 -0.7064
vn -0.7071 -0.7064 0.0311
vn -0.5773 -0.7610 -0.2960
vn -0.5773 -0.2961 0.7610
vn -0.7070 -0.7064 -0.0343
vn -0.7071 -0.0026 0.7072
vn -0.5774 -0.7715 0.2671
vn -0.7071 0.7072 0.0025
vn -0.5774 -0.2672 -0.7715
vn -0.5773 0.5774 0.5774
vn 0.6689 -0.2296 0.7070
vn 0.2295 0.6689 0.7071
vn 0.0471 -0.7056 0.7071
vn 0.7064 -0.0339 0.7070
vn 0.7056 0.0472 0.7071
vn 0.7254 0.3748 0.5774
vn -0.3749 0.7253 0.5774
vn -0.7065 -0.0314 0.7071
vn -0.0338 -0.7064 0.7070
vn 0.2716 -0.7700 0.5773
vn 0.0315 -0.7065 0.7071
vn -0.7064 -0.0339 0.7070
vn -0.2929 -0.7621 0.5775
vn 0.7621 -0.2930 0.5773
vn 0.7070 -0.2126 -0.6745
vn 0.7071 -0.2126 -0.6744
vn 0.7070 0.6744 -0.2128
vn 0.7071 -0.6744 0.2126
vn 0.7070 -0.7072 -0.0037
vn 0.7071 0.7065 0.0311
vn 0.7071 0.0312 -0.7065
vn 0.7070 0.0034 -0.7072
vn 0.5776 0.3553 -0.7349
vn 0.7068 0.0001 0.7074
vn 0.5774 0.7351 0.3553
vn 1.0000 -0.0000 -0.0002
vn 0.7070 -0.0343 0.7064
vn 0.7071 0.7071 -0.0000
vn 0.7070 -0.7064 -0.0342
vn 0.5773 -0.7716 0.2671
vn 0.7071 0.7071 -0.0001
vn 0.5774 -0.2670 -0.7716
vn 0.7070 0.7072 0.0026
vn 0.7070 -0.0029 0.7072
vn 0.7070 -0.6474 -0.2848
vn 1.0000 -0.0000 -0.0001
vn 0.7071 0.6473 0.2846
vn 0.7072 0.2846 -0.6472
vn 0.7071 0.2847 -0.6472
vn 0.5772 -0.5774 0.5775
vn 0.7071 0.7072 0.0010
vn 0.7070 0.7039 -0.0683
vn 0.7071 0.0012 0.7072
vn 0.5774 0.8122 -0.0841
vn -0.7071 0.7072 -0.0010
vn -0.5773 -0.8148 0.0524
vn -0.7070 -0.7045 0.0617
vn -0.5774 0.8121 -0.0843
vn -0.7071 -0.7072 0.0010
vn -0.1889 0.6815 -0.7070
vn -0.1889 0.6815 -0.7071
vn 0.6815 0.1889 -0.7070
vn -0.6815 -0.1889 -0.7071
vn -0.6812 0.1901 -0.7070
vn -0.0098 0.7071 -0.7071
vn 0.1901 0.6812 -0.7070
vn 0.3985 0.7126 -0.5774
vn 0.7127 -0.3985 -0.5774
vn -0.0099 -0.7071 -0.7070
vn -0.7071 -0.0098 -0.7071
vn -0.7466 0.3304 -0.5774
vn -0.3303 -0.7467 -0.5774
vn -0.7071 0.0102 -0.7070
vn -0.1387 -0.6934 -0.7071
vn -0.7489 -0.3253 -0.5774
vn 0.6934 -0.1388 -0.7071
vn -0.3253 0.7489 -0.5774
vn -0.6678 0.7070 -0.2327
vn -0.0122 0.7070 0.7071
vn -0.0111 0.7071 -0.7071
vn -0.7071 0.7071 0.0111
vn -0.7071 0.7070 -0.0122
vn -0.1924 -0.6802 0.7073
vn 0.5774 0.5775 0.5771
vn -0.1925 -0.6803 0.7072
vn 0.6805 -0.1924 0.7070
vn -0.6805 0.1925 0.7071
vn -0.6811 -0.1901 0.7071
vn -0.0100 -0.7071 0.7071
vn 0.1901 -0.6812 0.7070
vn 0.4022 -0.7103 0.5777
vn 0.0001 0.7074 0.7068
vn 0.7106 0.4022 0.5773
vn -0.0098 0.7071 0.7070
vn -0.7071 0.0100 0.7071
vn -0.7489 -0.3253 0.5773
vn -0.3253 0.7491 0.5771
vn -0.7071 -0.0096 0.7070
vn -0.1388 0.6934 0.7070
vn -0.7468 0.3302 0.5773
vn 0.6934 0.1388 0.7070
vn -0.3302 -0.7466 0.5776
vn -0.0000 0.7074 0.7068
vn -0.2128 -0.7071 -0.6744
vn -0.6744 -0.7071 0.2128
vn 0.7071 -0.7071 0.0111
vn 0.0111 -0.7071 -0.7071
vn -0.0122 -0.7070 0.7071
vn -0.7071 -0.7070 -0.0125
vn 0.6473 -0.7071 0.2847
vn 0.2847 -0.7071 -0.6473
vn 0.7070 0.0079 0.7071
vn 0.5776 -0.0043 0.8163
vn 0.7068 -0.0000 -0.7074
vn 0.7071 0.0071 -0.7071
vn 0.7070 0.7072 0.0074
vn 0.7070 0.7071 -0.0079
vn 0.5774 -0.0059 -0.8165
vn -0.7071 -0.4775 0.5216
vn -0.7071 0.0079 0.7071
vn -0.7071 -0.7071 0.0071
vn -0.7070 -0.0071 -0.7072
vn -0.7071 0.7071 -0.0079
vn -0.5774 -0.0061 -0.8165
vn -0.2148 0.6738 -0.7071
vn 0.6738 0.2147 -0.7071
vn -0.7068 0.0225 -0.7071
vn -0.0112 0.7071 -0.7070
vn 0.0227 0.7068 -0.7071
vn -0.0121 -0.7070 -0.7071
vn -0.7071 -0.0113 -0.7070
vn -0.7071 0.0121 -0.7071
vn -0.0162 -0.7070 -0.7071
vn 0.7070 -0.0162 -0.7071
vn 0.0040 0.7070 0.7072
vn -0.7070 0.7071 0.0111
vn -0.7068 -0.0225 0.7071
vn -0.0121 -0.7071 0.7070
vn 0.0225 -0.7068 0.7071
vn 0.7253 0.3747 0.5775
vn -0.7072 -0.0002 0.7070
vn -0.0113 0.7069 0.7072
vn -0.7071 0.0122 0.7071
vn -0.2715 0.7701 0.5773
vn -0.7070 -0.0113 0.7071
vn -0.0162 0.7070 0.7070
vn -0.7621 0.2930 0.5774
vn 0.7070 0.0161 0.7070
vn -0.2931 -0.7620 0.5774
vn 0.5773 -0.5773 0.5774
vn -0.6744 -0.7070 0.2128
vn -0.0000 -1.0000 0.0001
vn 0.7071 -0.7070 0.0111
vn 0.0111 -0.7070 -0.7071
vn -0.7071 -0.7070 -0.0123
vn 0.6474 -0.7070 0.2847
vn 0.2846 -0.7070 -0.6474
vn -0.4404 0.7070 -0.5533
vn -0.7072 0.7071 0.0010
vn -0.0684 0.7070 0.7039
vn -0.8122 0.5774 -0.0841
vn 0.0842 0.5774 -0.8121
vn -0.4405 -0.7071 -0.5532
vn 0.4406 -0.7071 0.5532
vn -0.0525 -0.5774 0.8148
vn -0.0001 -1.0000 -0.0001
vn 0.8149 -0.5773 0.0522
vn 0.0001 -1.0000 -0.0002
vn 0.7045 -0.7070 0.0619
vn -0.0000 -1.0000 -0.0002
vn 0.7072 -0.7070 -0.0002
vn 0.0443 -0.5775 0.8152
vn -0.7039 -0.7071 -0.0682
vn -0.8121 -0.5774 -0.0842
vn 0.7072 -0.7071 0.0010
vn 0.0844 -0.5774 -0.8121
vn -0.6815 -0.1889 -0.7070
vn 0.1889 -0.6815 -0.7071
vn -0.1901 -0.6812 -0.7070
vn -0.7126 0.3985 -0.5774
vn 0.7071 -0.0099 -0.7070
vn 0.0098 -0.7071 -0.7071
vn -0.3305 -0.7466 -0.5774
vn 0.7467 -0.3303 -0.5774
vn -0.0100 -0.7071 -0.7070
vn 0.6934 -0.1387 -0.7071
vn 0.3253 -0.7488 -0.5774
vn 0.1388 0.6935 -0.7070
vn -0.7489 -0.3252 -0.5774
vn -0.5774 0.5773 -0.5774
vn -0.7070 -0.2326 0.6679
vn -0.7070 0.6678 0.2328
vn -0.7070 -0.0122 0.7071
vn -0.7070 0.0038 0.7072
vn -0.5774 0.7242 -0.3769
vn -0.7070 -0.7072 0.0002
vn -0.7070 -0.0111 -0.7071
vn -0.7071 -0.7071 0.0111
vn -0.5774 -0.7610 -0.2959
vn -0.5776 -0.2961 0.7607
vn -0.7069 0.0001 -0.7073
vn -0.7070 -0.7071 -0.0122
vn -0.7071 -0.0027 0.7072
vn -0.5774 -0.7715 0.2673
vn -0.7071 0.7072 0.0026
vn 0.6805 -0.1924 0.7071
vn 0.6805 -0.1925 0.7070
vn 0.1924 0.6805 0.7070
vn -0.1925 -0.6805 0.7071
vn 0.1901 -0.6811 0.7071
vn 0.7071 -0.0100 0.7071
vn 0.6811 0.1901 0.7071
vn -0.4022 0.7106 0.5773
vn -0.7071 -0.0098 0.7070
vn 0.3253 -0.7490 0.5773
vn 0.0098 -0.7071 0.7070
vn -0.6934 -0.1388 0.7070
vn -0.3302 -0.7468 0.5773
vn -0.1388 0.6934 0.7071
vn 0.7468 -0.3302 0.5773
vn 0.7070 -0.2127 -0.6745
vn 0.7071 -0.2128 -0.6744
vn 0.7071 -0.6744 0.2127
vn 0.7071 -0.7071 -0.0037
vn 0.7071 0.7070 0.0112
vn 0.7072 0.0111 -0.7069
vn 0.7071 0.0037 -0.7071
vn 0.5774 0.3553 -0.7351
vn 0.5774 0.7351 0.3554
vn 0.7070 -0.0122 0.7071
vn 0.7070 -0.7071 -0.0123
vn 0.5774 -0.7715 0.2672
vn 0.5774 -0.2671 -0.7716
vn 0.7071 -0.6473 -0.2847
vn 0.7070 0.6472 0.2850
vn 0.7071 0.2848 -0.6473
vn 0.7071 0.2847 -0.6473
vn -0.5217 0.7070 0.4775
vn 0.4775 0.7070 0.5217
vn -0.4775 0.7070 -0.5216
vn -0.0079 0.7070 0.7071
vn -0.0071 0.7071 -0.7071
vn -0.7071 0.7071 0.0071
vn -0.0343 0.5774 0.8158
vn -0.7071 0.7070 -0.0079
vn 0.0059 0.5774 -0.8165
vn -0.5215 -0.7071 0.4776
vn -0.4775 -0.7071 -0.5216
vn 0.4776 -0.7071 0.5215
vn -0.0079 -0.7071 0.7071
vn 0.0043 -0.5774 0.8164
vn 0.8165 -0.5774 -0.0043
vn 0.7071 -0.7071 0.0071
vn 0.0071 -0.7069 -0.7073
vn -0.8158 -0.5773 -0.0347
vn -0.0346 -0.5774 0.8157
vn 0.0001 -0.7069 -0.7073
vn -0.7071 -0.7071 -0.0079
vn -0.8165 -0.5774 -0.0062
vn 0.0061 -0.5773 -0.8165
vn -0.2148 0.6737 -0.7071
vn 0.2148 -0.6738 -0.7070
vn -0.0225 -0.7068 -0.7071
vn -0.7071 -0.0112 -0.7070
vn 0.3587 0.7335 -0.5774
vn 0.7071 -0.0121 -0.7071
vn 0.0113 -0.7071 -0.7070
vn -0.2932 -0.7620 -0.5774
vn 0.7621 -0.2931 -0.5774
vn -0.0121 -0.7071 -0.7071
vn 0.2716 -0.7699 -0.5774
vn 0.0162 0.7070 -0.7070
vn -0.7070 0.6680 0.2322
vn -0.7070 -0.6678 -0.2327
vn -0.7072 -0.0122 0.7069
vn -0.7070 0.7072 -0.0002
vn -0.5773 0.7242 -0.3771
vn -0.7069 -0.0111 -0.7072
vn -0.7071 0.7071 -0.0002
vn -0.7070 -0.7071 0.0113
vn -0.5773 -0.7609 -0.2961
vn -0.7071 0.7071 0.0001
vn -0.5771 -0.2961 0.7611
vn -0.7072 0.0001 -0.7070
vn -0.5773 0.5774 0.5773
vn 0.2295 0.6689 0.7070
vn -0.2296 -0.6688 0.7070
vn 0.7071 -0.0121 0.7070
vn 0.7068 0.0228 0.7071
vn 0.7254 0.3748 0.5773
vn -0.3749 0.7254 0.5773
vn -0.7071 -0.0113 0.7071
vn -0.0122 -0.7071 0.7071
vn 0.2716 -0.7701 0.5772
vn -0.7702 -0.2714 0.5771
vn -0.0002 -0.0000 1.0000
vn 0.0113 -0.7071 0.7071
vn -0.7070 -0.0162 0.7070
vn -0.2931 -0.7621 0.5773
vn -0.0161 0.7070 0.7070
vn 0.7621 -0.2931 0.5773
vn 0.7070 -0.2128 -0.6744
vn 0.7070 -0.6744 0.2128
vn 0.7070 0.7071 0.0112
vn 0.7070 0.0111 -0.7071
vn 0.7070 0.0037 -0.7072
vn 0.5774 0.3552 -0.7352
vn 0.5773 0.7351 0.3553
vn 0.7071 -0.0122 0.7070
vn 0.7070 0.7072 -0.0002
vn 0.7070 -0.7071 -0.0125
vn 0.5774 -0.7716 0.2670
vn 0.7070 -0.0027 0.7072
vn 0.7070 -0.6474 -0.2847
vn 0.7070 0.2847 -0.6474
vn 0.7070 0.2847 -0.6473
vn 0.5774 -0.5774 0.5773
vn -1.0000 -0.0000 0.0056
vn -0.0031 -0.0000 -1.0000
vn 1.0000 -0.0000 0.0011
vn 1.0000 -0.0000 -0.0056
vn 0.0031 -0.0000 1.0000
vn -1.0000 -0.0000 -0.0011
vn -0.0056 -0.0000 -1.0000
vn 0.0001 1.0000 -0.0000
vn -0.0001 1.0000 -0.0000
vn 1.0000 -0.0000 -0.0031
vn 1.0000 -0.0000 -0.0029
vn -0.0012 -0.0000 1.0000
vn -0.0011 -0.0000 1.0000
vn 0.0013 -0.0000 -1.0000
vn 0.0011 -0.0000 -1.0000
vn 0.0056 -0.0000 1.0000
vn -1.0000 -0.0000 0.0033
vn -1.0000 -0.0000 0.0030
vt 2.189292 -1.270780
vt 2.189292 -1.273501
vt 2.192037 -1.273501
vt 2.192037 -1.270780
vt 2.189292 0.205010
vt 2.212383 -1.273501
vt 2.192037 0.205010
vt 2.189292 0.207474
vt 2.192037 0.207474
vt 2.212383 0.207474
vt 2.212383 0.205010
vt 2.215401 0.207474
vt 2.215401 0.205010
vt 2.212383 -1.270780
vt 2.215401 -1.273501
vt 2.215401 -1.270780
vt -1.192037 -1.273501
vt -1.189292 -1.273501
vt -1.189292 -1.270780
vt -1.192037 -1.270780
vt -1.212383 -1.273501
vt -1.192037 0.205010
vt -1.189292 0.205010
vt -1.189292 0.207474
vt -1.192037 0.207474
vt -1.212383 0.205010
vt -1.212383 0.207474
vt -1.215401 0.207474
vt -1.215401 0.205010
vt -1.212383 -1.270780
vt -1.215401 -1.273501
vt -1.215401 -1.270780
vt 3.348864 2.192037
vt 3.348864 2.189292
vt 3.356377 2.189292
vt 3.356377 2.192037
vt 3.348864 2.212383
vt 3.569776 2.189292
vt 3.356377 2.212383
vt 3.348864 2.215401
vt 3.356377 2.215401
vt 3.569776 2.215401
vt 3.569776 2.192037
vt 3.575163 2.189292
vt 3.575163 2.192037
vt 3.569776 2.212383
vt 3.575163 2.215401
vt 3.575163 2.212383
vt 3.348865 -1.270780
vt 3.348864 -1.273501
vt 3.356377 -1.273501
vt 3.356377 -1.270780
vt 3.348864 0.205010
vt 3.569776 -1.273501
vt 3.356376 0.205010
vt 3.348864 0.207474
vt 3.356377 0.207474
vt 3.569776 0.207474
vt 3.569775 0.205010
vt 3.575162 0.207474
vt 3.575162 0.205010
vt 3.569776 -1.270780
vt 3.575163 -1.273501
vt 3.575163 -1.270780
vt -2.348865 2.212383
vt -2.348864 2.215401
vt -2.356377 2.215401
vt -2.356377 2.212383
vt -2.348865 2.192037
vt -2.569776 2.215401
vt -2.356377 2.192037
vt -2.348865 2.189292
vt -2.356377 2.189292
vt -2.569776 2.189292
vt -2.569776 2.212383
vt -2.575162 2.215401
vt -2.575163 2.212383
vt -2.569776 2.192037
vt -2.575163 2.189292
vt -2.575163 2.192037
vt -2.348865 0.205010
vt -2.348865 0.207474
vt -2.356377 0.207474
vt -2.356377 0.205010
vt -2.348864 -1.270780
vt -2.569776 0.205010
vt -2.569776 0.207474
vt -2.356377 -1.270780
vt -2.348864 -1.273501
vt -2.356377 -1.273501
vt -2.569776 -1.273501
vt -2.569776 -1.270780
vt -2.575163 -1.273501
vt -2.575163 -1.270780
vt -2.575163 0.205010
vt -2.575163 0.207474
vt 2.218842 -1.270780
vt 2.218842 -1.273501
vt 2.223418 -1.273501
vt 2.223418 -1.270780
vt 2.218842 0.205010
vt 2.415538 -1.273501
vt 2.223418 0.205010
vt 2.218842 0.207474
vt 2.223418 0.207474
vt 2.415538 0.207474
vt 2.415538 0.205010
vt 2.420552 0.207474
vt 2.420552 0.205010
vt 2.415538 -1.270780
vt 2.420552 -1.273501
vt 2.420552 -1.270780
vt -1.223418 -1.273501
vt -1.218842 -1.273501
vt -1.218842 -1.270780
vt -1.223418 -1.270780
vt -1.415538 -1.273501
vt -1.223418 0.205010
vt -1.218842 0.205010
vt -1.218842 0.207474
vt -1.223418 0.207474
vt -1.415538 0.205010
vt -1.415538 0.207474
vt -1.420552 0.207474
vt -1.420552 0.205010
vt -1.415538 -1.270780
vt -1.420552 -1.273501
vt -1.420552 -1.270780
vt 3.348864 2.223418
vt 3.348864 2.218842
vt 3.356377 2.218842
vt 3.356377 2.223418
vt 3.348864 2.415538
vt 3.569776 2.218842
vt 3.356377 2.415538
vt 3.348864 2.420552
vt 3.356377 2.420552
vt 3.569776 2.420552
vt 3.569776 2.223418
vt 3.575163 2.218842
vt 3.575163 2.223418
vt 3.569776 2.415538
vt 3.575163 2.420552
vt 3.575163 2.415538
vt 3.348864 0.205010
vt 3.356376 0.205010
vt 3.348864 0.207474
vt 3.356376 0.207474
vt 3.569775 0.207474
vt 3.569775 0.205010
vt 3.575162 0.207474
vt 3.575162 0.205010
vt -2.348864 2.415538
vt -2.348864 2.420552
vt -2.356376 2.420552
vt -2.356376 2.415538
vt -2.348865 2.223418
vt -2.569775 2.420552
vt -2.356377 2.223418
vt -2.348865 2.218842
vt -2.356377 2.218842
vt -2.569776 2.218842
vt -2.569775 2.415538
vt -2.575162 2.420552
vt -2.575162 2.415538
vt -2.569776 2.223418
vt -2.575163 2.218842
vt -2.575163 2.223418
vt -2.348864 0.205010
vt -2.356377 0.205010
vt -2.348865 -1.270780
vt -2.569776 0.205010
vt -2.569776 0.207474
vt -2.356377 -1.270780
vt -2.356377 -1.273501
vt -2.575163 0.205010
vt -2.575163 0.207474
vt 2.272530 -1.076875
vt 2.272530 -1.079595
vt 2.274277 -1.079595
vt 2.274277 -1.076875
vt 2.272530 0.205010
vt 2.296857 -1.079595
vt 2.274277 0.205010
vt 2.272530 0.207474
vt 2.274277 0.207474
vt 2.296857 0.207474
vt 2.296857 0.205010
vt 2.298639 0.207474
vt 2.298639 0.205010
vt 2.296857 -1.076875
vt 2.298639 -1.079595
vt 2.298639 -1.076875
vt -1.274277 -1.079595
vt -1.272530 -1.079595
vt -1.272530 -1.076875
vt -1.274277 -1.076874
vt -1.296857 -1.079595
vt -1.274277 0.205010
vt -1.272530 0.205010
vt -1.272530 0.207474
vt -1.274277 0.207474
vt -1.296857 0.205010
vt -1.296857 0.207474
vt -1.298639 0.207474
vt -1.298639 0.205010
vt -1.296857 -1.076874
vt -1.298639 -1.079595
vt -1.298639 -1.076874
vt 1.937918 2.274277
vt 1.937918 2.272530
vt 1.941270 2.272530
vt 1.941270 2.274277
vt 1.937918 2.296857
vt 2.001292 2.272530
vt 1.941270 2.296857
vt 1.937918 2.298639
vt 1.941270 2.298639
vt 2.001292 2.298639
vt 2.001292 2.274277
vt 2.004571 2.272530
vt 2.004571 2.274277
vt 2.001292 2.296857
vt 2.004571 2.298639
vt 2.004571 2.296857
vt 1.937918 -1.076875
vt 1.937918 -1.079595
vt 1.941270 -1.079595
vt 1.941270 -1.076875
vt 1.937918 0.205010
vt 2.001292 -1.079595
vt 1.941270 0.205010
vt 1.937919 0.207474
vt 1.941270 0.207474
vt 2.001292 0.207474
vt 2.001292 0.205010
vt 2.004572 0.207474
vt 2.004571 0.205010
vt 2.001292 -1.076874
vt 2.004571 -1.079595
vt 2.004571 -1.076874
vt -0.937919 2.296857
vt -0.937919 2.298639
vt -0.941270 2.298639
vt -0.941270 2.296857
vt -0.937919 2.274277
vt -1.001292 2.298639
vt -0.941270 2.274277
vt -0.937919 2.272530
vt -0.941270 2.272530
vt -1.001292 2.272530
vt -1.001292 2.296857
vt -1.004572 2.298639
vt -1.004572 2.296857
vt -1.001293 2.274277
vt -1.004572 2.272530
vt -1.004572 2.274277
vt -0.937918 0.205010
vt -0.937919 0.207474
vt -0.941270 0.207474
vt -0.941270 0.205010
vt -0.937918 -1.076875
vt -1.001292 0.205010
vt -1.001292 0.207474
vt -0.941270 -1.076875
vt -0.937918 -1.079595
vt -0.941270 -1.079595
vt -1.001292 -1.079595
vt -1.001292 -1.076875
vt -1.004571 -1.079595
vt -1.004571 -1.076875
vt -1.004571 0.205010
vt -1.004572 0.207474
vt 2.302080 -1.076875
vt 2.302080 -1.079595
vt 2.304088 -1.079595
vt 2.304088 -1.076875
vt 2.302080 0.205010
vt 2.398259 -1.079595
vt 2.304088 0.205010
vt 2.302080 0.207474
vt 2.304088 0.207474
vt 2.398259 0.207474
vt 2.398259 0.205010
vt 2.400421 0.207474
vt 2.400421 0.205010
vt 2.398259 -1.076875
vt 2.400421 -1.079595
vt 2.400421 -1.076875
vt -1.304088 -1.079595
vt -1.302080 -1.079595
vt -1.302080 -1.076875
vt -1.304088 -1.076874
vt -1.398259 -1.079595
vt -1.304088 0.205010
vt -1.302080 0.205010
vt -1.302080 0.207474
vt -1.304088 0.207474
vt -1.398259 0.205010
vt -1.398259 0.207474
vt -1.400421 0.207474
vt -1.400421 0.205010
vt -1.398259 -1.076874
vt -1.400421 -1.079595
vt -1.400421 -1.076874
vt 1.937918 2.304088
vt 1.937918 2.302080
vt 1.945431 2.302080
vt 1.945431 2.304088
vt 1.937918 2.398259
vt 1.999185 2.302080
vt 1.945431 2.398259
vt 1.937918 2.400421
vt 1.945431 2.400421
vt 1.999184 2.400421
vt 1.999185 2.304088
vt 2.004571 2.302080
vt 2.004571 2.304088
vt 1.999184 2.398259
vt 2.004571 2.400421
vt 2.004571 2.398259
vt 1.945431 -1.079595
vt 1.945431 -1.076875
vt 1.937918 0.205010
vt 1.999184 -1.079595
vt 1.945431 0.205010
vt 1.945431 0.207474
vt 1.999185 0.207474
vt 1.999185 0.205010
vt 2.004571 0.207474
vt 2.004571 0.205010
vt 1.999184 -1.076874
vt 2.004571 -1.079595
vt 2.004571 -1.076874
vt -0.937919 2.398259
vt -0.937919 2.400421
vt -0.945431 2.400421
vt -0.945431 2.398259
vt -0.937919 2.304088
vt -0.999185 2.400421
vt -0.945431 2.304088
vt -0.937919 2.302080
vt -0.945431 2.302080
vt -0.999185 2.302080
vt -0.999185 2.398259
vt -1.004572 2.400421
vt -1.004572 2.398259
vt -0.999185 2.304088
vt -1.004572 2.302080
vt -1.004572 2.304088
vt -0.945431 0.207474
vt -0.945431 0.205010
vt -0.937918 -1.076875
vt -0.999185 0.205010
vt -0.999185 0.207474
vt -0.945431 -1.076875
vt -0.945431 -1.079595
vt -0.999185 -1.079595
vt -0.999185 -1.076874
vt -1.004572 0.205010
vt -1.004572 0.207474
vt 2.272530 -1.263967
vt 2.272530 -1.266688
vt 2.274277 -1.266688
vt 2.274277 -1.263967
vt 2.296857 -1.266688
vt 2.296857 -1.263967
vt 2.298639 -1.266688
vt 2.298639 -1.263967
vt -1.274277 -1.266688
vt -1.272530 -1.266688
vt -1.272530 -1.263967
vt -1.274277 -1.263967
vt -1.296857 -1.266687
vt -1.296857 -1.263967
vt -1.298639 -1.266688
vt -1.298639 -1.263967
vt 1.937918 -1.263967
vt 1.937918 -1.266688
vt 1.941270 -1.266688
vt 1.941270 -1.263967
vt 2.001292 -1.266688
vt 2.001292 -1.263967
vt 2.004571 -1.266688
vt 2.004571 -1.263967
vt -0.937918 -1.263967
vt -0.941270 -1.263967
vt -0.937918 -1.266688
vt -0.941270 -1.266688
vt -1.001292 -1.266688
vt -1.001292 -1.263967
vt -1.004571 -1.266688
vt -1.004571 -1.263967
vt 2.302080 -1.263967
vt 2.302080 -1.266688
vt 2.304088 -1.266688
vt 2.304088 -1.263967
vt 2.398259 -1.266688
vt 2.398259 -1.263967
vt 2.400421 -1.266688
vt 2.400421 -1.263967
vt -1.304088 -1.266688
vt -1.302080 -1.266688
vt -1.302080 -1.263967
vt -1.304088 -1.263967
vt -1.398259 -1.266687
vt -1.398259 -1.263967
vt -1.400421 -1.266687
vt -1.400421 -1.263967
vt 1.945431 -1.266688
vt 1.945431 -1.263967
vt 1.999184 -1.266687
vt 1.999184 -1.263967
vt 2.004571 -1.266687
vt 2.004571 -1.263967
vt -0.937918 -1.263967
vt -0.945431 -1.263967
vt -0.945431 -1.266688
vt -0.999185 -1.266688
vt -0.999185 -1.263967
vt 2.272530 -1.274028
vt 2.272530 -1.276748
vt 2.274277 -1.276748
vt 2.274277 -1.274028
vt 2.296857 -1.276748
vt 2.296857 -1.274028
vt 2.298639 -1.276748
vt 2.298639 -1.274028
vt -1.274277 -1.276748
vt -1.272530 -1.276748
vt -1.272530 -1.274028
vt -1.274277 -1.274028
vt -1.296857 -1.276748
vt -1.296857 -1.274027
vt -1.298639 -1.276748
vt -1.298639 -1.274028
vt 1.937918 -1.274028
vt 1.937918 -1.276748
vt 1.941270 -1.276748
vt 1.941270 -1.274028
vt 2.001292 -1.276748
vt 2.001292 -1.274028
vt 2.004571 -1.276748
vt 2.004571 -1.274028
vt -0.937918 -1.274028
vt -0.941270 -1.274028
vt -0.937918 -1.276748
vt -0.941270 -1.276748
vt -1.001292 -1.276748
vt -1.001292 -1.274028
vt -1.004571 -1.276748
vt -1.004571 -1.274028
vt 2.302080 -1.274028
vt 2.302080 -1.276748
vt 2.304088 -1.276748
vt 2.304088 -1.274028
vt 2.398259 -1.276748
vt 2.398259 -1.274028
vt 2.400421 -1.276748
vt 2.400421 -1.274028
vt -1.304088 -1.276748
vt -1.302080 -1.276748
vt -1.302080 -1.274028
vt -1.304088 -1.274028
vt -1.398259 -1.276748
vt -1.398259 -1.274027
vt -1.400421 -1.276748
vt -1.400421 -1.274027
vt 1.945431 -1.276748
vt 1.945431 -1.274028
vt 1.999184 -1.276748
vt 1.999184 -1.274027
vt 2.004571 -1.276748
vt 2.004571 -1.274027
vt -0.937918 -1.274028
vt -0.945431 -1.274028
vt -0.945431 -1.276748
vt -0.999185 -1.276748
vt -0.999185 -1.274028
vt 2.272530 -1.294111
vt 2.272530 -1.296832
vt 2.274277 -1.296832
vt 2.274277 -1.294111
vt 2.296857 -1.296832
vt 2.296857 -1.294111
vt 2.298639 -1.296832
vt 2.298639 -1.294111
vt -1.274277 -1.296831
vt -1.272530 -1.296832
vt -1.272530 -1.294111
vt -1.274277 -1.294111
vt -1.296857 -1.296831
vt -1.296857 -1.294111
vt -1.298639 -1.296831
vt -1.298639 -1.294111
vt 1.937918 -1.294111
vt 1.937918 -1.296832
vt 1.941270 -1.296832
vt 1.941270 -1.294111
vt 2.001292 -1.296831
vt 2.001292 -1.294111
vt 2.004571 -1.296831
vt 2.004571 -1.294111
vt -0.937918 -1.294111
vt -0.941270 -1.294111
vt -0.937918 -1.296832
vt -0.941270 -1.296832
vt -1.001292 -1.296832
vt -1.001292 -1.294111
vt -1.004571 -1.296832
vt -1.004571 -1.294111
vt 2.302080 -1.294111
vt 2.302080 -1.296832
vt 2.304088 -1.296832
vt 2.304088 -1.294111
vt 2.398259 -1.296832
vt 2.398259 -1.294111
vt 2.400421 -1.296832
vt 2.400421 -1.294111
vt -1.304088 -1.296831
vt -1.302080 -1.296831
vt -1.302080 -1.294111
vt -1.304088 -1.294111
vt -1.398259 -1.296831
vt -1.398259 -1.294111
vt -1.400421 -1.296831
vt -1.400421 -1.294111
vt 1.945431 -1.296832
vt 1.945431 -1.294111
vt 1.999184 -1.296831
vt 1.999184 -1.294111
vt 2.004571 -1.296831
vt 2.004571 -1.294111
vt -0.937918 -1.294111
vt -0.945431 -1.294111
vt -0.945431 -1.296832
vt -0.999185 -1.296831
vt -0.999185 -1.294111
vt -1.004571 -1.296831
vt 2.189292 0.397791
vt 2.189292 0.395070
vt 2.191038 0.395070
vt 2.191038 0.397790
vt 2.189292 1.873581
vt 2.213619 0.395070
vt 2.191038 1.873581
vt 2.189292 1.876045
vt 2.191038 1.876045
vt 2.213619 1.876045
vt 2.213619 1.873581
vt 2.215401 1.876045
vt 2.215401 1.873581
vt 2.213619 0.397790
vt 2.215401 0.395070
vt 2.215401 0.397790
vt -1.191038 0.395070
vt -1.189292 0.395070
vt -1.189292 0.397790
vt -1.191038 0.397791
vt -1.213619 0.395070
vt -1.191038 1.873581
vt -1.189292 1.873581
vt -1.189292 1.876045
vt -1.191038 1.876045
vt -1.213619 1.873581
vt -1.213619 1.876045
vt -1.215401 1.876045
vt -1.215401 1.873581
vt -1.213619 0.397791
vt -1.215401 0.395070
vt -1.215401 0.397791
vt 1.841350 2.191038
vt 1.841350 2.189292
vt 1.848863 2.189292
vt 1.848862 2.191038
vt 1.841350 2.213619
vt 1.999185 2.189292
vt 1.848862 2.213619
vt 1.841350 2.215401
vt 1.848862 2.215401
vt 1.999185 2.215401
vt 1.999185 2.191038
vt 2.004571 2.189292
vt 2.004571 2.191038
vt 1.999185 2.213619
vt 2.004571 2.215401
vt 2.004571 2.213619
vt 1.841350 0.397790
vt 1.841350 0.395070
vt 1.848862 0.395070
vt 1.848863 0.397790
vt 1.841350 1.873581
vt 1.999185 0.395070
vt 1.848863 1.873581
vt 1.841350 1.876045
vt 1.848863 1.876045
vt 1.999185 1.876045
vt 1.999185 1.873581
vt 2.004572 1.876045
vt 2.004571 1.873581
vt 1.999185 0.397791
vt 2.004571 0.395070
vt 2.004571 0.397791
vt -0.841350 2.213619
vt -0.841350 2.215401
vt -0.848863 2.215401
vt -0.848863 2.213619
vt -0.841350 2.191038
vt -0.999185 2.215401
vt -0.848863 2.191038
vt -0.841350 2.189292
vt -0.848863 2.189292
vt -0.999185 2.189292
vt -0.999185 2.213619
vt -1.004572 2.215401
vt -1.004572 2.213619
vt -0.999185 2.191038
vt -1.004572 2.189292
vt -1.004572 2.191038
vt -0.841350 1.873581
vt -0.841350 1.876045
vt -0.848863 1.876045
vt -0.848863 1.873581
vt -0.841350 0.397791
vt -0.999185 1.873581
vt -0.999185 1.876045
vt -0.848863 0.397791
vt -0.841350 0.395070
vt -0.848863 0.395070
vt -0.999185 0.395070
vt -0.999185 0.397791
vt -1.004571 0.395070
vt -1.004571 0.397790
vt -1.004572 1.873581
vt -1.004572 1.876045
vt 2.218842 0.397791
vt 2.218842 0.395070
vt 2.220850 0.395070
vt 2.220850 0.397790
vt 2.218842 1.873581
vt 2.418390 0.395070
vt 2.220850 1.873581
vt 2.218842 1.876045
vt 2.220850 1.876045
vt 2.418390 1.876045
vt 2.418390 1.873581
vt 2.420552 1.876045
vt 2.420552 1.873581
vt 2.418390 0.397790
vt 2.420552 0.395070
vt 2.420552 0.397790
vt -1.220850 0.395070
vt -1.218842 0.395070
vt -1.218842 0.397791
vt -1.220850 0.397791
vt -1.418390 0.395070
vt -1.220850 1.873581
vt -1.218842 1.873581
vt -1.218842 1.876045
vt -1.220850 1.876045
vt -1.418390 1.873581
vt -1.418390 1.876045
vt -1.420552 1.876045
vt -1.420552 1.873581
vt -1.418390 0.397791
vt -1.420552 0.395070
vt -1.420552 0.397791
vt 1.841350 2.220850
vt 1.841350 2.218842
vt 1.848862 2.218842
vt 1.848862 2.220850
vt 1.841350 2.418390
vt 1.999185 2.218842
vt 1.848862 2.418390
vt 1.841350 2.420552
vt 1.848862 2.420552
vt 1.999184 2.420552
vt 1.999185 2.220850
vt 2.004571 2.218842
vt 2.004571 2.220850
vt 1.999184 2.418390
vt 2.004571 2.420552
vt 2.004571 2.418390
vt 1.841350 0.397790
vt 1.841350 0.395070
vt 1.841350 1.873581
vt 1.999184 0.395070
vt 1.841350 1.876045
vt 1.999185 1.876045
vt 1.999185 1.873581
vt 2.004571 1.876045
vt 2.004571 1.873581
vt 1.999184 0.397791
vt 2.004571 0.395070
vt 2.004571 0.397791
vt -0.841350 2.418390
vt -0.841350 2.420552
vt -0.848863 2.420552
vt -0.848863 2.418390
vt -0.841350 2.220850
vt -0.999185 2.420552
vt -0.848863 2.220850
vt -0.841350 2.218842
vt -0.848863 2.218842
vt -0.999185 2.218842
vt -0.999185 2.418390
vt -1.004572 2.420552
vt -1.004572 2.418390
vt -0.999185 2.220850
vt -1.004572 2.218842
vt -1.004572 2.220850
vt -0.848863 1.876045
vt -0.848863 1.873581
vt -0.999185 1.876045
vt -0.848862 0.395070
vt -0.999185 0.395070
vt -0.999185 0.397791
vt -1.004571 0.395070
vt -1.004571 0.397791
vt -1.004572 1.876045
vt 3.479753 0.397790
vt 3.479753 0.395070
vt 3.481836 0.395070
vt 3.481836 0.397790
vt 3.479753 1.873581
vt 3.508760 0.395070
vt 3.481836 1.873581
vt 3.479753 1.876045
vt 3.481836 1.876045
vt 3.508760 1.876045
vt 3.508760 1.873581
vt 3.510885 1.876045
vt 3.510885 1.873581
vt 3.508760 0.397790
vt 3.510885 0.395070
vt 3.510885 0.397790
vt -2.481836 0.395070
vt -2.479753 0.395070
vt -2.479753 0.397790
vt -2.481836 0.397791
vt -2.508760 0.395070
vt -2.481836 1.873581
vt -2.479753 1.873581
vt -2.479753 1.876045
vt -2.481836 1.876045
vt -2.508760 1.873581
vt -2.508760 1.876045
vt -2.510885 1.876045
vt -2.510885 1.873581
vt -2.508760 0.397791
vt -2.510885 0.395070
vt -2.510885 0.397791
vt 3.481836 1.177151
vt 3.479753 1.177151
vt 3.479753 1.170851
vt 3.481836 1.170851
vt 3.508760 1.177151
vt 3.479753 1.044782
vt 3.508760 1.170851
vt 3.510885 1.177151
vt 3.510885 1.170851
vt 3.510885 1.044782
vt 3.481836 1.044782
vt 3.479753 1.040264
vt 3.481836 1.040264
vt 3.508760 1.044782
vt 3.510885 1.040264
vt 3.508760 1.040264
vt -0.177151 0.397790
vt -0.177151 0.395070
vt -0.170851 0.395070
vt -0.170851 0.397790
vt -0.177151 1.873581
vt -0.044782 0.395070
vt -0.170851 1.873581
vt -0.177151 1.876045
vt -0.170851 1.876045
vt -0.044782 1.876045
vt -0.044782 1.873581
vt -0.040264 1.876045
vt -0.040264 1.873581
vt -0.044782 0.397791
vt -0.040264 0.395070
vt -0.040264 0.397791
vt -2.508760 1.177151
vt -2.510885 1.177151
vt -2.510885 1.170851
vt -2.508760 1.170851
vt -2.481836 1.177151
vt -2.510885 1.044782
vt -2.481836 1.170851
vt -2.479753 1.177151
vt -2.479753 1.170851
vt -2.479753 1.044782
vt -2.508760 1.044782
vt -2.510885 1.040264
vt -2.508760 1.040264
vt -2.481836 1.044782
vt -2.479753 1.040264
vt -2.481836 1.040264
vt 1.177151 1.873581
vt 1.177151 1.876045
vt 1.170851 1.876045
vt 1.170851 1.873581
vt 1.177151 0.397790
vt 1.044782 1.873581
vt 1.044782 1.876045
vt 1.170851 0.397790
vt 1.177151 0.395070
vt 1.170851 0.395070
vt 1.044782 0.395070
vt 1.044782 0.397790
vt 1.040264 0.395070
vt 1.040264 0.397790
vt 1.040264 1.873581
vt 1.040264 1.876045
vt 3.514988 0.397790
vt 3.514988 0.395070
vt 3.517382 0.395070
vt 3.517382 0.397790
vt 3.514988 1.873581
vt 3.752925 0.395070
vt 3.517382 1.873581
vt 3.514988 1.876045
vt 3.517382 1.876045
vt 3.752925 1.876045
vt 3.752925 1.873581
vt 3.755503 1.876045
vt 3.755503 1.873581
vt 3.752925 0.397790
vt 3.755503 0.395070
vt 3.755503 0.397790
vt -2.517382 0.395070
vt -2.514988 0.395070
vt -2.514988 0.397790
vt -2.517382 0.397791
vt -2.752925 0.395070
vt -2.517382 1.873581
vt -2.514988 1.873581
vt -2.514988 1.876045
vt -2.517382 1.876045
vt -2.752925 1.873581
vt -2.752925 1.876045
vt -2.755502 1.876045
vt -2.755502 1.873581
vt -2.752925 0.397791
vt -2.755502 0.395070
vt -2.755502 0.397791
vt 3.517382 1.177151
vt 3.514988 1.177151
vt 3.514988 1.170851
vt 3.517382 1.170851
vt 3.752925 1.177151
vt 3.514988 1.044782
vt 3.752925 1.170851
vt 3.755503 1.177151
vt 3.755503 1.170851
vt 3.755502 1.044782
vt 3.517382 1.044782
vt 3.514988 1.040264
vt 3.517382 1.040264
vt 3.752925 1.044782
vt 3.755502 1.040264
vt 3.752925 1.040264
vt -0.170851 0.395070
vt -0.170851 0.397790
vt -0.177151 1.873581
vt -0.044782 0.395070
vt -0.044782 1.876045
vt -0.044782 1.873581
vt -0.040264 1.876045
vt -0.040264 1.873581
vt -0.044782 0.397791
vt -0.040264 0.395070
vt -0.040264 0.397791
vt -2.752925 1.177151
vt -2.755503 1.177151
vt -2.755503 1.170851
vt -2.752925 1.170851
vt -2.517382 1.177151
vt -2.755502 1.044782
vt -2.517382 1.170851
vt -2.514988 1.177151
vt -2.514988 1.170851
vt -2.514988 1.044782
vt -2.752925 1.044782
vt -2.755502 1.040264
vt -2.752925 1.040264
vt -2.517382 1.044782
vt -2.514988 1.040264
vt -2.517382 1.040264
vt 1.170851 1.876045
vt 1.177151 0.397790
vt 1.044782 1.876045
vt 1.044782 0.395070
vt 1.044782 0.397791
vt 1.040264 0.395070
vt 1.040264 0.397790
vt 1.040264 1.876045
vt 3.043442 -1.263696
vt 2.967623 -0.184584
vt 2.966443 -1.263696
vt 3.043442 -0.101531
vt 2.373519 -0.186501
vt 2.294018 -0.101531
vt 2.294018 -1.263696
vt 2.379362 -1.263696
vt -1.966443 -1.374863
vt -1.966443 -1.451053
vt -1.379362 -1.451053
vt -1.379362 -1.374863
vt 2.374863 -1.263696
vt 2.451053 -1.263696
vt 2.451053 -0.186501
vt 2.374863 -0.186501
vt 2.373519 -1.374863
vt 2.373519 -1.451053
vt 2.967623 -1.451053
vt 2.967623 -1.374863
vt -1.374863 -0.184584
vt -1.451053 -0.184584
vt -1.451053 -1.263696
vt -1.374863 -1.263696
s 1
f 1/1/1 3/2/2 2/3/1
f 4/1/3 6/3/4 5/4/5
f 7/5/6 9/1/7 8/4/5
f 10/6/8 12/4/9 11/3/10
f 13/5/11 15/4/9 14/7/9
f 16/8/12 18/5/13 17/7/9
f 19/8/14 21/7/5 20/9/15
f 22/10/16 24/9/17 23/7/9
f 25/10/18 27/7/9 26/11/9
s 0
f 28/11/9 30/7/9 29/4/9
s 1
f 31/12/19 33/10/20 32/11/9
f 34/12/21 36/11/22 35/13/23
f 37/6/24 39/14/25 38/4/25
s 0
f 40/11/9 42/4/9 41/14/9
s 1
f 43/13/26 45/11/22 44/14/22
f 46/15/27 48/14/9 47/6/10
f 49/13/28 51/14/9 50/16/29
f 52/15/30 54/16/31 53/14/25
f 55/17/32 57/18/33 56/19/34
f 58/17/35 60/19/36 59/20/37
f 61/21/38 63/17/39 62/20/37
f 64/22/37 66/20/37 65/19/40
f 67/22/41 69/19/42 68/23/43
f 70/24/44 72/22/45 71/23/46
f 73/24/47 75/25/48 74/22/37
f 76/25/49 78/26/37 77/22/37
s 0
f 79/26/37 81/20/37 80/22/37
s 1
f 82/25/50 84/27/51 83/26/37
f 85/28/52 87/26/53 86/27/54
f 88/28/55 90/29/56 89/26/53
f 91/21/57 93/20/37 92/30/37
s 0
f 94/26/37 96/30/37 95/20/37
s 1
f 97/29/58 99/30/53 98/26/53
f 100/31/59 102/21/60 101/30/37
f 103/29/61 105/32/62 104/30/37
f 106/31/63 108/30/37 107/32/64
f 109/33/65 111/34/66 110/35/67
f 112/33/68 114/35/69 113/36/70
f 115/37/71 117/33/72 116/36/70
f 118/38/73 120/36/70 119/35/74
f 121/37/75 123/36/70 122/39/70
f 124/40/76 126/37/72 125/39/70
f 127/40/77 129/39/70 128/41/78
f 130/42/79 132/41/80 131/39/70
f 133/38/81 135/43/70 134/36/70
s 0
f 136/43/70 138/39/70 137/36/70
s 1
f 139/44/82 141/43/70 140/38/83
f 142/44/84 144/45/85 143/43/70
f 145/42/86 147/39/70 146/46/70
s 0
f 148/43/70 150/46/70 149/39/70
s 1
f 151/45/87 153/46/70 152/43/70
f 154/47/88 156/42/80 155/46/70
f 157/45/89 159/48/85 158/46/70
f 160/47/90 162/46/70 161/48/91
f 163/49/92 165/50/93 164/51/94
f 166/49/95 168/51/96 167/52/97
f 169/53/98 171/49/99 170/52/100
f 172/54/101 174/52/97 173/51/102
f 175/53/103 177/52/100 176/55/100
f 178/56/104 180/53/105 179/55/106
f 181/56/107 183/55/106 182/57/108
f 184/58/109 186/57/110 185/55/106
f 187/58/111 189/55/100 188/59/100
s 0
f 190/59/100 192/55/100 191/52/100
s 1
f 193/60/112 195/58/113 194/59/100
f 196/60/114 198/59/100 197/61/99
f 199/54/115 201/62/100 200/52/100
s 0
f 202/59/100 204/52/100 203/62/100
s 1
f 205/61/116 207/59/100 206/62/100
f 208/63/117 210/62/100 209/54/110
f 211/61/118 213/62/100 212/64/99
f 214/63/119 216/64/120 215/62/100
f 217/65/121 219/66/122 218/67/123
f 220/65/124 222/67/125 221/68/126
f 223/69/127 225/65/128 224/68/126
f 226/70/129 228/68/126 227/67/130
f 229/69/131 231/68/126 230/71/126
f 232/72/132 234/69/133 233/71/126
f 235/72/134 237/71/126 236/73/135
f 238/74/136 240/73/137 239/71/126
f 241/70/138 243/75/126 242/68/126
s 0
f 244/75/126 246/71/126 245/68/126
s 1
f 247/76/139 249/75/126 248/70/130
f 250/76/140 252/77/141 251/75/126
f 253/74/142 255/71/126 254/78/126
s 0
f 256/75/126 258/78/126 257/71/126
s 1
f 259/77/143 261/78/126 260/75/126
f 262/79/144 264/74/137 263/78/126
f 265/77/145 267/80/146 266/78/126
f 268/79/147 270/78/126 269/80/148
f 271/81/149 273/82/150 272/83/151
f 274/81/152 276/83/153 275/84/154
f 277/85/155 279/81/156 278/84/154
f 280/86/154 282/84/154 281/83/157
f 283/86/154 285/83/158 284/87/159
f 286/85/160 288/84/154 287/88/154
s 0
f 289/86/154 291/88/154 290/84/154
s 1
f 292/89/161 294/85/156 293/88/154
f 295/89/162 297/88/154 296/90/163
f 298/91/164 300/90/165 299/88/154
f 301/91/166 303/88/154 302/92/154
s 0
f 304/86/154 306/92/154 305/88/154
s 1
f 307/93/167 309/91/168 308/92/154
f 310/93/169 312/92/154 311/94/170
f 313/95/171 315/94/172 314/92/154
f 316/95/173 318/92/154 317/86/154
f 319/95/174 321/86/154 320/87/175
f 322/95/176 324/87/177 323/96/178
f 325/97/179 327/98/66 326/99/180
f 328/97/181 330/99/182 329/100/183
f 331/101/184 333/97/7 332/100/9
f 334/102/185 336/100/9 335/99/10
f 337/101/186 339/100/9 338/103/9
f 340/104/187 342/101/188 341/103/9
f 343/104/189 345/103/9 344/105/190
f 346/106/191 348/105/20 347/103/9
f 349/106/192 351/103/25 350/107/25
s 0
f 352/107/9 354/103/9 353/100/9
s 1
f 355/108/193 357/106/194 356/107/195
f 358/108/196 360/107/9 359/109/13
f 361/102/197 363/110/9 362/100/9
s 0
f 364/107/9 366/100/9 365/110/9
s 1
f 367/109/198 369/107/9 368/110/9
f 370/111/199 372/110/9 371/102/200
f 373/109/201 375/110/9 374/112/29
f 376/111/202 378/112/203 377/110/9
f 379/113/204 381/114/205 380/115/204
f 382/113/206 384/115/207 383/116/37
f 385/117/208 387/113/60 386/116/37
f 388/118/37 390/116/37 389/115/209
f 391/118/37 393/115/210 392/119/211
f 394/120/212 396/118/37 395/119/213
f 397/120/214 399/121/215 398/118/37
f 400/121/216 402/122/37 401/118/37
s 0
f 403/122/37 405/116/37 404/118/37
s 1
f 406/121/217 408/123/218 407/122/37
f 409/124/219 411/122/37 410/123/220
f 412/124/221 414/125/62 413/122/37
f 415/117/222 417/116/37 416/126/37
s 0
f 418/122/37 420/126/37 419/116/37
s 1
f 421/125/223 423/126/37 422/122/37
f 424/127/224 426/117/220 425/126/37
f 427/125/225 429/128/226 428/126/37
f 430/127/227 432/126/37 431/128/43
f 433/129/228 435/130/66 434/131/228
f 436/129/229 438/131/230 437/132/231
f 439/133/232 441/129/72 440/132/70
f 442/134/233 444/132/231 443/131/234
f 445/133/235 447/132/70 446/135/70
f 448/136/236 450/133/237 449/135/238
f 451/136/239 453/135/238 452/137/240
f 454/138/241 456/137/74 455/135/238
f 457/134/242 459/139/231 458/132/231
s 0
f 460/139/70 462/135/70 461/132/70
s 1
f 463/140/243 465/139/231 464/134/80
f 466/140/244 468/141/245 467/139/231
f 469/138/246 471/135/238 470/142/238
s 0
f 472/139/70 474/142/70 473/135/70
s 1
f 475/141/247 477/142/70 476/139/70
f 478/143/248 480/138/83 479/142/238
f 481/141/249 483/144/85 482/142/70
f 484/143/250 486/142/238 485/144/251
f 487/49/252 489/50/253 488/51/92
f 490/49/254 492/51/96 491/52/100
f 493/145/98 495/49/99 494/52/100
f 496/54/255 498/52/100 497/51/110
f 499/145/103 501/52/100 500/146/100
f 502/147/256 504/145/105 503/146/100
f 505/147/257 507/146/100 506/148/258
f 508/149/259 510/148/110 509/146/100
f 511/149/111 513/146/100 512/150/100
s 0
f 514/150/100 516/146/100 515/52/100
s 1
f 517/151/260 519/149/261 518/150/100
f 520/151/262 522/150/100 521/152/105
f 523/54/115 525/62/100 524/52/100
s 0
f 526/150/100 528/52/100 527/62/100
s 1
f 529/152/263 531/150/100 530/62/100
f 532/63/264 534/62/100 533/54/110
f 535/152/265 537/62/100 536/64/105
f 538/63/266 540/64/267 539/62/100
f 541/153/268 543/154/269 542/155/270
f 544/153/271 546/155/272 545/156/273
f 547/157/274 549/153/275 548/156/126
f 550/158/276 552/156/126 551/155/137
f 553/157/277 555/156/126 554/159/126
f 556/160/278 558/157/275 557/159/126
f 559/160/279 561/159/126 560/161/280
f 562/162/281 564/161/137 563/159/126
f 565/158/282 567/163/126 566/156/126
s 0
f 568/163/126 570/159/126 569/156/126
s 1
f 571/164/283 573/163/126 572/158/284
f 574/164/285 576/165/146 575/163/126
f 577/162/286 579/159/126 578/166/126
s 0
f 580/163/126 582/166/126 581/159/126
s 1
f 583/165/287 585/166/126 584/163/126
f 586/167/288 588/162/284 587/166/126
f 589/165/289 591/168/146 590/166/126
f 592/167/290 594/166/126 593/168/148
f 595/169/149 597/82/150 596/83/151
f 598/169/152 600/83/291 599/170/154
f 601/171/292 603/169/156 602/170/154
f 604/172/154 606/170/154 605/83/157
f 607/172/154 609/83/158 608/173/293
f 610/171/294 612/170/154 611/174/154
s 0
f 613/172/154 615/174/154 614/170/154
s 1
f 616/89/295 618/171/170 617/174/154
f 619/89/296 621/174/154 620/175/163
f 622/91/164 624/175/168 623/174/154
f 625/91/166 627/174/154 626/92/154
s 0
f 628/172/154 630/92/154 629/174/154
s 1
f 631/93/297 633/91/168 632/92/154
f 634/93/298 636/92/154 635/94/299
f 637/176/300 639/94/301 638/92/154
f 640/176/302 642/92/154 641/172/154
f 643/176/303 645/172/154 644/173/304
f 646/176/177 648/173/177 647/177/178
f 649/178/305 651/179/2 650/180/306
f 652/178/307 654/180/308 653/181/9
f 655/182/309 657/178/310 656/181/9
f 658/183/311 660/181/9 659/180/10
f 661/182/312 663/181/9 662/184/9
f 664/185/313 666/182/310 665/184/9
f 667/185/314 669/184/315 668/186/15
f 670/187/316 672/186/317 671/184/9
f 673/187/318 675/184/9 674/188/9
s 0
f 676/188/9 678/184/9 677/181/9
s 1
f 679/189/319 681/187/200 680/188/315
f 682/189/320 684/188/9 683/190/13
f 685/183/321 687/191/9 686/181/9
s 0
f 688/188/9 690/181/9 689/191/9
s 1
f 691/190/322 693/188/9 692/191/9
f 694/192/323 696/191/9 695/183/10
f 697/190/324 699/191/9 698/193/29
f 700/192/325 702/193/326 701/191/9
f 703/194/327 705/195/328 704/196/327
f 706/194/329 708/196/330 707/197/37
f 709/198/331 711/194/39 710/197/37
f 712/199/37 714/197/37 713/196/332
f 715/199/37 717/196/333 716/200/64
f 718/201/334 720/199/335 719/200/213
f 721/201/336 723/202/218 722/199/335
f 724/202/337 726/203/37 725/199/37
s 0
f 727/203/37 729/197/37 728/199/37
s 1
f 730/202/338 732/204/218 731/203/335
f 733/205/339 735/203/335 734/204/340
f 736/205/341 738/206/342 737/203/335
f 739/198/343 741/197/335 740/207/335
s 0
f 742/203/37 744/207/37 743/197/37
s 1
f 745/206/344 747/207/37 746/203/37
f 748/208/345 750/198/39 749/207/37
f 751/206/346 753/209/347 752/207/37
f 754/208/348 756/207/335 755/209/349
f 757/210/350 759/211/66 758/212/351
f 760/210/352 762/212/353 761/213/70
f 763/214/354 765/210/72 764/213/70
f 766/215/355 768/213/70 767/212/74
f 769/214/356 771/213/70 770/216/70
f 772/217/357 774/214/358 773/216/70
f 775/217/359 777/216/70 776/218/360
f 778/219/361 780/218/234 779/216/70
f 781/215/362 783/220/70 782/213/70
s 0
f 784/220/70 786/216/70 785/213/70
s 1
f 787/221/363 789/220/70 788/215/83
f 790/221/364 792/222/365 791/220/70
f 793/219/366 795/216/70 794/223/70
s 0
f 796/220/70 798/223/70 797/216/70
s 1
f 799/222/367 801/223/70 800/220/70
f 802/224/368 804/219/80 803/223/70
f 805/222/369 807/225/370 806/223/70
f 808/224/371 810/223/70 809/225/91
f 811/226/372 813/227/373 812/228/374
f 814/226/375 816/228/376 815/229/100
f 817/230/377 819/226/378 818/229/100
f 820/231/379 822/229/100 821/228/110
f 823/230/380 825/229/100 824/232/100
f 826/233/381 828/230/382 827/232/100
f 829/233/383 831/232/100 830/234/384
f 832/235/385 834/234/386 833/232/100
f 835/235/387 837/232/100 836/236/100
s 0
f 838/236/100 840/232/100 839/229/100
s 1
f 841/237/388 843/235/386 842/236/100
f 844/237/389 846/236/100 845/238/99
f 847/231/390 849/239/100 848/229/100
s 0
f 850/236/100 852/229/100 851/239/100
s 1
f 853/238/391 855/236/100 854/239/100
f 856/240/392 858/239/100 857/231/110
f 859/238/393 861/239/100 860/241/105
f 862/240/394 864/241/267 863/239/100
f 865/242/395 867/243/122 866/244/396
f 868/242/397 870/244/398 869/245/126
f 871/246/399 873/242/400 872/245/126
f 874/247/401 876/245/126 875/244/130
f 877/246/402 879/245/126 878/248/126
f 880/249/403 882/246/404 881/248/126
f 883/249/405 885/248/406 884/250/407
f 886/251/408 888/250/409 887/248/406
f 889/247/410 891/252/411 890/245/411
s 0
f 892/252/126 894/248/126 893/245/126
s 1
f 895/253/412 897/252/406 896/247/413
f 898/253/414 900/254/415 899/252/411
f 901/251/416 903/248/126 902/255/126
s 0
f 904/252/126 906/255/126 905/248/126
s 1
f 907/254/417 909/255/126 908/252/126
f 910/256/418 912/251/413 911/255/126
f 913/254/419 915/257/141 914/255/126
f 916/256/420 918/255/126 917/257/148
f 919/258/421 921/259/150 920/260/422
f 922/258/423 924/260/424 923/261/154
f 925/262/425 927/258/156 926/261/154
f 928/263/154 930/261/154 929/260/426
f 931/263/154 933/260/427 932/264/428
f 934/262/429 936/261/154 935/265/154
s 0
f 937/263/154 939/265/154 938/261/154
s 1
f 940/266/430 942/262/431 941/265/154
f 943/266/432 945/265/154 944/267/163
f 946/268/433 948/267/168 947/265/154
f 949/268/434 951/265/154 950/269/154
s 0
f 952/263/154 954/269/154 953/265/154
s 1
f 955/270/435 957/268/165 956/269/154
f 958/270/436 960/269/154 959/271/299
f 961/272/437 963/271/301 962/269/154
f 964/272/438 966/269/154 965/263/154
f 967/272/439 969/263/154 968/264/440
f 970/272/441 972/264/442 971/273/443
f 973/274/444 975/275/445 974/276/446
f 976/274/447 978/276/448 977/277/9
f 979/278/449 981/274/23 980/277/9
f 982/279/450 984/277/9 983/276/10
f 985/278/451 987/277/9 986/280/9
f 988/281/452 990/278/13 989/280/9
f 991/281/453 993/280/315 992/282/190
f 994/283/454 996/282/317 995/280/9
f 997/283/455 999/280/9 998/284/9
s 0
f 1000/284/9 1002/280/9 1001/277/9
s 1
f 1003/285/456 1005/283/317 1004/284/315
f 1006/285/457 1008/284/315 1007/286/458
f 1009/279/459 1011/287/9 1010/277/9
s 0
f 1012/284/9 1014/277/9 1013/287/9
s 1
f 1015/286/460 1017/284/9 1016/287/9
f 1018/288/461 1020/287/9 1019/279/462
f 1021/286/463 1023/287/9 1022/289/29
f 1024/288/464 1026/289/203 1025/287/9
f 1027/290/465 1029/291/328 1028/292/466
f 1030/290/467 1032/292/468 1031/293/335
f 1033/294/469 1035/290/470 1034/293/37
f 1036/295/37 1038/293/37 1037/292/471
f 1039/295/37 1041/292/472 1040/296/211
f 1042/297/473 1044/295/37 1043/296/213
f 1045/297/474 1047/298/215 1046/295/37
f 1048/298/475 1050/299/37 1049/295/37
s 0
f 1051/299/37 1053/293/37 1052/295/37
s 1
f 1054/298/476 1056/300/218 1055/299/37
f 1057/301/477 1059/299/335 1058/300/60
f 1060/301/478 1062/302/46 1061/299/335
f 1063/294/479 1065/293/335 1064/303/335
s 0
f 1066/299/37 1068/303/37 1067/293/37
s 1
f 1069/302/344 1071/303/37 1070/299/37
f 1072/304/480 1074/294/39 1073/303/335
f 1075/302/481 1077/305/226 1076/303/37
f 1078/304/482 1080/303/335 1079/305/349
f 1081/306/483 1083/307/66 1082/308/484
f 1084/306/485 1086/308/486 1085/309/70
f 1087/310/487 1089/306/72 1088/309/70
f 1090/311/488 1092/309/70 1091/308/74
f 1093/310/489 1095/309/70 1094/312/70
f 1096/313/490 1098/310/491 1097/312/492
f 1099/313/493 1101/312/492 1100/314/494
f 1102/315/495 1104/314/496 1103/312/492
f 1105/311/497 1107/316/70 1106/309/70
s 0
f 1108/316/70 1110/312/70 1109/309/70
s 1
f 1111/317/498 1113/316/70 1112/311/83
f 1114/317/499 1116/318/365 1115/316/70
f 1117/315/500 1119/312/70 1118/319/70
s 0
f 1120/316/70 1122/319/70 1121/312/70
s 1
f 1123/318/501 1125/319/70 1124/316/70
f 1126/320/502 1128/315/80 1127/319/70
f 1129/318/503 1131/321/504 1130/319/70
f 1132/320/505 1134/319/70 1133/321/91
f 1135/226/506 1137/227/253 1136/322/92
f 1138/226/507 1140/322/96 1139/323/100
f 1141/324/508 1143/226/382 1142/323/100
f 1144/325/509 1146/323/100 1145/322/110
f 1147/324/510 1149/323/100 1148/326/100
f 1150/233/511 1152/324/382 1151/326/100
f 1153/233/257 1155/326/100 1154/327/384
f 1156/328/512 1158/327/513 1157/326/100
f 1159/328/514 1161/326/100 1160/329/100
s 0
f 1162/329/100 1164/326/100 1163/323/100
s 1
f 1165/330/260 1167/328/386 1166/329/100
f 1168/330/515 1170/329/100 1169/331/378
f 1171/325/516 1173/332/100 1172/323/100
s 0
f 1174/329/100 1176/323/100 1175/332/100
s 1
f 1177/331/517 1179/329/100 1178/332/100
f 1180/333/264 1182/332/100 1181/325/110
f 1183/331/518 1185/332/100 1184/334/105
f 1186/333/119 1188/334/267 1187/332/100
f 1189/335/519 1191/336/122 1190/337/520
f 1192/335/521 1194/337/522 1193/338/126
f 1195/339/523 1197/335/404 1196/338/126
f 1198/340/524 1200/338/126 1199/337/130
f 1201/339/525 1203/338/126 1202/341/126
f 1204/342/526 1206/339/404 1205/341/126
f 1207/342/527 1209/341/126 1208/343/280
f 1210/344/528 1212/343/130 1211/341/126
f 1213/340/529 1215/345/126 1214/338/126
s 0
f 1216/345/126 1218/341/126 1217/338/126
s 1
f 1219/346/530 1221/345/126 1220/340/130
f 1222/346/531 1224/347/146 1223/345/126
f 1225/344/532 1227/341/126 1226/348/126
s 0
f 1228/345/126 1230/348/126 1229/341/126
s 1
f 1231/347/533 1233/348/126 1232/345/126
f 1234/349/534 1236/344/413 1235/348/126
f 1237/347/535 1239/350/141 1238/348/126
f 1240/349/536 1242/348/126 1241/350/148
f 1243/258/149 1245/259/150 1244/351/537
f 1246/258/152 1248/351/538 1247/352/154
f 1249/353/539 1251/258/156 1250/352/154
f 1252/354/154 1254/352/154 1253/351/540
f 1255/354/154 1257/351/541 1256/355/159
f 1258/353/542 1260/352/154 1259/356/154
s 0
f 1261/354/154 1263/356/154 1262/352/154
s 1
f 1264/266/543 1266/353/156 1265/356/154
f 1267/266/544 1269/356/154 1268/357/163
f 1270/358/545 1272/357/165 1271/356/154
f 1273/358/546 1275/356/154 1274/359/154
s 0
f 1276/354/154 1278/359/154 1277/356/154
s 1
f 1279/270/167 1281/358/547 1280/359/154
f 1282/270/169 1284/359/548 1283/271/299
f 1285/360/549 1287/271/550 1286/359/154
f 1288/360/551 1290/359/154 1289/354/154
f 1291/360/303 1293/354/154 1292/355/175
f 1294/360/177 1296/355/177 1295/361/178
f 1297/178/552 1299/179/2 1298/180/552
f 1300/178/553 1302/180/554 1301/181/9
f 1303/182/555 1305/178/556 1304/181/9
f 1306/183/311 1308/181/9 1307/180/10
f 1309/182/312 1311/181/9 1310/184/9
f 1312/185/557 1314/182/558 1313/184/315
f 1315/185/559 1317/184/9 1316/186/190
f 1318/187/316 1320/186/317 1319/184/9
f 1321/187/560 1323/184/315 1322/188/315
s 0
f 1324/188/9 1326/184/9 1325/181/9
s 1
f 1327/189/561 1329/187/317 1328/188/9
f 1330/189/562 1332/188/315 1331/190/458
f 1333/183/321 1335/191/9 1334/181/9
s 0
f 1336/188/9 1338/181/9 1337/191/9
s 1
f 1339/190/322 1341/188/9 1340/191/9
f 1342/192/323 1344/191/9 1343/183/194
f 1345/190/324 1347/191/9 1346/193/29
f 1348/192/325 1350/193/563 1349/191/9
f 1351/194/564 1353/195/328 1352/196/565
f 1354/194/566 1356/196/567 1355/197/37
f 1357/198/331 1359/194/39 1358/197/37
f 1360/199/37 1362/197/37 1361/196/332
f 1363/199/37 1365/196/333 1364/200/64
f 1366/201/568 1368/199/37 1367/200/213
f 1369/201/569 1371/202/218 1370/199/335
f 1372/202/570 1374/203/335 1373/199/335
s 0
f 1375/203/37 1377/197/37 1376/199/37
s 1
f 1378/202/338 1380/204/218 1379/203/335
f 1381/205/571 1383/203/37 1382/204/340
f 1384/205/572 1386/206/573 1385/203/335
f 1387/198/343 1389/197/335 1388/207/335
s 0
f 1390/203/37 1392/207/37 1391/197/37
s 1
f 1393/206/344 1395/207/37 1394/203/37
f 1396/208/574 1398/198/39 1397/207/335
f 1399/206/346 1401/209/56 1400/207/37
f 1402/208/348 1404/207/335 1403/209/349
f 1405/210/350 1407/211/66 1406/212/351
f 1408/210/352 1410/212/575 1409/213/70
f 1411/214/354 1413/210/72 1412/213/70
f 1414/215/355 1416/213/70 1415/212/74
f 1417/214/356 1419/213/70 1418/216/70
f 1420/217/576 1422/214/577 1421/216/578
f 1423/217/579 1425/216/578 1424/218/580
f 1426/219/581 1428/218/582 1427/216/578
f 1429/215/362 1431/220/70 1430/213/70
s 0
f 1432/220/70 1434/216/70 1433/213/70
s 1
f 1435/221/363 1437/220/70 1436/215/83
f 1438/221/364 1440/222/365 1439/220/70
f 1441/219/366 1443/216/70 1442/223/70
s 0
f 1444/220/70 1446/223/70 1445/216/70
s 1
f 1447/222/367 1449/223/70 1448/220/70
f 1450/224/368 1452/219/80 1451/223/70
f 1453/222/369 1455/225/370 1454/223/70
f 1456/224/371 1458/223/70 1457/225/91
f 1459/226/583 1461/227/373 1460/228/584
f 1462/226/585 1464/228/376 1463/229/100
f 1465/230/377 1467/226/378 1466/229/100
f 1468/231/379 1470/229/100 1469/228/586
f 1471/230/587 1473/229/100 1472/232/100
f 1474/233/381 1476/230/382 1475/232/100
f 1477/233/383 1479/232/100 1478/234/384
f 1480/235/385 1482/234/386 1481/232/100
f 1483/235/387 1485/232/100 1484/236/100
s 0
f 1486/236/100 1488/232/100 1487/229/100
s 1
f 1489/237/388 1491/235/386 1490/236/100
f 1492/237/389 1494/236/100 1493/238/378
f 1495/231/390 1497/239/100 1496/229/100
s 0
f 1498/236/100 1500/229/100 1499/239/100
s 1
f 1501/238/391 1503/236/100 1502/239/100
f 1504/240/588 1506/239/100 1505/231/110
f 1507/238/393 1509/239/100 1508/241/105
f 1510/240/589 1512/241/267 1511/239/100
f 1513/242/395 1515/243/122 1514/244/396
f 1516/242/397 1518/244/398 1517/245/126
f 1519/246/399 1521/242/400 1520/245/126
f 1522/247/401 1524/245/126 1523/244/130
f 1525/246/402 1527/245/126 1526/248/126
f 1528/249/403 1530/246/404 1529/248/126
f 1531/249/590 1533/248/126 1532/250/135
f 1534/251/408 1536/250/409 1535/248/406
f 1537/247/410 1539/252/411 1538/245/411
s 0
f 1540/252/126 1542/248/126 1541/245/126
s 1
f 1543/253/412 1545/252/406 1544/247/413
f 1546/253/414 1548/254/415 1547/252/411
f 1549/251/416 1551/248/126 1550/255/126
s 0
f 1552/252/126 1554/255/126 1553/248/126
s 1
f 1555/254/591 1557/255/126 1556/252/126
f 1558/256/418 1560/251/413 1559/255/126
f 1561/254/419 1563/257/141 1562/255/126
f 1564/256/420 1566/255/126 1565/257/148
f 1567/258/421 1569/259/150 1568/260/422
f 1570/258/423 1572/260/424 1571/261/154
f 1573/262/425 1575/258/156 1574/261/154
f 1576/263/154 1578/261/154 1577/260/426
f 1579/263/154 1581/260/427 1580/264/428
f 1582/262/429 1584/261/154 1583/265/154
s 0
f 1585/263/154 1587/265/154 1586/261/154
s 1
f 1588/266/430 1590/262/431 1589/265/154
f 1591/266/592 1593/265/154 1592/267/163
f 1594/268/433 1596/267/168 1595/265/154
f 1597/268/434 1599/265/154 1598/269/154
s 0
f 1600/263/154 1602/269/154 1601/265/154
s 1
f 1603/270/593 1605/268/165 1604/269/154
f 1606/270/594 1608/269/154 1607/271/299
f 1609/272/437 1611/271/301 1610/269/154
f 1612/272/438 1614/269/154 1613/263/154
f 1615/272/439 1617/263/154 1616/264/440
f 1618/272/441 1620/264/442 1619/273/443
f 1621/274/444 1623/275/445 1622/276/444
f 1624/274/595 1626/276/448 1625/277/9
f 1627/278/449 1629/274/23 1628/277/9
f 1630/279/450 1632/277/9 1631/276/10
f 1633/278/451 1635/277/9 1634/280/9
f 1636/281/596 1638/278/458 1637/280/315
f 1639/281/597 1641/280/9 1640/282/190
f 1642/283/454 1644/282/317 1643/280/9
f 1645/283/598 1647/280/315 1646/284/315
s 0
f 1648/284/9 1650/280/9 1649/277/9
s 1
f 1651/285/599 1653/283/317 1652/284/315
f 1654/285/600 1656/284/315 1655/286/458
f 1657/279/459 1659/287/9 1658/277/9
s 0
f 1660/284/9 1662/277/9 1661/287/9
s 1
f 1663/286/601 1665/284/9 1664/287/9
f 1666/288/461 1668/287/9 1667/279/462
f 1669/286/463 1671/287/9 1670/289/29
f 1672/288/464 1674/289/563 1673/287/9
f 1675/290/602 1677/291/603 1676/292/604
f 1678/290/605 1680/292/606 1679/293/335
f 1681/294/607 1683/290/470 1682/293/335
f 1684/295/37 1686/293/37 1685/292/471
f 1687/295/37 1689/292/472 1688/296/211
f 1690/297/473 1692/295/37 1691/296/213
f 1693/297/474 1695/298/215 1694/295/37
f 1696/298/608 1698/299/37 1697/295/37
s 0
f 1699/299/37 1701/293/37 1700/295/37
s 1
f 1702/298/609 1704/300/218 1703/299/335
f 1705/301/477 1707/299/610 1706/300/611
f 1708/301/612 1710/302/213 1709/299/335
f 1711/294/613 1713/293/37 1712/303/37
s 0
f 1714/299/37 1716/303/37 1715/293/37
s 1
f 1717/302/344 1719/303/37 1718/299/37
f 1720/304/614 1722/294/39 1721/303/335
f 1723/302/481 1725/305/56 1724/303/37
f 1726/304/615 1728/303/37 1727/305/43
f 1729/306/483 1731/307/66 1730/308/484
f 1732/306/485 1734/308/486 1733/309/70
f 1735/310/487 1737/306/72 1736/309/70
f 1738/311/488 1740/309/70 1739/308/74
f 1741/310/489 1743/309/70 1742/312/70
f 1744/313/616 1746/310/491 1745/312/492
f 1747/313/493 1749/312/492 1748/314/494
f 1750/315/495 1752/314/496 1751/312/492
f 1753/311/497 1755/316/70 1754/309/70
s 0
f 1756/316/70 1758/312/70 1757/309/70
s 1
f 1759/317/498 1761/316/70 1760/311/83
f 1762/317/499 1764/318/365 1763/316/70
f 1765/315/500 1767/312/70 1766/319/70
s 0
f 1768/316/70 1770/319/70 1769/312/70
s 1
f 1771/318/501 1773/319/70 1772/316/70
f 1774/320/502 1776/315/80 1775/319/70
f 1777/318/503 1779/321/504 1778/319/70
f 1780/320/505 1782/319/70 1781/321/91
f 1783/226/506 1785/227/253 1784/322/92
f 1786/226/507 1788/322/96 1787/323/100
f 1789/324/508 1791/226/382 1790/323/100
f 1792/325/509 1794/323/100 1793/322/586
f 1795/324/617 1797/323/100 1796/326/100
f 1798/233/511 1800/324/382 1799/326/100
f 1801/233/257 1803/326/100 1802/327/384
f 1804/328/512 1806/327/513 1805/326/100
f 1807/328/514 1809/326/100 1808/329/100
s 0
f 1810/329/100 1812/326/100 1811/323/100
s 1
f 1813/330/260 1815/328/386 1814/329/100
f 1816/330/515 1818/329/100 1817/331/378
f 1819/325/516 1821/332/100 1820/323/100
s 0
f 1822/329/100 1824/323/100 1823/332/100
s 1
f 1825/331/517 1827/329/100 1826/332/100
f 1828/333/117 1830/332/100 1829/325/110
f 1831/331/518 1833/332/100 1832/334/105
f 1834/333/119 1836/334/267 1835/332/100
f 1837/335/618 1839/336/269 1838/337/619
f 1840/335/620 1842/337/522 1841/338/273
f 1843/339/523 1845/335/404 1844/338/126
f 1846/340/621 1848/338/622 1847/337/137
f 1849/339/525 1851/338/126 1850/341/126
f 1852/342/526 1854/339/404 1853/341/126
f 1855/342/527 1857/341/126 1856/343/280
f 1858/344/528 1860/343/130 1859/341/126
f 1861/340/529 1863/345/273 1862/338/273
s 0
f 1864/345/126 1866/341/126 1865/338/126
s 1
f 1867/346/623 1869/345/622 1868/340/624
f 1870/346/625 1872/347/626 1871/345/273
f 1873/344/532 1875/341/126 1874/348/126
s 0
f 1876/345/126 1878/348/126 1877/341/126
s 1
f 1879/347/533 1881/348/126 1880/345/126
f 1882/349/534 1884/344/413 1883/348/126
f 1885/347/535 1887/350/141 1886/348/126
f 1888/349/536 1890/348/126 1889/350/148
f 1891/258/149 1893/259/150 1892/351/537
f 1894/258/152 1896/351/627 1895/352/154
f 1897/353/539 1899/258/156 1898/352/154
f 1900/354/154 1902/352/154 1901/351/540
f 1903/354/154 1905/351/541 1904/355/159
f 1906/353/542 1908/352/154 1907/356/154
s 0
f 1909/354/154 1911/356/154 1910/352/154
s 1
f 1912/266/161 1914/353/156 1913/356/154
f 1915/266/162 1917/356/154 1916/357/163
f 1918/358/545 1920/357/165 1919/356/154
f 1921/358/628 1923/356/154 1922/359/154
s 0
f 1924/354/154 1926/359/154 1925/356/154
s 1
f 1927/270/167 1929/358/547 1928/359/154
f 1930/270/629 1932/359/154 1931/271/415
f 1933/360/549 1935/271/550 1934/359/154
f 1936/360/551 1938/359/154 1937/354/154
f 1939/360/303 1941/354/154 1940/355/175
f 1942/360/177 1944/355/177 1943/361/178
f 1945/178/306 1947/179/630 1946/180/306
f 1948/178/553 1950/180/631 1949/181/22
f 1951/182/632 1953/178/633 1952/181/22
f 1954/183/311 1956/181/9 1955/180/10
f 1957/182/312 1959/181/9 1958/184/9
f 1960/185/634 1962/182/234 1961/184/315
f 1963/185/635 1965/184/315 1964/186/636
f 1966/187/637 1968/186/194 1967/184/183
f 1969/187/638 1971/184/9 1970/188/9
s 0
f 1972/188/9 1974/184/9 1973/181/9
s 1
f 1975/189/561 1977/187/317 1976/188/9
f 1978/189/320 1980/188/9 1979/190/13
f 1981/183/321 1983/191/9 1982/181/9
s 0
f 1984/188/9 1986/181/9 1985/191/9
s 1
f 1987/190/322 1989/188/9 1988/191/9
f 1990/192/323 1992/191/9 1991/183/194
f 1993/190/324 1995/191/9 1994/193/29
f 1996/192/325 1998/193/563 1997/191/9
f 1999/194/639 2001/195/328 2000/196/565
f 2002/194/640 2004/196/641 2003/197/37
f 2005/198/331 2007/194/39 2006/197/37
f 2008/199/37 2010/197/37 2009/196/332
f 2011/199/37 2013/196/333 2012/200/64
f 2014/201/642 2016/199/335 2015/200/46
f 2017/201/569 2019/202/51 2018/199/37
f 2020/202/337 2022/203/37 2021/199/37
s 0
f 2023/203/37 2025/197/37 2024/199/37
s 1
f 2026/202/643 2028/204/51 2027/203/37
f 2029/205/571 2031/203/37 2030/204/340
f 2032/205/644 2034/206/573 2033/203/335
f 2035/198/645 2037/197/37 2036/207/37
s 0
f 2038/203/37 2040/207/37 2039/197/37
s 1
f 2041/206/344 2043/207/37 2042/203/37
f 2044/208/345 2046/198/39 2045/207/37
f 2047/206/346 2049/209/56 2048/207/37
f 2050/208/646 2052/207/37 2051/209/43
f 2053/210/647 2055/211/66 2054/212/648
f 2056/210/352 2058/212/353 2057/213/70
f 2059/214/354 2061/210/72 2060/213/70
f 2062/215/355 2064/213/70 2063/212/74
f 2065/214/649 2067/213/70 2066/216/70
f 2068/217/576 2070/214/577 2069/216/578
f 2071/217/579 2073/216/578 2072/218/580
f 2074/219/581 2076/218/582 2075/216/578
f 2077/215/362 2079/220/70 2078/213/70
s 0
f 2080/220/70 2082/216/70 2081/213/70
s 1
f 2083/221/363 2085/220/70 2084/215/83
f 2086/221/364 2088/222/365 2087/220/70
f 2089/219/366 2091/216/70 2090/223/70
s 0
f 2092/220/70 2094/223/70 2093/216/70
s 1
f 2095/222/367 2097/223/70 2096/220/70
f 2098/224/650 2100/219/80 2099/223/70
f 2101/222/369 2103/225/370 2102/223/70
f 2104/224/371 2106/223/70 2105/225/91
f 2107/226/583 2109/227/373 2108/228/584
f 2110/226/585 2112/228/376 2111/229/100
f 2113/230/377 2115/226/378 2114/229/100
f 2116/231/379 2118/229/100 2117/228/110
f 2119/230/587 2121/229/100 2120/232/100
f 2122/233/381 2124/230/382 2123/232/100
f 2125/233/383 2127/232/100 2126/234/384
f 2128/235/385 2130/234/386 2129/232/100
f 2131/235/387 2133/232/100 2132/236/100
s 0
f 2134/236/100 2136/232/100 2135/229/100
s 1
f 2137/237/388 2139/235/386 2138/236/100
f 2140/237/389 2142/236/100 2141/238/99
f 2143/231/390 2145/239/100 2144/229/100
s 0
f 2146/236/100 2148/229/100 2147/239/100
s 1
f 2149/238/391 2151/236/100 2150/239/100
f 2152/240/392 2154/239/100 2153/231/110
f 2155/238/393 2157/239/100 2156/241/105
f 2158/240/394 2160/241/267 2159/239/100
f 2161/242/395 2163/243/122 2162/244/396
f 2164/242/651 2166/244/398 2165/245/126
f 2167/246/399 2169/242/400 2168/245/126
f 2170/247/401 2172/245/126 2171/244/130
f 2173/246/652 2175/245/126 2174/248/126
f 2176/249/653 2178/246/404 2177/248/126
f 2179/249/590 2181/248/126 2180/250/654
f 2182/251/408 2184/250/284 2183/248/126
f 2185/247/410 2187/252/411 2186/245/411
s 0
f 2188/252/126 2190/248/126 2189/245/126
s 1
f 2191/253/412 2193/252/406 2192/247/413
f 2194/253/414 2196/254/415 2195/252/411
f 2197/251/416 2199/248/126 2198/255/126
s 0
f 2200/252/126 2202/255/126 2201/248/126
s 1
f 2203/254/591 2205/255/126 2204/252/126
f 2206/256/418 2208/251/413 2207/255/126
f 2209/254/419 2211/257/141 2210/255/126
f 2212/256/420 2214/255/126 2213/257/148
f 2215/258/421 2217/259/150 2216/260/422
f 2218/258/423 2220/260/424 2219/261/154
f 2221/262/425 2223/258/156 2222/261/154
f 2224/263/154 2226/261/154 2225/260/426
f 2227/263/154 2229/260/427 2228/264/655
f 2230/262/429 2232/261/154 2231/265/154
s 0
f 2233/263/154 2235/265/154 2234/261/154
s 1
f 2236/266/430 2238/262/170 2237/265/154
f 2239/266/656 2241/265/154 2240/267/163
f 2242/268/433 2244/267/168 2243/265/154
f 2245/268/657 2247/265/154 2246/269/154
s 0
f 2248/263/154 2250/269/154 2249/265/154
s 1
f 2251/270/593 2253/268/165 2252/269/154
f 2254/270/594 2256/269/154 2255/271/299
f 2257/272/437 2259/271/301 2258/269/154
f 2260/272/438 2262/269/154 2261/263/154
f 2263/272/439 2265/263/154 2264/264/440
f 2266/272/441 2268/264/442 2267/273/443
f 2269/274/444 2271/275/445 2270/276/444
f 2272/274/595 2274/276/448 2273/277/9
f 2275/278/449 2277/274/23 2276/277/9
f 2278/279/450 2280/277/9 2279/276/10
f 2281/278/658 2283/277/22 2282/280/22
f 2284/281/452 2286/278/188 2285/280/22
f 2287/281/659 2289/280/315 2288/282/636
f 2290/283/660 2292/282/194 2291/280/183
f 2293/283/455 2295/280/9 2294/284/9
s 0
f 2296/284/9 2298/280/9 2297/277/9
s 1
f 2299/285/661 2301/283/194 2300/284/183
f 2302/285/662 2304/284/9 2303/286/29
f 2305/279/459 2307/287/9 2306/277/9
s 0
f 2308/284/9 2310/277/9 2309/287/9
s 1
f 2311/286/460 2313/284/9 2312/287/9
f 2314/288/461 2316/287/9 2315/279/462
f 2317/286/463 2319/287/9 2318/289/29
f 2320/288/464 2322/289/563 2321/287/9
f 2323/290/602 2325/291/328 2324/292/604
f 2326/290/663 2328/292/664 2327/293/37
f 2329/294/469 2331/290/470 2330/293/37
f 2332/295/37 2334/293/37 2333/292/471
f 2335/295/37 2337/292/472 2336/296/211
f 2338/297/665 2340/295/37 2339/296/213
f 2341/297/474 2343/298/215 2342/295/37
f 2344/298/608 2346/299/37 2345/295/37
s 0
f 2347/299/37 2349/293/37 2348/295/37
s 1
f 2350/298/476 2352/300/51 2351/299/37
f 2353/301/477 2355/299/37 2354/300/220
f 2356/301/666 2358/302/667 2357/299/610
f 2359/294/613 2361/293/37 2360/303/37
s 0
f 2362/299/37 2364/303/37 2363/293/37
s 1
f 2365/302/668 2367/303/37 2366/299/37
f 2368/304/669 2370/294/39 2369/303/37
f 2371/302/481 2373/305/56 2372/303/37
f 2374/304/615 2376/303/37 2375/305/43
f 2377/306/483 2379/307/66 2378/308/484
f 2380/306/485 2382/308/486 2381/309/70
f 2383/310/487 2385/306/72 2384/309/70
f 2386/311/488 2388/309/70 2387/308/74
f 2389/310/489 2391/309/70 2390/312/70
f 2392/313/490 2394/310/491 2393/312/492
f 2395/313/493 2397/312/492 2396/314/494
f 2398/315/495 2400/314/496 2399/312/492
f 2401/311/497 2403/316/70 2402/309/70
s 0
f 2404/316/70 2406/312/70 2405/309/70
s 1
f 2407/317/498 2409/316/70 2408/311/83
f 2410/317/499 2412/318/365 2411/316/70
f 2413/315/500 2415/312/70 2414/319/70
s 0
f 2416/316/70 2418/319/70 2417/312/70
s 1
f 2419/318/501 2421/319/70 2420/316/70
f 2422/320/502 2424/315/80 2423/319/70
f 2425/318/503 2427/321/370 2426/319/70
f 2428/320/505 2430/319/70 2429/321/91
f 2431/226/506 2433/227/253 2432/322/92
f 2434/226/507 2436/322/96 2435/323/100
f 2437/324/508 2439/226/382 2438/323/100
f 2440/325/509 2442/323/100 2441/322/110
f 2443/324/617 2445/323/100 2444/326/100
f 2446/233/511 2448/324/382 2447/326/100
f 2449/233/257 2451/326/100 2450/327/384
f 2452/328/512 2454/327/513 2453/326/100
f 2455/328/670 2457/326/100 2456/329/100
s 0
f 2458/329/100 2460/326/100 2459/323/100
s 1
f 2461/330/260 2463/328/386 2462/329/100
f 2464/330/515 2466/329/100 2465/331/99
f 2467/325/516 2469/332/100 2468/323/100
s 0
f 2470/329/100 2472/323/100 2471/332/100
s 1
f 2473/331/517 2475/329/100 2474/332/100
f 2476/333/117 2478/332/100 2477/325/110
f 2479/331/518 2481/332/100 2480/334/105
f 2482/333/119 2484/334/267 2483/332/100
f 2485/335/519 2487/336/122 2486/337/520
f 2488/335/521 2490/337/522 2489/338/126
f 2491/339/523 2493/335/404 2492/338/126
f 2494/340/524 2496/338/126 2495/337/130
f 2497/339/525 2499/338/126 2498/341/126
f 2500/342/526 2502/339/404 2501/341/126
f 2503/342/527 2505/341/126 2504/343/280
f 2506/344/528 2508/343/130 2507/341/126
f 2509/340/529 2511/345/126 2510/338/126
s 0
f 2512/345/126 2514/341/126 2513/338/126
s 1
f 2515/346/530 2517/345/126 2516/340/130
f 2518/346/531 2520/347/146 2519/345/126
f 2521/344/532 2523/341/126 2522/348/126
s 0
f 2524/345/126 2526/348/126 2525/341/126
s 1
f 2527/347/671 2529/348/126 2528/345/126
f 2530/349/534 2532/344/413 2531/348/126
f 2533/347/535 2535/350/141 2534/348/126
f 2536/349/536 2538/348/126 2537/350/148
f 2539/258/149 2541/259/150 2540/351/537
f 2542/258/152 2544/351/538 2543/352/154
f 2545/353/539 2547/258/156 2546/352/154
f 2548/354/154 2550/352/154 2549/351/540
f 2551/354/154 2553/351/541 2552/355/159
f 2554/353/542 2556/352/154 2555/356/154
s 0
f 2557/354/154 2559/356/154 2558/352/154
s 1
f 2560/266/161 2562/353/156 2561/356/154
f 2563/266/162 2565/356/154 2564/357/163
f 2566/358/545 2568/357/165 2567/356/154
f 2569/358/628 2571/356/154 2570/359/154
s 0
f 2572/354/154 2574/359/154 2573/356/154
s 1
f 2575/270/167 2577/358/547 2576/359/154
f 2578/270/672 2580/359/154 2579/271/299
f 2581/360/549 2583/271/550 2582/359/154
f 2584/360/551 2586/359/154 2585/354/154
f 2587/360/303 2589/354/154 2588/355/175
f 2590/360/177 2592/355/177 2591/361/178
f 2593/178/673 2595/179/674 2594/180/552
f 2596/178/675 2598/180/631 2597/181/22
f 2599/182/555 2601/178/188 2600/181/22
f 2602/183/311 2604/181/9 2603/180/10
f 2605/182/312 2607/181/9 2606/184/9
f 2608/185/676 2610/182/13 2609/184/9
f 2611/185/677 2613/184/9 2612/186/678
f 2614/187/316 2616/186/317 2615/184/9
f 2617/187/679 2619/184/9 2618/188/9
s 0
f 2620/188/9 2622/184/9 2621/181/9
s 1
f 2623/189/680 2625/187/317 2624/188/9
f 2626/189/320 2628/188/9 2627/190/13
f 2629/183/321 2631/191/9 2630/181/9
s 0
f 2632/188/9 2634/181/9 2633/191/9
s 1
f 2635/190/601 2637/188/9 2636/191/9
f 2638/192/323 2640/191/9 2639/183/194
f 2641/190/324 2643/191/9 2642/193/29
f 2644/192/325 2646/193/563 2645/191/9
f 2647/194/681 2649/195/328 2648/196/327
f 2650/194/682 2652/196/683 2651/197/37
f 2653/198/331 2655/194/39 2654/197/37
f 2656/199/37 2658/197/37 2657/196/332
f 2659/199/37 2661/196/333 2660/200/684
f 2662/201/685 2664/199/37 2663/200/213
f 2665/201/336 2667/202/686 2666/199/335
f 2668/202/337 2670/203/37 2669/199/37
s 0
f 2671/203/37 2673/197/37 2672/199/37
s 1
f 2674/202/338 2676/204/218 2675/203/610
f 2677/205/571 2679/203/335 2678/204/60
f 2680/205/687 2682/206/213 2681/203/37
f 2683/198/645 2685/197/37 2684/207/37
s 0
f 2686/203/37 2688/207/37 2687/197/37
s 1
f 2689/206/688 2691/207/37 2690/203/37
f 2692/208/345 2694/198/39 2693/207/37
f 2695/206/346 2697/209/56 2696/207/37
f 2698/208/646 2700/207/37 2699/209/43
f 2701/210/350 2703/211/66 2702/212/648
f 2704/210/689 2706/212/353 2705/213/70
f 2707/214/354 2709/210/72 2708/213/70
f 2710/215/355 2712/213/70 2711/212/74
f 2713/214/356 2715/213/70 2714/216/70
f 2716/217/576 2718/214/690 2717/216/578
f 2719/217/579 2721/216/578 2720/218/580
f 2722/219/581 2724/218/582 2723/216/578
f 2725/215/362 2727/220/70 2726/213/70
s 0
f 2728/220/70 2730/216/70 2729/213/70
s 1
f 2731/221/363 2733/220/70 2732/215/83
f 2734/221/364 2736/222/365 2735/220/70
f 2737/219/366 2739/216/70 2738/223/70
s 0
f 2740/220/70 2742/223/70 2741/216/70
s 1
f 2743/222/367 2745/223/70 2744/220/70
f 2746/224/368 2748/219/80 2747/223/70
f 2749/222/369 2751/225/370 2750/223/70
f 2752/224/371 2754/223/70 2753/225/91
f 2755/226/583 2757/227/373 2756/228/584
f 2758/226/585 2760/228/376 2759/229/100
f 2761/230/377 2763/226/378 2762/229/100
f 2764/231/379 2766/229/100 2765/228/110
f 2767/230/587 2769/229/100 2768/232/100
f 2770/233/381 2772/230/382 2771/232/100
f 2773/233/383 2775/232/100 2774/234/384
f 2776/235/385 2778/234/386 2777/232/100
f 2779/235/387 2781/232/100 2780/236/100
s 0
f 2782/236/100 2784/232/100 2783/229/100
s 1
f 2785/237/388 2787/235/386 2786/236/100
f 2788/237/389 2790/236/100 2789/238/99
f 2791/231/390 2793/239/100 2792/229/100
s 0
f 2794/236/100 2796/229/100 2795/239/100
s 1
f 2797/238/391 2799/236/100 2798/239/100
f 2800/240/588 2802/239/100 2801/231/110
f 2803/238/393 2805/239/100 2804/241/105
f 2806/240/394 2808/241/267 2807/239/100
f 2809/242/691 2811/243/692 2810/244/395
f 2812/242/693 2814/244/694 2813/245/411
f 2815/246/399 2817/242/128 2816/245/126
f 2818/247/695 2820/245/406 2819/244/130
f 2821/246/402 2823/245/126 2822/248/126
f 2824/249/696 2826/246/697 2825/248/406
f 2827/249/405 2829/248/406 2828/250/698
f 2830/251/699 2832/250/284 2831/248/406
f 2833/247/700 2835/252/126 2834/245/126
s 0
f 2836/252/126 2838/248/126 2837/245/126
s 1
f 2839/253/701 2841/252/126 2840/247/413
f 2842/253/702 2844/254/146 2843/252/126
f 2845/251/703 2847/248/406 2846/255/406
s 0
f 2848/252/126 2850/255/126 2849/248/126
s 1
f 2851/254/417 2853/255/126 2852/252/126
f 2854/256/704 2856/251/705 2855/255/406
f 2857/254/419 2859/257/141 2858/255/126
f 2860/256/706 2862/255/411 2861/257/707
f 2863/258/421 2865/259/150 2864/260/708
f 2866/258/709 2868/260/424 2867/261/154
f 2869/262/425 2871/258/156 2870/261/154
f 2872/263/154 2874/261/154 2873/260/426
f 2875/263/154 2877/260/427 2876/264/655
f 2878/262/710 2880/261/154 2879/265/154
s 0
f 2881/263/154 2883/265/154 2882/261/154
s 1
f 2884/266/430 2886/262/431 2885/265/154
f 2887/266/432 2889/265/154 2888/267/163
f 2890/268/433 2892/267/168 2891/265/154
f 2893/268/657 2895/265/154 2894/269/154
s 0
f 2896/263/154 2898/269/154 2897/265/154
s 1
f 2899/270/593 2901/268/165 2900/269/154
f 2902/270/594 2904/269/154 2903/271/299
f 2905/272/437 2907/271/301 2906/269/154
f 2908/272/438 2910/269/154 2909/263/154
f 2911/272/439 2913/263/154 2912/264/440
f 2914/272/441 2916/264/442 2915/273/443
f 2917/274/444 2919/275/445 2918/276/444
f 2920/274/595 2922/276/448 2921/277/9
f 2923/278/449 2925/274/711 2924/277/9
f 2926/279/450 2928/277/9 2927/276/10
f 2929/278/451 2931/277/9 2930/280/9
f 2932/281/452 2934/278/13 2933/280/9
f 2935/281/597 2937/280/9 2936/282/636
f 2938/283/454 2940/282/317 2939/280/9
f 2941/283/455 2943/280/9 2942/284/9
s 0
f 2944/284/9 2946/280/9 2945/277/9
s 1
f 2947/285/661 2949/283/200 2948/284/315
f 2950/285/712 2952/284/9 2951/286/29
f 2953/279/459 2955/287/9 2954/277/9
s 0
f 2956/284/9 2958/277/9 2957/287/9
s 1
f 2959/286/460 2961/284/9 2960/287/9
f 2962/288/461 2964/287/9 2963/279/462
f 2965/286/463 2967/287/9 2966/289/29
f 2968/288/464 2970/289/203 2969/287/9
f 2971/290/602 2973/291/328 2972/292/604
f 2974/290/663 2976/292/713 2975/293/37
f 2977/294/469 2979/290/470 2978/293/37
f 2980/295/37 2982/293/37 2981/292/714
f 2983/295/37 2985/292/472 2984/296/211
f 2986/297/473 2988/295/37 2987/296/213
f 2989/297/715 2991/298/215 2990/295/37
f 2992/298/608 2994/299/37 2993/295/37
s 0
f 2995/299/37 2997/293/37 2996/295/37
s 1
f 2998/298/476 3000/300/51 2999/299/37
f 3001/301/716 3003/299/610 3002/300/611
f 3004/301/612 3006/302/342 3005/299/37
f 3007/294/613 3009/293/37 3008/303/37
s 0
f 3010/299/37 3012/303/37 3011/293/37
s 1
f 3013/302/668 3015/303/37 3014/299/37
f 3016/304/669 3018/294/39 3017/303/37
f 3019/302/481 3021/305/56 3020/303/37
f 3022/304/615 3024/303/37 3023/305/43
f 3025/306/483 3027/307/66 3026/308/484
f 3028/306/485 3030/308/486 3029/309/70
f 3031/310/487 3033/306/72 3032/309/70
f 3034/311/488 3036/309/70 3035/308/74
f 3037/310/717 3039/309/70 3038/312/70
f 3040/313/490 3042/310/491 3041/312/492
f 3043/313/493 3045/312/492 3044/314/494
f 3046/315/495 3048/314/718 3047/312/492
f 3049/311/497 3051/316/70 3050/309/70
s 0
f 3052/316/70 3054/312/70 3053/309/70
s 1
f 3055/317/498 3057/316/70 3056/311/83
f 3058/317/499 3060/318/365 3059/316/70
f 3061/315/500 3063/312/70 3062/319/70
s 0
f 3064/316/70 3066/319/70 3065/312/70
s 1
f 3067/318/501 3069/319/70 3068/316/70
f 3070/320/502 3072/315/80 3071/319/70
f 3073/318/503 3075/321/370 3074/319/70
f 3076/320/505 3078/319/70 3077/321/91
f 3079/226/506 3081/227/253 3080/322/92
f 3082/226/507 3084/322/96 3083/323/100
f 3085/324/508 3087/226/382 3086/323/100
f 3088/325/509 3090/323/100 3089/322/110
f 3091/324/510 3093/323/100 3092/326/100
f 3094/233/511 3096/324/382 3095/326/100
f 3097/233/257 3099/326/100 3098/327/384
f 3100/328/512 3102/327/110 3101/326/100
f 3103/328/514 3105/326/100 3104/329/100
s 0
f 3106/329/100 3108/326/100 3107/323/100
s 1
f 3109/330/260 3111/328/386 3110/329/100
f 3112/330/515 3114/329/100 3113/331/99
f 3115/325/516 3117/332/100 3116/323/100
s 0
f 3118/329/100 3120/323/100 3119/332/100
s 1
f 3121/331/517 3123/329/100 3122/332/100
f 3124/333/117 3126/332/100 3125/325/110
f 3127/331/518 3129/332/100 3128/334/105
f 3130/333/119 3132/334/267 3131/332/100
f 3133/335/519 3135/336/122 3134/337/520
f 3136/335/521 3138/337/522 3137/338/126
f 3139/339/523 3141/335/404 3140/338/126
f 3142/340/524 3144/338/126 3143/337/130
f 3145/339/525 3147/338/126 3146/341/126
f 3148/342/719 3150/339/720 3149/341/622
f 3151/342/527 3153/341/273 3152/343/280
f 3154/344/721 3156/343/130 3155/341/273
f 3157/340/529 3159/345/126 3158/338/126
s 0
f 3160/345/126 3162/341/126 3161/338/126
s 1
f 3163/346/530 3165/345/126 3164/340/130
f 3166/346/531 3168/347/146 3167/345/126
f 3169/344/722 3171/341/622 3170/348/622
s 0
f 3172/345/126 3174/348/126 3173/341/126
s 1
f 3175/347/671 3177/348/126 3176/345/126
f 3178/349/534 3180/344/413 3179/348/273
f 3181/347/535 3183/350/141 3182/348/126
f 3184/349/723 3186/348/273 3185/350/128
f 3187/258/149 3189/259/150 3188/351/537
f 3190/258/152 3192/351/538 3191/352/154
f 3193/353/539 3195/258/156 3194/352/154
f 3196/354/154 3198/352/154 3197/351/540
f 3199/354/154 3201/351/541 3200/355/159
f 3202/353/724 3204/352/154 3203/356/154
s 0
f 3205/354/154 3207/356/154 3206/352/154
s 1
f 3208/266/161 3210/353/156 3209/356/154
f 3211/266/162 3213/356/154 3212/357/163
f 3214/358/545 3216/357/165 3215/356/154
f 3217/358/628 3219/356/154 3218/359/154
s 0
f 3220/354/154 3222/359/154 3221/356/154
s 1
f 3223/270/167 3225/358/547 3224/359/154
f 3226/270/725 3228/359/154 3227/271/299
f 3229/360/549 3231/271/301 3230/359/154
f 3232/360/551 3234/359/154 3233/354/154
f 3235/360/303 3237/354/154 3236/355/175
f 3238/360/177 3240/355/177 3239/361/178
f 3241/362/306 3243/363/445 3242/364/306
f 3244/362/675 3246/364/308 3245/365/9
f 3247/182/726 3249/362/29 3248/365/9
f 3250/366/311 3252/365/9 3251/364/10
f 3253/182/727 3255/365/9 3254/184/9
f 3256/185/676 3258/182/13 3257/184/9
f 3259/185/559 3261/184/9 3260/186/190
f 3262/187/316 3264/186/317 3263/184/9
f 3265/187/679 3267/184/9 3266/188/9
s 0
f 3268/188/9 3270/184/9 3269/365/9
s 1
f 3271/189/728 3273/187/20 3272/188/9
f 3274/189/320 3276/188/9 3275/190/13
f 3277/366/321 3279/367/9 3278/365/9
s 0
f 3280/188/9 3282/365/9 3281/367/9
s 1
f 3283/190/729 3285/188/9 3284/367/9
f 3286/368/730 3288/367/9 3287/366/200
f 3289/190/731 3291/367/9 3290/369/29
f 3292/368/325 3294/369/563 3293/367/9
f 3295/370/681 3297/371/328 3296/372/639
f 3298/370/329 3300/372/683 3299/373/37
f 3301/374/331 3303/370/39 3302/373/37
f 3304/199/37 3306/373/37 3305/372/732
f 3307/199/37 3309/372/333 3308/200/684
f 3310/201/733 3312/199/335 3311/200/46
f 3313/201/336 3315/202/218 3314/199/335
f 3316/202/734 3318/203/610 3317/199/610
s 0
f 3319/203/37 3321/373/37 3320/199/37
s 1
f 3322/202/338 3324/204/686 3323/203/610
f 3325/205/735 3327/203/335 3326/204/611
f 3328/205/572 3330/206/46 3329/203/335
f 3331/374/645 3333/373/37 3332/375/37
s 0
f 3334/203/37 3336/375/37 3335/373/37
s 1
f 3337/206/736 3339/375/37 3338/203/37
f 3340/376/737 3342/374/738 3341/375/37
f 3343/206/739 3345/377/347 3344/375/37
f 3346/376/646 3348/375/37 3347/377/43
f 3349/210/740 3351/211/741 3350/212/742
f 3352/210/743 3354/212/744 3353/213/231
f 3355/214/745 3357/210/72 3356/213/70
f 3358/215/746 3360/213/492 3359/212/496
f 3361/214/747 3363/213/70 3362/216/70
f 3364/217/357 3366/214/237 3365/216/238
f 3367/217/748 3369/216/238 3368/218/749
f 3370/219/361 3372/218/80 3371/216/70
f 3373/215/750 3375/220/492 3374/213/492
s 0
f 3376/220/70 3378/216/70 3377/213/70
s 1
f 3379/221/751 3381/220/231 3380/215/83
f 3382/221/752 3384/222/245 3383/220/492
f 3385/219/753 3387/216/578 3386/223/578
s 0
f 3388/220/70 3390/223/70 3389/216/70
s 1
f 3391/222/754 3393/223/70 3392/220/70
f 3394/224/755 3396/219/756 3395/223/578
f 3397/222/757 3399/225/370 3398/223/70
f 3400/224/758 3402/223/578 3401/225/759
f 3403/378/583 3405/379/373 3404/380/584
f 3406/378/585 3408/380/376 3407/381/100
f 3409/230/760 3411/378/378 3410/381/100
f 3412/382/379 3414/381/100 3413/380/110
f 3415/230/761 3417/381/100 3416/232/100
f 3418/233/381 3420/230/382 3419/232/100
f 3421/233/383 3423/232/100 3422/234/384
f 3424/235/385 3426/234/386 3425/232/100
f 3427/235/387 3429/232/100 3428/236/100
s 0
f 3430/236/100 3432/232/100 3431/381/100
s 1
f 3433/237/388 3435/235/386 3434/236/100
f 3436/237/389 3438/236/100 3437/238/378
f 3439/382/390 3441/383/100 3440/381/100
s 0
f 3442/236/100 3444/381/100 3443/383/100
s 1
f 3445/238/762 3447/236/100 3446/383/100
f 3448/384/763 3450/383/100 3449/382/110
f 3451/238/764 3453/383/100 3452/385/105
f 3454/384/765 3456/385/267 3455/383/100
f 3457/242/766 3459/243/767 3458/244/768
f 3460/242/397 3462/244/398 3461/245/126
f 3463/246/399 3465/242/400 3464/245/126
f 3466/247/769 3468/245/770 3467/244/771
f 3469/246/402 3471/245/126 3470/248/126
f 3472/249/653 3474/246/404 3473/248/126
f 3475/249/590 3477/248/273 3476/250/772
f 3478/251/408 3480/250/284 3479/248/126
f 3481/247/773 3483/252/622 3482/245/622
s 0
f 3484/252/126 3486/248/126 3485/245/126
s 1
f 3487/253/701 3489/252/126 3488/247/130
f 3490/253/774 3492/254/775 3491/252/622
f 3493/251/416 3495/248/126 3494/255/126
s 0
f 3496/252/126 3498/255/126 3497/248/126
s 1
f 3499/254/591 3501/255/126 3500/252/126
f 3502/256/418 3504/251/413 3503/255/126
f 3505/254/419 3507/257/141 3506/255/126
f 3508/256/420 3510/255/126 3509/257/148
f 3511/258/421 3513/259/150 3512/260/708
f 3514/258/709 3516/260/424 3515/261/154
f 3517/386/776 3519/258/156 3518/261/154
f 3520/263/154 3522/261/154 3521/260/426
f 3523/263/154 3525/260/427 3524/264/655
f 3526/386/777 3528/261/154 3527/387/154
s 0
f 3529/263/154 3531/387/154 3530/261/154
s 1
f 3532/388/778 3534/386/156 3533/387/154
f 3535/388/432 3537/387/154 3536/389/163
f 3538/390/433 3540/389/168 3539/387/154
f 3541/390/434 3543/387/154 3542/391/154
s 0
f 3544/263/154 3546/391/154 3545/387/154
s 1
f 3547/392/593 3549/390/779 3548/391/154
f 3550/392/780 3552/391/154 3551/393/299
f 3553/272/781 3555/393/301 3554/391/154
f 3556/272/782 3558/391/154 3557/263/154
f 3559/272/783 3561/263/154 3560/264/440
f 3562/272/784 3564/264/442 3563/273/443
f 3565/394/444 3567/395/445 3566/396/444
f 3568/394/785 3570/396/786 3569/397/9
f 3571/278/309 3573/394/29 3572/397/9
f 3574/398/450 3576/397/9 3575/396/10
f 3577/278/312 3579/397/9 3578/280/9
f 3580/281/452 3582/278/13 3581/280/9
f 3583/281/597 3585/280/9 3584/282/190
f 3586/283/454 3588/282/317 3587/280/9
f 3589/283/787 3591/280/9 3590/284/9
s 0
f 3592/284/9 3594/280/9 3593/397/9
s 1
f 3595/285/661 3597/283/200 3596/284/315
f 3598/285/712 3600/284/9 3599/286/29
f 3601/398/459 3603/399/9 3602/397/9
s 0
f 3604/284/9 3606/397/9 3605/399/9
s 1
f 3607/286/322 3609/284/9 3608/399/9
f 3610/400/461 3612/399/9 3611/398/462
f 3613/286/324 3615/399/9 3614/401/29
f 3616/400/464 3618/401/203 3617/399/9
f 3619/402/465 3621/403/328 3620/404/602
f 3622/402/663 3624/404/788 3623/405/37
f 3625/406/469 3627/402/470 3626/405/37
f 3628/295/37 3630/405/37 3629/404/332
f 3631/295/37 3633/404/789 3632/296/211
f 3634/297/473 3636/295/37 3635/296/213
f 3637/297/715 3639/298/215 3638/295/37
f 3640/298/475 3642/299/37 3641/295/37
s 0
f 3643/299/37 3645/405/37 3644/295/37
s 1
f 3646/298/609 3648/300/218 3647/299/610
f 3649/301/790 3651/299/37 3650/300/220
f 3652/301/791 3654/302/792 3653/299/610
f 3655/406/613 3657/405/37 3656/407/37
s 0
f 3658/299/37 3660/407/37 3659/405/37
s 1
f 3661/302/793 3663/407/37 3662/299/37
f 3664/408/669 3666/406/39 3665/407/37
f 3667/302/794 3669/409/226 3668/407/37
f 3670/408/615 3672/407/37 3671/409/43
f 3673/306/483 3675/307/66 3674/308/484
f 3676/306/485 3678/308/486 3677/309/70
f 3679/310/487 3681/306/72 3680/309/70
f 3682/311/488 3684/309/70 3683/308/74
f 3685/310/717 3687/309/70 3686/312/70
f 3688/313/795 3690/310/491 3689/312/796
f 3691/313/797 3693/312/231 3692/314/798
f 3694/315/495 3696/314/718 3695/312/492
f 3697/311/799 3699/316/231 3698/309/231
s 0
f 3700/316/70 3702/312/70 3701/309/70
s 1
f 3703/317/800 3705/316/231 3704/311/80
f 3706/317/801 3708/318/370 3707/316/231
f 3709/315/802 3711/312/492 3710/319/492
s 0
f 3712/316/70 3714/319/70 3713/312/70
s 1
f 3715/318/501 3717/319/70 3716/316/70
f 3718/320/502 3720/315/80 3719/319/231
f 3721/318/503 3723/321/370 3722/319/70
f 3724/320/803 3726/319/492 3725/321/550
f 3727/378/506 3729/379/253 3728/410/92
f 3730/378/507 3732/410/96 3731/411/100
f 3733/324/804 3735/378/382 3734/411/100
f 3736/412/509 3738/411/100 3737/410/110
f 3739/324/103 3741/411/100 3740/326/100
f 3742/233/511 3744/324/382 3743/326/100
f 3745/233/257 3747/326/100 3746/327/384
f 3748/328/805 3750/327/110 3749/326/100
f 3751/328/806 3753/326/100 3752/329/100
s 0
f 3754/329/100 3756/326/100 3755/411/100
s 1
f 3757/330/260 3759/328/386 3758/329/100
f 3760/330/807 3762/329/100 3761/331/378
f 3763/412/516 3765/413/100 3764/411/100
s 0
f 3766/329/100 3768/411/100 3767/413/100
s 1
f 3769/331/808 3771/329/100 3770/413/100
f 3772/414/117 3774/413/100 3773/412/110
f 3775/331/809 3777/413/100 3776/415/105
f 3778/414/810 3780/415/267 3779/413/100
f 3781/335/519 3783/336/122 3782/337/520
f 3784/335/521 3786/337/522 3785/338/126
f 3787/339/523 3789/335/404 3788/338/126
f 3790/340/524 3792/338/126 3791/337/130
f 3793/339/525 3795/338/126 3794/341/126
f 3796/342/526 3798/339/404 3797/341/126
f 3799/342/527 3801/341/126 3800/343/280
f 3802/344/528 3804/343/130 3803/341/126
f 3805/340/529 3807/345/126 3806/338/126
s 0
f 3808/345/126 3810/341/126 3809/338/126
s 1
f 3811/346/530 3813/345/126 3812/340/130
f 3814/346/531 3816/347/146 3815/345/126
f 3817/344/722 3819/341/622 3818/348/622
s 0
f 3820/345/126 3822/348/126 3821/341/126
s 1
f 3823/347/671 3825/348/126 3824/345/126
f 3826/349/811 3828/344/137 3827/348/622
f 3829/347/535 3831/350/141 3830/348/126
f 3832/349/536 3834/348/126 3833/350/148
f 3835/258/149 3837/259/150 3836/351/537
f 3838/258/152 3840/351/538 3839/352/154
f 3841/416/155 3843/258/156 3842/352/154
f 3844/354/154 3846/352/154 3845/351/540
f 3847/354/154 3849/351/541 3848/355/159
f 3850/416/812 3852/352/154 3851/417/154
s 0
f 3853/354/154 3855/417/154 3854/352/154
s 1
f 3856/388/295 3858/416/156 3857/417/154
f 3859/388/296 3861/417/154 3860/418/163
f 3862/419/545 3864/418/165 3863/417/154
f 3865/419/628 3867/417/154 3866/420/154
s 0
f 3868/354/154 3870/420/154 3869/417/154
s 1
f 3871/392/813 3873/419/547 3872/420/154
f 3874/392/725 3876/420/154 3875/393/299
f 3877/360/300 3879/393/301 3878/420/154
f 3880/360/814 3882/420/154 3881/354/154
f 3883/360/303 3885/354/154 3884/355/175
f 3886/360/177 3888/355/177 3887/361/178
f 3889/421/673 3891/422/66 3890/423/306
f 3892/421/675 3894/423/554 3893/424/9
f 3895/182/815 3897/421/188 3896/424/9
f 3898/425/311 3900/424/9 3899/423/10
f 3901/182/727 3903/424/9 3902/184/9
f 3904/185/816 3906/182/458 3905/184/315
f 3907/185/635 3909/184/315 3908/186/190
f 3910/187/316 3912/186/317 3911/184/315
f 3913/187/679 3915/184/9 3914/188/9
s 0
f 3916/188/9 3918/184/9 3917/424/9
s 1
f 3919/189/319 3921/187/317 3920/188/315
f 3922/189/562 3924/188/315 3923/190/458
f 3925/425/321 3927/426/9 3926/424/9
s 0
f 3928/188/9 3930/424/9 3929/426/9
s 1
f 3931/190/729 3933/188/9 3932/426/9
f 3934/427/730 3936/426/9 3935/425/10
f 3937/190/731 3939/426/9 3938/428/29
f 3940/427/817 3942/428/563 3941/426/9
f 3943/429/327 3945/430/818 3944/431/327
f 3946/429/682 3948/431/567 3947/432/37
f 3949/433/331 3951/429/39 3950/432/37
f 3952/199/37 3954/432/37 3953/431/732
f 3955/199/37 3957/431/819 3956/200/684
f 3958/201/733 3960/199/335 3959/200/213
f 3961/201/569 3963/202/51 3962/199/37
f 3964/202/820 3966/203/37 3965/199/37
s 0
f 3967/203/37 3969/432/37 3968/199/37
s 1
f 3970/202/338 3972/204/218 3971/203/335
f 3973/205/571 3975/203/335 3974/204/60
f 3976/205/341 3978/206/342 3977/203/335
f 3979/433/821 3981/432/37 3980/434/37
s 0
f 3982/203/37 3984/434/37 3983/432/37
s 1
f 3985/206/822 3987/434/37 3986/203/37
f 3988/435/823 3990/433/39 3989/434/335
f 3991/206/739 3993/436/824 3992/434/37
f 3994/435/646 3996/434/37 3995/436/43
f 3997/210/742 3999/211/825 3998/212/742
f 4000/210/743 4002/212/826 4001/213/231
f 4003/214/827 4005/210/91 4004/213/70
f 4006/215/746 4008/213/796 4007/212/718
f 4009/214/356 4011/213/70 4010/216/70
f 4012/217/357 4014/214/358 4013/216/70
f 4015/217/359 4017/216/70 4016/218/360
f 4018/219/361 4020/218/234 4019/216/70
f 4021/215/362 4023/220/70 4022/213/70
s 0
f 4024/220/70 4026/216/70 4025/213/70
s 1
f 4027/221/751 4029/220/231 4028/215/80
f 4030/221/828 4032/222/370 4031/220/231
f 4033/219/366 4035/216/70 4034/223/70
s 0
f 4036/220/70 4038/223/70 4037/216/70
s 1
f 4039/222/754 4041/223/70 4040/220/70
f 4042/224/650 4044/219/83 4043/223/238
f 4045/222/757 4047/225/370 4046/223/70
f 4048/224/829 4050/223/830 4049/225/831
f 4051/437/372 4053/438/373 4052/439/374
f 4054/437/375 4056/439/376 4055/440/100
f 4057/230/760 4059/437/378 4058/440/100
f 4060/441/379 4062/440/100 4061/439/110
f 4063/230/761 4065/440/100 4064/232/100
f 4066/233/381 4068/230/382 4067/232/100
f 4069/233/383 4071/232/100 4070/234/384
f 4072/235/385 4074/234/386 4073/232/100
f 4075/235/387 4077/232/100 4076/236/100
s 0
f 4078/236/100 4080/232/100 4079/440/100
s 1
f 4081/237/388 4083/235/386 4082/236/100
f 4084/237/389 4086/236/100 4085/238/378
f 4087/441/390 4089/442/100 4088/440/100
s 0
f 4090/236/100 4092/440/100 4091/442/100
s 1
f 4093/238/762 4095/236/100 4094/442/100
f 4096/443/392 4098/442/100 4097/441/110
f 4099/238/764 4101/442/100 4100/444/105
f 4102/443/394 4104/444/267 4103/442/100
f 4105/242/832 4107/243/833 4106/244/396
f 4108/242/834 4110/244/835 4109/245/622
f 4111/246/836 4113/242/148 4112/245/126
f 4114/247/837 4116/245/126 4115/244/130
f 4117/246/402 4119/245/126 4118/248/126
f 4120/249/838 4122/246/275 4121/248/126
f 4123/249/839 4125/248/411 4124/250/840
f 4126/251/841 4128/250/842 4127/248/411
f 4129/247/700 4131/252/126 4130/245/126
s 0
f 4132/252/126 4134/248/126 4133/245/126
s 1
f 4135/253/701 4137/252/126 4136/247/413
f 4138/253/702 4140/254/146 4139/252/126
f 4141/251/416 4143/248/126 4142/255/126
s 0
f 4144/252/126 4146/255/126 4145/248/126
s 1
f 4147/254/591 4149/255/126 4148/252/126
f 4150/256/418 4152/251/413 4151/255/126
f 4153/254/419 4155/257/141 4154/255/126
f 4156/256/420 4158/255/126 4157/257/148
f 4159/258/421 4161/259/150 4160/260/708
f 4162/258/423 4164/260/424 4163/261/154
f 4165/445/843 4167/258/156 4166/261/154
f 4168/263/154 4170/261/154 4169/260/844
f 4171/263/154 4173/260/427 4172/264/655
f 4174/445/845 4176/261/154 4175/446/154
s 0
f 4177/263/154 4179/446/154 4178/261/154
s 1
f 4180/447/846 4182/445/431 4181/446/154
f 4183/447/656 4185/446/154 4184/448/163
f 4186/449/433 4188/448/168 4187/446/154
f 4189/449/434 4191/446/154 4190/450/154
s 0
f 4192/263/154 4194/450/154 4193/446/154
s 1
f 4195/451/593 4197/449/165 4196/450/154
f 4198/451/594 4200/450/847 4199/452/431
f 4201/272/848 4203/452/301 4202/450/154
f 4204/272/849 4206/450/154 4205/263/154
f 4207/272/850 4209/263/154 4208/264/440
f 4210/272/441 4212/264/442 4211/273/443
f 4213/453/851 4215/454/2 4214/455/444
f 4216/453/852 4218/455/786 4217/456/9
f 4219/278/309 4221/453/188 4220/456/9
f 4222/457/853 4224/456/9 4223/455/10
f 4225/278/312 4227/456/9 4226/280/9
f 4228/281/854 4230/278/458 4229/280/315
f 4231/281/659 4233/280/315 4232/282/190
f 4234/283/855 4236/282/194 4235/280/315
f 4237/283/787 4239/280/9 4238/284/9
s 0
f 4240/284/9 4242/280/9 4241/456/9
s 1
f 4243/285/856 4245/283/317 4244/284/315
f 4246/285/712 4248/284/9 4247/286/13
f 4249/457/857 4251/458/9 4250/456/9
s 0
f 4252/284/9 4254/456/9 4253/458/9
s 1
f 4255/286/322 4257/284/9 4256/458/9
f 4258/459/461 4260/458/9 4259/457/858
f 4261/286/324 4263/458/9 4262/460/29
f 4264/459/464 4266/460/203 4265/458/9
f 4267/461/602 4269/462/603 4268/463/602
f 4270/461/663 4272/463/788 4271/464/37
f 4273/465/607 4275/461/60 4274/464/335
f 4276/295/37 4278/464/37 4277/463/332
f 4279/295/37 4281/463/789 4280/296/64
f 4282/297/665 4284/295/37 4283/296/213
f 4285/297/474 4287/298/215 4286/295/37
f 4288/298/608 4290/299/37 4289/295/37
s 0
f 4291/299/37 4293/464/37 4292/295/37
s 1
f 4294/298/609 4296/300/218 4295/299/335
f 4297/301/716 4299/299/335 4298/300/220
f 4300/301/612 4302/302/342 4301/299/335
f 4303/465/613 4305/464/37 4304/466/37
s 0
f 4306/299/37 4308/466/37 4307/464/37
s 1
f 4309/302/793 4311/466/37 4310/299/37
f 4312/467/859 4314/465/39 4313/466/37
f 4315/302/860 4317/468/226 4316/466/37
f 4318/467/482 4320/466/37 4319/468/43
f 4321/306/483 4323/307/445 4322/308/484
f 4324/306/485 4326/308/486 4325/309/70
f 4327/310/861 4329/306/72 4328/309/70
f 4330/311/862 4332/309/70 4331/308/74
f 4333/310/489 4335/309/70 4334/312/70
f 4336/313/863 4338/310/550 4337/312/796
f 4339/313/493 4341/312/231 4340/314/798
f 4342/315/495 4344/314/496 4343/312/492
f 4345/311/864 4347/316/70 4346/309/70
s 0
f 4348/316/70 4350/312/70 4349/309/70
s 1
f 4351/317/498 4353/316/70 4352/311/74
f 4354/317/499 4356/318/365 4355/316/70
f 4357/315/865 4359/312/231 4358/319/231
s 0
f 4360/316/70 4362/319/70 4361/312/70
s 1
f 4363/318/501 4365/319/70 4364/316/70
f 4366/320/866 4368/315/234 4367/319/231
f 4369/318/503 4371/321/365 4370/319/70
f 4372/320/867 4374/319/231 4373/321/868
f 4375/437/506 4377/438/253 4376/469/94
f 4378/437/869 4380/469/96 4379/470/100
f 4381/324/804 4383/437/382 4382/470/100
f 4384/471/509 4386/470/100 4385/469/513
f 4387/324/870 4389/470/100 4388/326/100
f 4390/233/871 4392/324/382 4391/326/100
f 4393/233/257 4395/326/100 4394/327/384
f 4396/328/512 4398/327/513 4397/326/100
f 4399/328/514 4401/326/100 4400/329/100
s 0
f 4402/329/100 4404/326/100 4403/470/100
s 1
f 4405/330/260 4407/328/386 4406/329/100
f 4408/330/515 4410/329/100 4409/331/378
f 4411/471/516 4413/472/100 4412/470/100
s 0
f 4414/329/100 4416/470/100 4415/472/100
s 1
f 4417/331/808 4419/329/100 4418/472/100
f 4420/473/872 4422/472/100 4421/471/110
f 4423/331/809 4425/472/100 4424/474/105
f 4426/473/119 4428/474/267 4427/472/100
f 4429/335/519 4431/336/122 4430/337/520
f 4432/335/521 4434/337/522 4433/338/126
f 4435/339/523 4437/335/404 4436/338/126
f 4438/340/524 4440/338/126 4439/337/130
f 4441/339/525 4443/338/126 4442/341/126
f 4444/342/873 4446/339/275 4445/341/126
f 4447/342/874 4449/341/875 4448/343/876
f 4450/344/877 4452/343/878 4451/341/875
f 4453/340/879 4455/345/875 4454/338/875
s 0
f 4456/345/126 4458/341/126 4457/338/126
s 1
f 4459/346/880 4461/345/881 4460/340/882
f 4462/346/883 4464/347/146 4463/345/126
f 4465/344/532 4467/341/126 4466/348/126
s 0
f 4468/345/126 4470/348/126 4469/341/126
s 1
f 4471/347/533 4473/348/126 4472/345/126
f 4474/349/534 4476/344/413 4475/348/126
f 4477/347/535 4479/350/141 4478/348/126
f 4480/349/536 4482/348/126 4481/350/148
f 4483/258/149 4485/259/150 4484/351/537
f 4486/258/152 4488/351/627 4487/352/154
f 4489/475/292 4491/258/156 4490/352/154
f 4492/354/154 4494/352/154 4493/351/540
f 4495/354/154 4497/351/541 4496/355/163
f 4498/475/884 4500/352/154 4499/476/154
s 0
f 4501/354/154 4503/476/154 4502/352/154
s 1
f 4504/447/295 4506/475/885 4505/476/154
f 4507/447/886 4509/476/154 4508/477/163
f 4510/478/545 4512/477/168 4511/476/154
f 4513/478/628 4515/476/154 4514/479/154
s 0
f 4516/354/154 4518/479/154 4517/476/154
s 1
f 4519/451/167 4521/478/547 4520/479/154
f 4522/451/725 4524/479/154 4523/452/299
f 4525/360/300 4527/452/550 4526/479/154
f 4528/360/814 4530/479/154 4529/354/154
f 4531/360/303 4533/354/154 4532/355/175
f 4534/360/177 4536/355/177 4535/361/178
f 4537/480/887 4539/481/888 4538/482/889
f 4540/480/890 4542/482/891 4541/483/106
f 4543/182/892 4545/480/378 4544/483/100
f 4546/484/893 4548/483/106 4547/482/110
f 4549/182/894 4551/483/100 4550/184/100
f 4552/185/895 4554/182/99 4553/184/100
f 4555/185/896 4557/184/100 4556/186/384
f 4558/187/897 4560/186/386 4559/184/100
f 4561/187/898 4563/184/100 4562/188/100
s 0
f 4564/188/100 4566/184/100 4565/483/100
s 1
f 4567/189/899 4569/187/386 4568/188/100
f 4570/189/900 4572/188/100 4571/190/99
f 4573/484/901 4575/485/106 4574/483/106
s 0
f 4576/188/100 4578/483/100 4577/485/100
s 1
f 4579/190/902 4581/188/100 4580/485/100
f 4582/486/903 4584/485/106 4583/484/110
f 4585/190/904 4587/485/100 4586/487/99
f 4588/486/905 4590/487/133 4589/485/106
f 4591/488/906 4593/489/907 4592/490/906
f 4594/488/908 4596/490/909 4595/491/847
f 4597/492/910 4599/488/911 4598/491/847
f 4600/199/154 4602/491/154 4601/490/912
f 4603/199/154 4605/490/913 4604/200/299
f 4606/201/914 4608/199/915 4607/200/301
f 4609/201/916 4611/202/163 4610/199/847
f 4612/202/917 4614/203/847 4613/199/847
s 0
f 4615/203/154 4617/491/154 4616/199/154
s 1
f 4618/202/918 4620/204/163 4619/203/847
f 4621/205/919 4623/203/847 4622/204/168
f 4624/205/920 4626/206/921 4625/203/847
f 4627/492/922 4629/491/847 4628/493/847
s 0
f 4630/203/154 4632/493/154 4631/491/154
s 1
f 4633/206/923 4635/493/154 4634/203/154
f 4636/494/924 4638/492/911 4637/493/847
f 4639/206/925 4641/495/926 4640/493/154
f 4642/494/927 4644/493/847 4643/495/928
f 4645/210/929 4647/211/930 4646/212/931
f 4648/210/932 4650/212/933 4649/213/70
f 4651/214/934 4653/210/83 4652/213/238
f 4654/215/935 4656/213/70 4655/212/365
f 4657/214/936 4659/213/238 4658/216/238
f 4660/217/937 4662/214/83 4661/216/238
f 4663/217/938 4665/216/238 4664/218/91
f 4666/219/939 4668/218/940 4667/216/70
f 4669/215/941 4671/220/70 4670/213/70
s 0
f 4672/220/70 4674/216/70 4673/213/70
s 1
f 4675/221/942 4677/220/70 4676/215/940
f 4678/221/943 4680/222/360 4679/220/70
f 4681/219/944 4683/216/70 4682/223/70
s 0
f 4684/220/70 4686/223/70 4685/216/70
s 1
f 4687/222/757 4689/223/70 4688/220/70
f 4690/224/945 4692/219/85 4691/223/70
f 4693/222/946 4695/225/78 4694/223/70
f 4696/224/368 4698/223/70 4697/225/83
f 4699/496/947 4701/497/948 4700/498/949
f 4702/496/950 4704/498/951 4703/499/335
f 4705/230/952 4707/496/56 4706/499/37
f 4708/500/953 4710/499/954 4709/498/48
f 4711/230/955 4713/499/41 4712/232/41
f 4714/233/956 4716/230/213 4715/232/41
f 4717/233/957 4719/232/958 4718/234/220
f 4720/235/959 4722/234/960 4721/232/961
f 4723/235/962 4725/232/963 4724/236/963
s 0
f 4726/236/37 4728/232/37 4727/499/37
s 1
f 4729/237/964 4731/235/965 4730/236/335
f 4732/237/966 4734/236/37 4733/238/56
f 4735/500/967 4737/501/963 4736/499/963
s 0
f 4738/236/37 4740/499/37 4739/501/37
s 1
f 4741/238/968 4743/236/37 4742/501/37
f 4744/502/969 4746/501/961 4745/500/51
f 4747/238/970 4749/501/37 4748/503/213
f 4750/502/971 4752/503/211 4751/501/37
f 4753/242/972 4755/243/973 4754/244/974
f 4756/242/975 4758/244/976 4757/245/126
f 4759/246/977 4761/242/135 4760/245/126
f 4762/247/978 4764/245/126 4763/244/148
f 4765/246/979 4767/245/126 4766/248/126
f 4768/249/980 4770/246/698 4769/248/126
f 4771/249/981 4773/248/126 4772/250/982
f 4774/251/983 4776/250/697 4775/248/126
f 4777/247/695 4779/252/126 4778/245/126
s 0
f 4780/252/126 4782/248/126 4781/245/126
s 1
f 4783/253/984 4785/252/126 4784/247/400
f 4786/253/412 4788/254/137 4787/252/126
f 4789/251/985 4791/248/126 4790/255/126
s 0
f 4792/252/126 4794/255/126 4793/248/126
s 1
f 4795/254/986 4797/255/126 4796/252/126
f 4798/256/987 4800/251/148 4799/255/126
f 4801/254/591 4803/257/130 4802/255/126
f 4804/256/988 4806/255/989 4805/257/349
f 4807/258/990 4809/259/122 4808/260/991
f 4810/258/992 4812/260/993 4811/261/9
f 4813/504/994 4815/258/563 4814/261/9
f 4816/263/9 4818/261/9 4817/260/995
f 4819/263/25 4821/260/996 4820/264/997
f 4822/504/998 4824/261/9 4823/505/9
s 0
f 4825/263/9 4827/505/9 4826/261/9
s 1
f 4828/506/999 4830/504/1000 4829/505/9
f 4831/506/1001 4833/505/9 4832/507/200
f 4834/508/1002 4836/507/1003 4835/505/9
f 4837/508/1004 4839/505/9 4838/509/9
s 0
f 4840/263/9 4842/509/9 4841/505/9
s 1
f 4843/510/1005 4845/508/15 4844/509/9
f 4846/510/1006 4848/509/9 4847/511/1007
f 4849/272/1008 4851/511/23 4850/509/9
f 4852/272/1009 4854/509/9 4853/263/9
f 4855/272/1010 4857/263/9 4856/264/1011
f 4858/272/1012 4860/264/1013 4859/273/1014
f 4861/512/1015 4863/513/1016 4862/514/1015
f 4864/512/1017 4866/514/1018 4865/515/106
f 4867/278/1019 4869/512/99 4868/515/100
f 4870/516/1020 4872/515/106 4871/514/513
f 4873/278/1021 4875/515/100 4874/280/100
f 4876/281/1022 4878/278/99 4877/280/100
f 4879/281/1023 4881/280/100 4880/282/384
f 4882/283/1024 4884/282/386 4883/280/100
f 4885/283/1025 4887/280/100 4886/284/100
s 0
f 4888/284/100 4890/280/100 4889/515/100
s 1
f 4891/285/1026 4893/283/386 4892/284/100
f 4894/285/1027 4896/284/100 4895/286/99
f 4897/516/1028 4899/517/106 4898/515/106
s 0
f 4900/284/100 4902/515/100 4901/517/100
s 1
f 4903/286/1029 4905/284/100 4904/517/100
f 4906/518/1030 4908/517/106 4907/516/110
f 4909/286/632 4911/517/100 4910/519/99
f 4912/518/1031 4914/519/133 4913/517/106
f 4915/520/1032 4917/521/907 4916/522/1032
f 4918/520/1033 4920/522/1034 4919/523/847
f 4921/524/1035 4923/520/547 4922/523/847
f 4924/295/154 4926/523/154 4925/522/1036
f 4927/295/154 4929/522/1037 4928/296/156
f 4930/297/1038 4932/295/154 4931/296/550
f 4933/297/1039 4935/298/1040 4934/295/154
f 4936/298/1041 4938/299/154 4937/295/154
s 0
f 4939/299/154 4941/523/154 4940/295/154
s 1
f 4942/298/1042 4944/300/163 4943/299/847
f 4945/301/1043 4947/299/847 4946/300/168
f 4948/301/1044 4950/302/550 4949/299/847
f 4951/524/1045 4953/523/847 4952/525/847
s 0
f 4954/299/154 4956/525/154 4955/523/154
s 1
f 4957/302/1046 4959/525/154 4958/299/154
f 4960/526/1047 4962/524/911 4961/525/847
f 4963/302/1048 4965/527/1049 4964/525/154
f 4966/526/1050 4968/525/847 4967/527/928
f 4969/306/1051 4971/307/930 4970/308/1052
f 4972/306/1053 4974/308/1054 4973/309/70
f 4975/310/1055 4977/306/80 4976/309/70
f 4978/311/497 4980/309/70 4979/308/370
f 4981/310/1056 4983/309/70 4982/312/70
f 4984/313/1057 4986/310/80 4985/312/70
f 4987/313/1058 4989/312/70 4988/314/1059
f 4990/315/1060 4992/314/940 4991/312/70
f 4993/311/1061 4995/316/70 4994/309/70
s 0
f 4996/316/70 4998/312/70 4997/309/70
s 1
f 4999/317/1062 5001/316/238 5000/311/365
f 5002/317/1063 5004/318/360 5003/316/238
f 5005/315/1064 5007/312/70 5006/319/70
s 0
f 5008/316/70 5010/319/70 5009/312/70
s 1
f 5011/318/503 5013/319/238 5012/316/238
f 5014/320/1065 5016/315/940 5015/319/70
f 5017/318/1066 5019/321/78 5018/319/70
f 5020/320/1067 5022/319/238 5021/321/74
f 5023/496/1068 5025/497/1069 5024/528/1070
f 5026/496/1071 5028/528/1072 5027/529/954
f 5029/324/1073 5031/496/62 5030/529/37
f 5032/530/1074 5034/529/335 5033/528/218
f 5035/324/1075 5037/529/37 5036/326/37
f 5038/233/1076 5040/324/62 5039/326/37
f 5041/233/1077 5043/326/610 5042/327/1078
f 5044/328/1079 5046/327/51 5045/326/961
f 5047/328/1080 5049/326/610 5048/329/610
s 0
f 5050/329/37 5052/326/37 5051/529/37
s 1
f 5053/330/1081 5055/328/965 5054/329/335
f 5056/330/1082 5058/329/37 5057/331/226
f 5059/530/1083 5061/531/37 5060/529/37
s 0
f 5062/329/37 5064/529/37 5063/531/37
s 1
f 5065/331/1084 5067/329/37 5066/531/37
f 5068/532/1085 5070/531/335 5069/530/218
f 5071/331/1086 5073/531/37 5072/533/213
f 5074/532/1087 5076/533/211 5075/531/37
f 5077/335/521 5079/336/1088 5078/337/1089
f 5080/335/1090 5082/337/520 5081/338/126
f 5083/339/1091 5085/335/698 5084/338/126
f 5086/340/1092 5088/338/126 5087/337/148
f 5089/339/1093 5091/338/126 5090/341/126
f 5092/342/1094 5094/339/698 5093/341/126
f 5095/342/1095 5097/341/126 5096/343/141
f 5098/344/1096 5100/343/148 5099/341/126
f 5101/340/1097 5103/345/126 5102/338/126
s 0
f 5104/345/126 5106/341/126 5105/338/126
s 1
f 5107/346/1098 5109/345/126 5108/340/148
f 5110/346/530 5112/347/137 5111/345/126
f 5113/344/1099 5115/341/126 5114/348/126
s 0
f 5116/345/126 5118/348/126 5117/341/126
s 1
f 5119/347/1100 5121/348/126 5120/345/126
f 5122/349/1101 5124/344/148 5123/348/406
f 5125/347/533 5127/350/130 5126/348/126
f 5128/349/1102 5130/348/126 5129/350/280
f 5131/258/1103 5133/259/122 5132/351/1104
f 5134/258/1105 5136/351/1106 5135/352/9
f 5137/534/1107 5139/258/563 5138/352/9
f 5140/354/9 5142/352/9 5141/351/1108
f 5143/354/9 5145/351/1109 5144/355/200
f 5146/534/1110 5148/352/9 5147/535/9
s 0
f 5149/354/9 5151/535/9 5150/352/9
s 1
f 5152/506/1111 5154/534/1112 5153/535/25
f 5155/506/1113 5157/535/1114 5156/536/462
f 5158/537/1115 5160/536/1116 5159/535/315
f 5161/537/1117 5163/535/1114 5162/538/1114
s 0
f 5164/354/9 5166/538/9 5165/535/9
s 1
f 5167/539/1118 5169/537/1119 5168/538/9
f 5170/539/1120 5172/538/9 5171/511/203
f 5173/360/1121 5175/511/29 5174/538/9
f 5176/360/1122 5178/538/9 5177/354/9
f 5179/360/1123 5181/354/1124 5180/355/1125
f 5182/360/1126 5184/355/1127 5183/361/1128
f 5185/540/673 5187/541/2 5186/542/552
f 5188/540/307 5190/542/554 5189/543/9
f 5191/544/1129 5193/540/188 5192/543/9
f 5194/545/311 5196/543/9 5195/542/10
f 5197/544/727 5199/543/9 5198/546/9
f 5200/547/676 5202/544/188 5201/546/9
f 5203/547/677 5205/546/9 5204/548/678
f 5206/549/316 5208/548/317 5207/546/9
f 5209/549/679 5211/546/9 5210/550/9
s 0
f 5212/550/9 5214/546/9 5213/543/9
s 1
f 5215/551/680 5217/549/317 5216/550/9
f 5218/551/320 5220/550/9 5219/552/13
f 5221/545/1130 5223/553/9 5222/543/9
s 0
f 5224/550/9 5226/543/9 5225/553/9
s 1
f 5227/552/1131 5229/550/9 5228/553/9
f 5230/554/1132 5232/553/9 5231/545/10
f 5233/552/731 5235/553/9 5234/555/29
f 5236/554/817 5238/555/563 5237/553/9
f 5239/556/681 5241/557/328 5240/558/681
f 5242/556/329 5244/558/683 5243/559/37
f 5245/560/331 5247/556/39 5246/559/37
f 5248/561/37 5250/559/37 5249/558/732
f 5251/561/37 5253/558/1133 5252/562/684
f 5254/563/568 5256/561/37 5255/562/213
f 5257/563/1134 5259/564/218 5258/561/37
f 5260/564/1135 5262/565/37 5261/561/37
s 0
f 5263/565/37 5265/559/37 5264/561/37
s 1
f 5266/564/643 5268/566/51 5267/565/37
f 5269/567/571 5271/565/37 5270/566/340
f 5272/567/687 5274/568/342 5273/565/37
f 5275/560/821 5277/559/37 5276/569/37
s 0
f 5278/565/37 5280/569/37 5279/559/37
s 1
f 5281/568/822 5283/569/37 5282/565/37
f 5284/570/1136 5286/560/39 5285/569/37
f 5287/568/1137 5289/571/226 5288/569/37
f 5290/570/646 5292/569/37 5291/571/43
f 5293/572/1138 5295/573/66 5294/574/1139
f 5296/572/1140 5298/574/1141 5297/575/70
f 5299/576/1142 5301/572/72 5300/575/70
f 5302/577/1143 5304/575/70 5303/574/74
f 5305/576/1144 5307/575/70 5306/578/70
f 5308/579/1145 5310/576/72 5309/578/70
f 5311/579/1146 5313/578/70 5312/580/360
f 5314/581/1147 5316/580/234 5315/578/70
f 5317/577/1148 5319/582/70 5318/575/70
s 0
f 5320/582/70 5322/578/70 5321/575/70
s 1
f 5323/583/1149 5325/582/70 5324/577/74
f 5326/583/1150 5328/584/365 5327/582/70
f 5329/581/1151 5331/578/70 5330/585/70
s 0
f 5332/582/70 5334/585/70 5333/578/70
s 1
f 5335/584/1152 5337/585/70 5336/582/70
f 5338/586/1153 5340/581/80 5339/585/70
f 5341/584/1154 5343/587/365 5342/585/70
f 5344/586/1155 5346/585/70 5345/587/1059
f 5347/588/506 5349/589/253 5348/590/92
f 5350/588/869 5352/590/1156 5351/591/100
f 5353/592/804 5355/588/382 5354/591/100
f 5356/593/1157 5358/591/100 5357/590/110
f 5359/592/103 5361/591/100 5360/594/100
f 5362/595/871 5364/592/382 5363/594/100
f 5365/595/257 5367/594/100 5366/596/384
f 5368/597/1158 5370/596/513 5369/594/100
f 5371/597/1159 5373/594/100 5372/598/100
s 0
f 5374/598/100 5376/594/100 5375/591/100
s 1
f 5377/599/260 5379/597/386 5378/598/100
f 5380/599/262 5382/598/100 5381/600/99
f 5383/593/1160 5385/601/100 5384/591/100
s 0
f 5386/598/100 5388/591/100 5387/601/100
s 1
f 5389/600/116 5391/598/100 5390/601/100
f 5392/602/872 5394/601/100 5393/593/110
f 5395/600/809 5397/601/100 5396/603/105
f 5398/602/119 5400/603/267 5399/601/100
f 5401/604/1161 5403/605/1162 5402/606/1163
f 5404/604/1164 5406/606/1165 5405/607/126
f 5407/608/1166 5409/604/404 5408/607/126
f 5410/609/1167 5412/607/126 5411/606/130
f 5413/608/1168 5415/607/126 5414/610/126
f 5416/611/1169 5418/608/1170 5417/610/875
f 5419/611/1171 5421/610/126 5420/612/280
f 5422/613/1172 5424/612/137 5423/610/126
f 5425/609/1173 5427/614/126 5426/607/126
s 0
f 5428/614/126 5430/610/126 5429/607/126
s 1
f 5431/615/1174 5433/614/126 5432/609/409
f 5434/615/1175 5436/616/415 5435/614/411
f 5437/613/1176 5439/610/875 5438/617/875
s 0
f 5440/614/126 5442/617/126 5441/610/126
s 1
f 5443/616/1177 5445/617/126 5444/614/126
f 5446/618/1178 5448/613/130 5447/617/126
f 5449/616/1179 5451/619/146 5450/617/126
f 5452/618/1180 5454/617/411 5453/619/1181
f 5455/620/149 5457/621/150 5456/622/1182
f 5458/620/152 5460/622/1183 5459/623/154
f 5461/624/292 5463/620/156 5462/623/154
f 5464/625/154 5466/623/154 5465/622/1184
f 5467/625/154 5469/622/1185 5468/626/655
f 5470/624/294 5472/623/154 5471/627/154
s 0
f 5473/625/154 5475/627/154 5474/623/154
s 1
f 5476/628/295 5478/624/431 5477/627/154
f 5479/628/886 5481/627/154 5480/629/163
f 5482/630/1186 5484/629/165 5483/627/154
f 5485/630/1187 5487/627/154 5486/631/154
s 0
f 5488/625/154 5490/631/154 5489/627/154
s 1
f 5491/632/297 5493/630/168 5492/631/154
f 5494/632/298 5496/631/154 5495/633/299
f 5497/634/171 5499/633/301 5498/631/154
f 5500/634/173 5502/631/154 5501/625/154
f 5503/634/174 5505/625/154 5504/626/1188
f 5506/634/1189 5508/626/1189 5507/635/443
f 5509/636/444 5511/637/445 5510/638/444
f 5512/636/595 5514/638/448 5513/639/9
f 5515/640/726 5517/636/23 5516/639/9
f 5518/641/1190 5520/639/9 5519/638/10
f 5521/640/658 5523/639/9 5522/642/9
f 5524/643/1191 5526/640/1192 5525/642/1114
f 5527/643/597 5529/642/9 5528/644/636
f 5530/645/1193 5532/644/317 5531/642/9
f 5533/645/1194 5535/642/25 5534/646/25
s 0
f 5536/646/9 5538/642/9 5537/639/9
s 1
f 5539/647/661 5541/645/194 5540/646/183
f 5542/647/662 5544/646/9 5543/648/29
f 5545/641/1195 5547/649/9 5546/639/9
s 0
f 5548/646/9 5550/639/9 5549/649/9
s 1
f 5551/648/322 5553/646/9 5552/649/9
f 5554/650/461 5556/649/9 5555/641/462
f 5557/648/324 5559/649/9 5558/651/29
f 5560/650/1196 5562/651/563 5561/649/9
f 5563/652/602 5565/653/328 5564/654/602
f 5566/652/663 5568/654/1197 5567/655/37
f 5569/656/1198 5571/652/470 5570/655/37
f 5572/657/37 5574/655/37 5573/654/332
f 5575/657/37 5577/654/789 5576/658/211
f 5578/659/473 5580/657/37 5579/658/213
f 5581/659/715 5583/660/215 5582/657/37
f 5584/660/1199 5586/661/37 5585/657/37
s 0
f 5587/661/37 5589/655/37 5588/657/37
s 1
f 5590/660/1200 5592/662/51 5591/661/37
f 5593/663/790 5595/661/37 5594/662/220
f 5596/663/612 5598/664/213 5597/661/37
f 5599/656/1201 5601/655/37 5600/665/37
s 0
f 5602/661/37 5604/665/37 5603/655/37
s 1
f 5605/664/344 5607/665/37 5606/661/37
f 5608/666/480 5610/656/39 5609/665/37
f 5611/664/860 5613/667/347 5612/665/37
f 5614/666/1202 5616/665/37 5615/667/43
f 5617/668/1203 5619/669/66 5618/670/1053
f 5620/668/1204 5622/670/1051 5621/671/70
f 5623/672/1205 5625/668/358 5624/671/70
f 5626/673/1206 5628/671/70 5627/670/83
f 5629/672/1207 5631/671/70 5630/674/70
f 5632/675/490 5634/672/926 5633/674/231
f 5635/675/493 5637/674/231 5636/676/494
f 5638/677/1208 5640/676/234 5639/674/231
f 5641/673/1209 5643/678/70 5642/671/70
s 0
f 5644/678/70 5646/674/70 5645/671/70
s 1
f 5647/679/498 5649/678/70 5648/673/83
f 5650/679/499 5652/680/365 5651/678/70
f 5653/677/1210 5655/674/70 5654/681/70
s 0
f 5656/678/70 5658/681/70 5657/674/70
s 1
f 5659/680/1211 5661/681/70 5660/678/70
f 5662/682/502 5664/677/234 5663/681/70
f 5665/680/1212 5667/683/365 5666/681/70
f 5668/682/505 5670/681/70 5669/683/1059
f 5671/684/506 5673/685/253 5672/590/92
f 5674/684/507 5676/590/96 5675/591/100
f 5677/686/804 5679/684/382 5678/591/100
f 5680/687/1157 5682/591/100 5681/590/110
f 5683/686/1213 5685/591/100 5684/594/100
f 5686/688/511 5688/686/382 5687/594/100
f 5689/688/257 5691/594/100 5690/596/384
f 5692/689/1158 5694/596/513 5693/594/100
f 5695/689/1214 5697/594/100 5696/690/100
s 0
f 5698/690/100 5700/594/100 5699/591/100
s 1
f 5701/691/260 5703/689/386 5702/690/100
f 5704/691/262 5706/690/100 5705/692/99
f 5707/687/1160 5709/693/100 5708/591/100
s 0
f 5710/690/100 5712/591/100 5711/693/100
s 1
f 5713/692/116 5715/690/100 5714/693/100
f 5716/694/872 5718/693/100 5717/687/110
f 5719/692/809 5721/693/100 5720/695/105
f 5722/694/119 5724/695/267 5723/693/100
f 5725/696/519 5727/697/122 5726/698/520
f 5728/696/521 5730/698/522 5729/699/126
f 5731/700/1215 5733/696/404 5732/699/126
f 5734/701/1216 5736/699/126 5735/698/130
f 5737/700/1217 5739/699/126 5738/702/126
f 5740/703/526 5742/700/697 5741/702/126
f 5743/703/1218 5745/702/770 5744/704/1219
f 5746/705/1220 5748/704/137 5747/702/622
f 5749/701/1221 5751/706/126 5750/699/126
s 0
f 5752/706/126 5754/702/126 5753/699/126
s 1
f 5755/707/530 5757/706/126 5756/701/413
f 5758/707/1222 5760/708/146 5759/706/126
f 5761/705/1223 5763/702/126 5762/709/126
s 0
f 5764/706/126 5766/709/126 5765/702/126
s 1
f 5767/708/1224 5769/709/126 5768/706/126
f 5770/710/1225 5772/705/137 5771/709/622
f 5773/708/1226 5775/711/141 5774/709/126
f 5776/710/1227 5778/709/126 5777/711/148
f 5779/620/537 5781/621/1228 5780/712/1182
f 5782/620/152 5784/712/1229 5783/713/1230
f 5785/624/155 5787/620/156 5786/713/154
f 5788/625/1230 5790/713/1230 5789/712/1231
f 5791/625/154 5793/712/1232 5792/714/159
f 5794/624/160 5796/713/154 5795/627/154
s 0
f 5797/625/154 5799/627/154 5798/713/154
s 1
f 5800/628/161 5802/624/156 5801/627/154
f 5803/628/162 5805/627/154 5804/715/163
f 5806/716/1186 5808/715/165 5807/627/154
f 5809/716/1233 5811/627/154 5810/717/154
s 0
f 5812/625/154 5814/717/154 5813/627/154
s 1
f 5815/718/167 5817/716/168 5816/717/154
f 5818/718/725 5820/717/154 5819/719/299
f 5821/634/300 5823/719/301 5822/717/154
f 5824/634/302 5826/717/154 5825/625/154
f 5827/634/303 5829/625/154 5828/714/1234
f 5830/634/1235 5832/714/177 5831/720/178
f 5833/721/887 5835/722/373 5834/723/889
f 5836/721/890 5838/723/1236 5837/724/100
f 5839/725/1237 5841/721/378 5840/724/100
f 5842/726/1238 5844/724/100 5843/723/110
f 5845/725/894 5847/724/100 5846/727/100
f 5848/728/895 5850/725/378 5849/727/100
f 5851/728/896 5853/727/100 5852/729/384
f 5854/730/897 5856/729/386 5855/727/100
f 5857/730/898 5859/727/100 5858/731/100
s 0
f 5860/731/100 5862/727/100 5861/724/100
s 1
f 5863/732/899 5865/730/386 5864/731/100
f 5866/732/900 5868/731/100 5867/733/99
f 5869/726/901 5871/734/100 5870/724/100
s 0
f 5872/731/100 5874/724/100 5873/734/100
s 1
f 5875/733/902 5877/731/100 5876/734/100
f 5878/735/1239 5880/734/100 5879/726/110
f 5881/733/904 5883/734/100 5882/736/105
f 5884/735/1240 5886/736/267 5885/734/100
f 5887/737/906 5889/738/66 5888/739/906
f 5890/737/1241 5892/739/1242 5891/740/154
f 5893/741/910 5895/737/911 5894/740/154
f 5896/742/154 5898/740/154 5897/739/912
f 5899/742/915 5901/739/913 5900/743/415
f 5902/744/1243 5904/742/1244 5903/743/301
f 5905/744/1245 5907/745/1078 5906/742/1246
f 5908/745/1247 5910/746/1248 5909/742/1248
s 0
f 5911/746/154 5913/740/154 5912/742/154
s 1
f 5914/745/918 5916/747/293 5915/746/1248
f 5917/748/919 5919/746/1248 5918/747/1249
f 5920/748/1250 5922/749/921 5921/746/1248
f 5923/741/1251 5925/740/154 5924/750/154
s 0
f 5926/746/154 5928/750/154 5927/740/154
s 1
f 5929/749/923 5931/750/154 5930/746/154
f 5932/751/1252 5934/741/911 5933/750/154
f 5935/749/1253 5937/752/1049 5936/750/154
f 5938/751/1254 5940/750/154 5939/752/431
f 5941/753/1255 5943/754/930 5942/755/1141
f 5944/753/1138 5946/755/1256 5945/756/70
f 5947/757/1257 5949/753/80 5948/756/70
f 5950/758/1148 5952/756/70 5951/755/365
f 5953/757/1142 5955/756/70 5954/759/70
f 5956/760/1258 5958/757/80 5957/759/70
f 5959/760/1145 5961/759/70 5960/761/1059
f 5962/762/1259 5964/761/940 5963/759/70
f 5965/758/1260 5967/763/70 5966/756/70
s 0
f 5968/763/70 5970/759/70 5969/756/70
s 1
f 5971/764/1261 5973/763/70 5972/758/365
f 5974/764/1262 5976/765/360 5975/763/70
f 5977/762/1263 5979/759/70 5978/766/70
s 0
f 5980/763/70 5982/766/70 5981/759/70
s 1
f 5983/765/1264 5985/766/70 5984/763/70
f 5986/767/1265 5988/762/245 5987/766/231
f 5989/765/1266 5991/768/494 5990/766/231
f 5992/767/1267 5994/766/231 5993/768/234
f 5995/769/1068 5997/770/1268 5996/771/1269
f 5998/769/1270 6000/771/1072 5999/772/954
f 6001/773/1073 6003/769/213 6002/772/37
f 6004/774/1271 6006/772/37 6005/771/686
f 6007/773/1272 6009/772/37 6008/775/37
f 6010/776/1076 6012/773/213 6011/775/37
f 6013/776/1273 6015/775/954 6014/777/1274
f 6016/778/1275 6018/777/215 6017/775/37
f 6019/778/1276 6021/775/37 6020/779/37
s 0
f 6022/779/37 6024/775/37 6023/772/37
s 1
f 6025/780/1277 6027/778/960 6026/779/961
f 6028/780/1278 6030/779/610 6029/781/1279
f 6031/774/1280 6033/782/37 6032/772/37
s 0
f 6034/779/37 6036/772/37 6035/782/37
s 1
f 6037/781/1281 6039/779/37 6038/782/37
f 6040/783/1282 6042/782/37 6041/774/51
f 6043/781/1283 6045/782/37 6044/784/213
f 6046/783/1087 6048/784/211 6047/782/37
f 6049/785/1284 6051/786/1088 6050/787/1285
f 6052/785/1286 6054/787/1287 6053/788/126
f 6055/789/1288 6057/785/698 6056/788/406
f 6058/790/1289 6060/788/126 6059/787/148
f 6061/789/1290 6063/788/126 6062/791/126
f 6064/792/1171 6066/789/698 6065/791/126
f 6067/792/1291 6069/791/126 6068/793/928
f 6070/794/1292 6072/793/404 6071/791/126
f 6073/790/1167 6075/795/126 6074/788/126
s 0
f 6076/795/126 6078/791/126 6077/788/126
s 1
f 6079/796/1293 6081/795/273 6080/790/128
f 6082/796/1174 6084/797/137 6083/795/126
f 6085/794/1294 6087/791/126 6086/798/126
s 0
f 6088/795/126 6090/798/126 6089/791/126
s 1
f 6091/797/1295 6093/798/126 6092/795/126
f 6094/799/1296 6096/794/128 6095/798/273
f 6097/797/1297 6099/800/137 6098/798/273
f 6100/799/1298 6102/798/273 6101/800/772
f 6103/801/1299 6105/802/122 6104/803/1300
f 6106/801/1105 6108/803/1301 6107/804/9
f 6109/805/1302 6111/801/563 6110/804/9
f 6112/806/1114 6114/804/1114 6113/803/1303
f 6115/806/183 6117/803/1304 6116/807/194
f 6118/805/1305 6120/804/9 6119/808/9
s 0
f 6121/806/9 6123/808/9 6122/804/9
s 1
f 6124/809/1306 6126/805/1000 6125/808/9
f 6127/809/1307 6129/808/9 6128/810/10
f 6130/811/1308 6132/810/1003 6131/808/9
f 6133/811/1309 6135/808/9 6134/812/9
s 0
f 6136/806/9 6138/812/9 6137/808/9
s 1
f 6139/813/1310 6141/811/1003 6140/812/9
f 6142/813/1311 6144/812/9 6143/814/203
f 6145/815/184 6147/814/29 6146/812/9
f 6148/815/186 6150/812/9 6149/806/9
f 6151/815/1312 6153/806/9 6152/807/1313
f 6154/815/1314 6156/807/1315 6155/816/1014
f 6157/817/1316 6159/818/253 6158/819/1316
f 6160/817/1317 6162/819/1318 6161/820/100
f 6163/821/892 6165/817/382 6164/820/100
f 6166/822/1319 6168/820/100 6167/819/110
f 6169/821/1021 6171/820/100 6170/823/100
f 6172/824/1022 6174/821/378 6173/823/100
f 6175/824/1023 6177/823/100 6176/825/384
f 6178/826/1320 6180/825/386 6179/823/100
f 6181/826/1321 6183/823/100 6182/827/100
s 0
f 6184/827/100 6186/823/100 6185/820/100
s 1
f 6187/828/1026 6189/826/386 6188/827/100
f 6190/828/1322 6192/827/100 6191/829/99
f 6193/822/1323 6195/830/100 6194/820/100
s 0
f 6196/827/100 6198/820/100 6197/830/100
s 1
f 6199/829/1029 6201/827/100 6200/830/100
f 6202/831/1030 6204/830/100 6203/822/110
f 6205/829/632 6207/830/100 6206/832/105
f 6208/831/1324 6210/832/267 6209/830/100
f 6211/833/1325 6213/834/66 6212/835/1032
f 6214/833/1326 6216/835/1327 6215/836/154
f 6217/837/1328 6219/833/547 6218/836/154
f 6220/838/154 6222/836/154 6221/835/1036
f 6223/838/154 6225/835/1037 6224/839/156
f 6226/840/1329 6228/838/847 6227/839/550
f 6229/840/1330 6231/841/1040 6230/838/847
f 6232/841/1331 6234/842/847 6233/838/847
s 0
f 6235/842/154 6237/836/154 6236/838/154
s 1
f 6238/841/1332 6240/843/163 6239/842/847
f 6241/844/1333 6243/842/847 6242/843/165
f 6244/844/1334 6246/845/1335 6245/842/847
f 6247/837/1336 6249/836/847 6248/846/847
s 0
f 6250/842/154 6252/846/154 6251/836/154
s 1
f 6253/845/1046 6255/846/154 6254/842/154
f 6256/847/1337 6258/837/911 6257/846/847
f 6259/845/1048 6261/848/926 6260/846/154
f 6262/847/1338 6264/846/847 6263/848/928
f 6265/849/486 6267/850/930 6266/851/1052
f 6268/849/1339 6270/851/1340 6269/852/70
f 6271/853/1341 6273/849/234 6272/852/70
f 6274/854/1342 6276/852/70 6275/851/370
f 6277/853/1205 6279/852/70 6278/855/70
f 6280/856/1057 6282/853/234 6281/855/70
f 6283/856/1343 6285/855/70 6284/857/1059
f 6286/858/1344 6288/857/940 6287/855/70
f 6289/854/1345 6291/859/70 6290/852/70
s 0
f 6292/859/70 6294/855/70 6293/852/70
s 1
f 6295/860/1346 6297/859/70 6296/854/370
f 6298/860/1347 6300/861/360 6299/859/70
f 6301/858/1348 6303/855/70 6302/862/70
s 0
f 6304/859/70 6306/862/70 6305/855/70
s 1
f 6307/861/1212 6309/862/70 6308/859/70
f 6310/863/1349 6312/858/85 6311/862/231
f 6313/861/1350 6315/864/494 6314/862/231
f 6316/863/866 6318/862/231 6317/864/234
f 6319/769/1068 6321/770/1268 6320/865/1269
f 6322/769/1351 6324/865/1352 6323/866/335
f 6325/867/1073 6327/769/62 6326/866/37
f 6328/868/1353 6330/866/610 6329/865/1354
f 6331/867/1272 6333/866/37 6332/775/37
f 6334/776/1076 6336/867/213 6335/775/37
f 6337/776/1355 6339/775/335 6338/777/54
f 6340/869/1356 6342/777/1357 6341/775/610
f 6343/869/1358 6345/775/954 6344/870/954
s 0
f 6346/870/37 6348/775/37 6347/866/37
s 1
f 6349/871/1359 6351/869/1360 6350/870/335
f 6352/871/1361 6354/870/954 6353/872/1362
f 6355/868/1280 6357/873/37 6356/866/37
s 0
f 6358/870/37 6360/866/37 6359/873/37
s 1
f 6361/872/1281 6363/870/37 6362/873/37
f 6364/874/1282 6366/873/37 6365/868/51
f 6367/872/1283 6369/873/37 6368/875/213
f 6370/874/1087 6372/875/211 6371/873/37
f 6373/876/521 6375/877/1363 6374/878/1089
f 6376/876/1364 6378/878/1365 6377/879/126
f 6379/880/1217 6381/876/698 6380/879/126
f 6382/881/1366 6384/879/126 6383/878/148
f 6385/880/1367 6387/879/126 6386/882/126
f 6388/883/1368 6390/880/698 6389/882/126
f 6391/883/1369 6393/882/126 6392/884/141
f 6394/885/1370 6396/884/148 6395/882/126
f 6397/881/1371 6399/886/126 6398/879/126
s 0
f 6400/886/126 6402/882/126 6401/879/126
s 1
f 6403/887/1372 6405/886/273 6404/881/128
f 6406/887/1373 6408/888/1007 6407/886/1374
f 6409/885/1375 6411/882/126 6410/889/126
s 0
f 6412/886/126 6414/889/126 6413/882/126
s 1
f 6415/888/1376 6417/889/126 6416/886/126
f 6418/890/1377 6420/885/128 6419/889/273
f 6421/888/1378 6423/891/130 6422/889/126
f 6424/890/1379 6426/889/273 6425/891/280
f 6427/801/1299 6429/802/122 6428/892/1380
f 6430/801/1105 6432/892/1381 6431/804/9
f 6433/893/1107 6435/801/563 6434/804/9
f 6436/806/9 6438/804/9 6437/892/1382
f 6439/806/9 6441/892/1383 6440/894/10
f 6442/893/1384 6444/804/9 6443/808/9
s 0
f 6445/806/9 6447/808/9 6446/804/9
s 1
f 6448/809/1385 6450/893/563 6449/808/9
f 6451/809/1386 6453/808/9 6452/810/10
f 6454/895/1387 6456/810/1388 6455/808/1114
f 6457/895/1389 6459/808/9 6458/896/9
s 0
f 6460/806/9 6462/896/9 6461/808/9
s 1
f 6463/897/1390 6465/895/1003 6464/896/9
f 6466/897/1120 6468/896/9 6467/898/203
f 6469/815/1121 6471/898/29 6470/896/9
f 6472/815/1391 6474/896/9 6473/806/9
f 6475/815/1392 6477/806/9 6476/894/1313
f 6478/815/1393 6480/894/1394 6479/899/1395
s 0
f 6481/900/100 6483/901/100 6482/902/100
f 6484/900/100 6486/903/100 6485/901/100
f 6487/901/100 6489/903/100 6488/904/100
f 6490/904/100 6492/903/100 6491/905/100
f 6493/904/100 6495/905/100 6494/906/100
f 6496/904/100 6498/906/100 6497/907/100
f 6499/908/126 6501/909/126 6500/910/126
f 6502/908/126 6504/910/126 6503/911/126
f 6505/912/1396 6507/913/1396 6506/914/1396
f 6508/912/1396 6510/914/1396 6509/915/1396
f 6511/916/1397 6513/917/1397 6512/918/1397
f 6514/916/1397 6516/918/1397 6515/919/1397
f 6517/920/1398 6519/921/1398 6518/922/1398
f 6520/920/1398 6522/922/1398 6521/923/1398
f 6523/900/154 6525/902/154 6524/901/154
f 6526/900/154 6528/901/154 6527/903/154
f 6529/901/154 6531/904/154 6530/903/154
f 6532/904/154 6534/905/154 6533/903/154
f 6535/904/154 6537/906/154 6536/905/154
f 6538/904/154 6540/907/154 6539/906/154
f 6541/908/70 6543/910/70 6542/909/70
f 6544/908/70 6546/911/70 6545/910/70
f 6547/912/1399 6549/914/1399 6548/913/1399
f 6550/912/1399 6552/915/1399 6551/914/1399
f 6553/916/1400 6555/918/1400 6554/917/1400
f 6556/916/1400 6558/919/1400 6557/918/1400
f 6559/920/1401 6561/922/1401 6560/921/1401
f 6562/920/1401 6564/923/1401 6563/922/1401
f 6565/902/238 6567/902/238 6566/900/238
f 6568/902/238 6570/900/238 6569/900/238
f 6571/900/37 6573/900/37 6572/903/37
f 6574/900/37 6576/903/37 6575/903/37
f 6577/904/1397 6579/904/1397 6578/901/1397
f 6580/904/1397 6582/901/1397 6581/901/1397
f 6583/906/70 6585/906/70 6584/907/70
f 6586/906/70 6588/907/70 6587/907/70
f 6589/908/37 6591/908/37 6590/909/37
f 6592/908/961 6594/909/961 6593/909/961
f 6595/910/1124 6597/910/1124 6596/911/1124
f 6598/910/9 6600/911/9 6599/911/9
f 6601/912/1402 6603/912/1402 6602/913/1402
f 6604/912/1402 6606/913/1402 6605/913/1402
f 6607/915/1403 6609/915/1403 6608/912/1403
f 6610/915/1404 6612/912/1404 6611/912/1404
f 6613/916/1405 6615/916/1405 6614/917/1405
f 6616/916/1406 6618/917/1406 6617/917/1406
f 6619/901/1398 6621/901/1398 6620/902/1398
f 6622/901/1398 6624/902/1398 6623/902/1398
f 6625/920/1407 6627/920/1407 6626/921/1407
f 6628/920/1408 6630/921/1408 6629/921/1408
f 6631/921/154 6633/921/154 6632/922/154
f 6634/921/154 6636/922/154 6635/922/154
f 6637/923/100 6639/923/100 6638/920/100
f 6640/923/100 6642/920/100 6641/920/100
f 6643/922/1409 6645/922/1409 6644/923/1409
f 6646/922/1410 6648/923/1410 6647/923/1410
f 6649/913/154 6651/913/154 6650/914/154
f 6652/913/154 6654/914/154 6653/914/154
f 6655/903/126 6657/903/126 6656/905/126
f 6658/903/126 6660/905/126 6659/905/126
f 6661/914/1411 6663/914/1411 6662/915/1411
f 6664/914/1411 6666/915/1411 6665/915/1411
f 6667/907/1396 6669/907/1396 6668/904/1396
f 6670/907/1396 6672/904/1396 6671/904/1396
f 6673/905/9 6675/905/9 6674/906/9
f 6676/905/9 6678/906/9 6677/906/9
f 6679/919/100 6681/919/100 6680/916/100
f 6682/919/106 6684/916/106 6683/916/106
f 6685/917/1230 6687/917/1230 6686/918/1230
f 6688/917/154 6690/918/154 6689/918/154
f 6691/918/1412 6693/918/1412 6692/919/1412
f 6694/918/1413 6696/919/1413 6695/919/1413
f 6697/911/97 6699/911/97 6698/908/97
f 6700/911/97 6702/908/97 6701/908/97
f 6703/909/1230 6705/909/1230 6704/910/1230
f 6706/909/1230 6708/910/1230 6707/910/1230
