# Blender 5.2.0 LTS
# www.blender.org
o demo5_background.006
v 0.137323 -3.542938 4.076097
v 0.177342 -3.582957 4.116114
v -4.229046 -3.587451 4.096106
v 0.173335 6.637896 8.748067
v -8.336143 6.637900 8.748069
v -8.332102 -3.589054 8.737146
v 0.173335 6.637887 8.756731
v -8.336143 6.637900 8.748069
v 0.173335 6.637896 8.748067
v 0.173335 6.637887 8.756731
v -8.336143 6.637891 8.756733
v -8.336143 6.637900 8.748069
v 0.173335 6.637887 8.756731
v -8.332102 -3.589062 8.745811
v -8.336143 6.637891 8.756733
v -8.336143 6.637891 8.756733
v -8.332102 -3.589054 8.737146
v -8.336143 6.637900 8.748069
v -8.336143 6.637891 8.756733
v -8.332102 -3.589062 8.745811
v -8.332102 -3.589054 8.737146
v 8.202976 6.597867 4.080874
v 0.137358 -3.549047 4.069952
v 8.207017 -3.549051 4.069951
v 8.202976 6.597867 4.080874
v 0.133317 6.597870 4.080875
v 0.137358 -3.549047 4.069952
v -8.040333 -3.548922 4.069954
v -8.044375 6.597996 4.617879
v -8.044375 6.597996 4.080877
v -8.040333 -3.548922 4.069954
v -8.040333 -3.548922 4.606957
v -8.044375 6.597996 4.617879
v -7.564010 -3.549044 4.069954
v -8.292083 -3.549044 4.606957
v -8.292083 -3.549044 4.069954
v -7.564010 -3.549044 4.069954
v -7.564010 -3.549044 4.606957
v -8.292083 -3.549044 4.606957
v -8.292083 -3.549045 8.285513
v -8.292083 -3.549044 4.606957
v -7.564010 -3.549044 4.606957
v -8.292083 -3.549045 8.285513
v -7.564010 -3.549044 4.606957
v -7.564010 -3.549045 8.285513
v -8.292083 -3.549045 8.705794
v -8.292083 -3.549045 8.285513
v -7.564010 -3.549045 8.285513
v -8.292083 -3.549045 8.705794
v -7.564010 -3.549045 8.285513
v -7.564010 -3.549045 8.705794
v -7.564010 -3.549045 8.705794
v -7.564010 -3.549045 8.285513
v -4.224514 -3.549047 8.285512
v -7.564010 -3.549045 8.705794
v -4.224514 -3.549047 8.285512
v -4.224514 -3.549047 8.705793
v -4.224514 -3.549047 8.705793
v -4.224514 -3.549047 8.285512
v 0.137358 -3.549049 8.285511
v -4.224514 -3.549047 8.705793
v 0.137358 -3.549049 8.285511
v 0.137358 -3.549049 8.705792
v -4.224514 -3.549047 8.285512
v 0.137358 -3.549047 4.606956
v 0.137358 -3.549049 8.285511
v -4.224514 -3.549047 8.285512
v -4.224514 -3.549045 4.606956
v 0.137358 -3.549047 4.606956
v 0.137358 -3.549047 4.069952
v 0.137358 -3.549047 4.606956
v -4.224514 -3.549045 4.606956
v 0.137358 -3.549047 4.069952
v -4.224514 -3.549045 4.606956
v -4.224514 -3.549046 4.069953
v -8.292083 -3.549045 8.705794
v 0.133317 6.597869 8.716713
v -8.296124 6.597873 8.716716
v 0.133317 6.597869 8.716713
v -8.292083 -3.549045 8.705794
v -7.564010 -3.549045 8.705794
v 0.133317 6.597869 8.716713
v -7.564010 -3.549045 8.705794
v -4.224514 -3.549047 8.705793
v 0.133317 6.597869 8.716713
v -4.224514 -3.549047 8.705793
v 0.137358 -3.549049 8.705792
v 0.133317 6.597869 4.617877
v 0.137358 -3.549047 4.069952
v 0.133317 6.597870 4.080875
v 0.133317 6.597869 4.617877
v 0.137358 -3.549047 4.606956
v 0.137358 -3.549047 4.069952
v 0.133317 6.597869 8.296432
v 0.137358 -3.549047 4.606956
v 0.133317 6.597869 4.617877
v 0.133317 6.597869 8.296432
v 0.137358 -3.549049 8.285511
v 0.137358 -3.549047 4.606956
v 0.133317 6.597869 8.716713
v 0.137358 -3.549049 8.285511
v 0.133317 6.597869 8.296432
v 0.133317 6.597869 8.716713
v 0.137358 -3.549049 8.705792
v 0.137358 -3.549049 8.285511
v -8.292083 -3.549045 8.705794
v -8.296124 6.597873 8.296435
v -8.292083 -3.549045 8.285513
v -8.292083 -3.549045 8.705794
v -8.296124 6.597873 8.716716
v -8.296124 6.597873 8.296435
v -8.296124 6.597873 8.716716
v 0.133317 6.597869 8.296432
v -8.296124 6.597873 8.296435
v -8.296124 6.597873 8.716716
v 0.133317 6.597869 8.716713
v 0.133317 6.597869 8.296432
v 0.133317 6.140888 4.080874
v -8.296125 6.140892 4.617878
v 0.133317 6.140888 4.617877
v 0.133317 6.140888 4.080874
v -8.296125 6.140892 4.080876
v -8.296125 6.140892 4.617878
v 0.177376 -3.589065 4.109970
v 8.202976 6.597866 4.150186
v 8.207017 -3.549051 4.139264
v 0.177376 -3.589065 4.109970
v 0.173335 6.637887 4.120893
v 8.202976 6.597866 4.150186
v -8.323082 -3.611040 8.285513
v -7.575006 -3.607795 8.285513
v -7.575006 -3.607795 4.606957
v -8.323082 -3.611040 8.285513
v -7.575006 -3.607795 4.606957
v -8.323082 -3.611039 4.606956
v -8.332102 -3.589062 8.745811
v 0.173335 6.637887 8.756731
v -7.584019 -3.589063 8.745811
v -7.584019 -3.589063 8.745811
v 0.173335 6.637887 8.756731
v -4.224514 -3.589064 8.745810
v -4.224514 -3.589064 8.745810
v 0.173335 6.637887 8.756731
v 0.177376 -3.589067 8.745809
v 0.186370 -3.598060 4.606956
v 0.195313 6.628867 8.296432
v 0.195313 6.628868 4.617877
v 0.186370 -3.598060 4.606956
v 0.186370 -3.598060 8.285511
v 0.195313 6.628867 8.296432
v 8.202976 6.597867 4.080874
v 8.207017 -3.549051 4.139264
v 8.202976 6.597866 4.150186
v 8.202976 6.597867 4.080874
v 8.207017 -3.549051 4.069951
v 8.207017 -3.549051 4.139264
v -8.292083 -3.549044 4.606957
v -8.323082 -3.611040 8.285513
v -8.323082 -3.611039 4.606956
v -8.292083 -3.549044 4.606957
v -8.292083 -3.549045 8.285513
v -8.323082 -3.611040 8.285513
v 0.133317 6.597869 8.296432
v 0.195313 6.628868 4.617877
v 0.195313 6.628867 8.296432
v 0.133317 6.597869 8.296432
v 0.133317 6.597869 4.617877
v 0.195313 6.628868 4.617877
v -7.564012 -8.032372 8.285512
v -4.224516 -8.032372 4.606956
v -4.224516 -8.032373 8.285511
v -7.564012 -8.032372 8.285512
v -7.564012 -8.032370 4.606956
v -4.224516 -8.032372 4.606956
v -4.224516 -8.032372 4.069953
v -4.224516 -8.032372 4.606956
v -7.564012 -8.032370 4.606956
v -4.224516 -8.032372 4.069953
v -7.564012 -8.032370 4.606956
v -7.564012 -8.032370 4.069953
v -4.224514 -3.549047 8.285512
v -7.564012 -8.032372 8.285512
v -4.224516 -8.032373 8.285511
v -4.224514 -3.549047 8.285512
v -7.564010 -3.549045 8.285513
v -7.564012 -8.032372 8.285512
v -7.564010 -3.549045 8.285513
v -7.564012 -8.032370 4.606956
v -7.564012 -8.032372 8.285512
v -7.564010 -3.549045 8.285513
v -7.564010 -3.549044 4.606957
v -7.564012 -8.032370 4.606956
v -7.564010 -3.549044 4.606957
v -7.564012 -8.032370 4.069953
v -7.564012 -8.032370 4.606956
v -7.564010 -3.549044 4.606957
v -7.564010 -3.549044 4.069954
v -7.564012 -8.032370 4.069953
v -7.564010 -3.549044 4.069954
v -4.224516 -8.032372 4.069953
v -7.564012 -8.032370 4.069953
v -7.564010 -3.549044 4.069954
v -4.224514 -3.549046 4.069953
v -4.224516 -8.032372 4.069953
v -4.224514 -3.549046 4.069953
v -4.224516 -8.032372 4.606956
v -4.224516 -8.032372 4.069953
v -4.224514 -3.549046 4.069953
v -4.224514 -3.549045 4.606956
v -4.224516 -8.032372 4.606956
v -4.224514 -3.549045 4.606956
v -4.224516 -8.032373 8.285511
v -4.224516 -8.032372 4.606956
v -4.224514 -3.549045 4.606956
v -4.224514 -3.549047 8.285512
v -4.224516 -8.032373 8.285511
v -8.296124 6.597874 4.080877
v -8.296125 6.140892 4.617878
v -8.296125 6.140892 4.080876
v -8.296124 6.597874 4.080877
v -8.296124 6.597873 4.617879
v -8.296125 6.140892 4.617878
v -8.296124 6.597873 4.617879
v 0.133317 6.140888 4.617877
v -8.296125 6.140892 4.617878
v -8.296124 6.597873 4.617879
v 0.133317 6.597869 4.617877
v 0.133317 6.140888 4.617877
v 0.133317 6.597869 4.617877
v 0.133317 6.140888 4.080874
v 0.133317 6.140888 4.617877
v 0.133317 6.597869 4.617877
v 0.133317 6.597870 4.080875
v 0.133317 6.140888 4.080874
v 0.133317 6.597870 4.080875
v -8.296125 6.140892 4.080876
v 0.133317 6.140888 4.080874
v 0.133317 6.597870 4.080875
v -8.296124 6.597874 4.080877
v -8.296125 6.140892 4.080876
v -8.292083 -3.549044 4.069954
v -8.040333 -3.548922 4.606957
v -8.040333 -3.548922 4.069954
v -8.292083 -3.549044 4.069954
v -8.292083 -3.549044 4.606957
v -8.040333 -3.548922 4.606957
v -8.292083 -3.549044 4.606957
v -8.044375 6.597996 4.617879
v -8.040333 -3.548922 4.606957
v -8.292083 -3.549044 4.606957
v -8.296124 6.597873 4.617879
v -8.044375 6.597996 4.617879
v -8.296124 6.597873 4.617879
v -8.044375 6.597996 4.080877
v -8.044375 6.597996 4.617879
v -8.296124 6.597873 4.617879
v -8.296124 6.597874 4.080877
v -8.044375 6.597996 4.080877
v -8.296124 6.597874 4.080877
v -8.040333 -3.548922 4.069954
v -8.044375 6.597996 4.080877
v -8.296124 6.597874 4.080877
v -8.292083 -3.549044 4.069954
v -8.040333 -3.548922 4.069954
v 8.202976 6.597857 4.089538
v 8.207017 -3.549061 4.078616
v 0.137358 -3.549057 4.078617
v 8.202976 6.597857 4.089538
v 0.137358 -3.549057 4.078617
v 0.133317 6.597860 4.089540
v -8.048998 -3.548924 4.069954
v -8.053040 6.597993 4.080877
v -8.053040 6.597993 4.617879
v -8.048998 -3.548924 4.069954
v -8.053040 6.597993 4.617879
v -8.048998 -3.548925 4.606957
v -7.564010 -3.557708 4.069954
v -8.292083 -3.557708 4.069954
v -8.292083 -3.557709 4.606957
v -7.564010 -3.557708 4.069954
v -8.292083 -3.557709 4.606957
v -7.564010 -3.557709 4.606957
v -8.292083 -3.557709 8.285513
v -7.564010 -3.557709 4.606957
v -8.292083 -3.557709 4.606957
v -8.292083 -3.557709 8.285513
v -7.564010 -3.557709 8.285513
v -7.564010 -3.557709 4.606957
v -8.292083 -3.557710 8.705794
v -7.564010 -3.557709 8.285513
v -8.292083 -3.557709 8.285513
v -8.292083 -3.557710 8.705794
v -7.564010 -3.557710 8.705794
v -7.564010 -3.557709 8.285513
v -7.564010 -3.557710 8.705794
v -4.224514 -3.557711 8.285512
v -7.564010 -3.557709 8.285513
v -7.564010 -3.557710 8.705794
v -4.224514 -3.557712 8.705793
v -4.224514 -3.557711 8.285512
v -4.224514 -3.557712 8.705793
v 0.137358 -3.557713 8.285511
v -4.224514 -3.557711 8.285512
v -4.224514 -3.557712 8.705793
v 0.137358 -3.557714 8.705792
v 0.137358 -3.557713 8.285511
v -4.224514 -3.557711 8.285512
v 0.137358 -3.557713 8.285511
v 0.137358 -3.557713 4.606956
v -4.224514 -3.557711 8.285512
v 0.137358 -3.557713 4.606956
v -4.224514 -3.557710 4.606956
v 0.137358 -3.557712 4.069952
v -4.224514 -3.557710 4.606956
v 0.137358 -3.557713 4.606956
v 0.137358 -3.557712 4.069952
v -4.224514 -3.557710 4.069953
v -4.224514 -3.557710 4.606956
v -8.292083 -3.549054 8.714458
v -8.296124 6.597864 8.725380
v 0.133317 6.597860 8.725378
v 0.133317 6.597860 8.725378
v -7.564010 -3.549054 8.714458
v -8.292083 -3.549054 8.714458
v 0.133317 6.597860 8.725378
v -4.224514 -3.549056 8.714458
v -7.564010 -3.549054 8.714458
v 0.133317 6.597860 8.725378
v 0.137358 -3.549057 8.714457
v -4.224514 -3.549056 8.714458
v 0.141981 6.597872 4.617877
v 0.141981 6.597873 4.080875
v 0.146022 -3.549045 4.069952
v 0.141981 6.597872 4.617877
v 0.146022 -3.549045 4.069952
v 0.146022 -3.549045 4.606956
v 0.141981 6.597872 8.296432
v 0.141981 6.597872 4.617877
v 0.146022 -3.549045 4.606956
v 0.141981 6.597872 8.296432
v 0.146022 -3.549045 4.606956
v 0.146022 -3.549045 8.285511
v 0.141981 6.597872 8.716713
v 0.141981 6.597872 8.296432
v 0.146022 -3.549045 8.285511
v 0.141981 6.597872 8.716713
v 0.146022 -3.549045 8.285511
v 0.146022 -3.549046 8.705792
v -8.300747 -3.549048 8.705794
v -8.300747 -3.549048 8.285513
v -8.304790 6.597869 8.296435
v -8.300747 -3.549048 8.705794
v -8.304790 6.597869 8.296435
v -8.304790 6.597869 8.716716
v -8.296124 6.606537 8.716716
v -8.296124 6.606537 8.296435
v 0.133317 6.606534 8.296432
v -8.296124 6.606537 8.716716
v 0.133317 6.606534 8.296432
v 0.133317 6.606534 8.716713
v 0.133317 6.149552 4.080874
v 0.133317 6.149551 4.617877
v -8.296125 6.149555 4.617878
v 0.133317 6.149552 4.080874
v -8.296125 6.149555 4.617878
v -8.296125 6.149556 4.080876
v 0.177407 -3.589056 4.101305
v 8.207049 -3.549042 4.130600
v 8.203008 6.597875 4.141523
v 0.177407 -3.589056 4.101305
v 8.203008 6.597875 4.141523
v 0.173366 6.637897 4.112229
v -8.336472 6.646889 4.617870
v -8.336472 6.646889 4.080877
v -8.332436 -3.598037 4.069673
v -8.336472 6.646889 4.617870
v -8.332436 -3.598037 4.069673
v -8.314422 -3.611021 4.606667
v 0.177363 -3.580403 4.110129
v -4.215518 -3.595886 4.607048
v -4.229021 -3.584898 4.090147
v 0.177363 -3.580403 4.110129
v 0.186357 -3.589396 4.607033
v -4.215518 -3.595886 4.607048
v 0.186357 -3.589397 8.285427
v -4.215518 -3.595886 4.607048
v 0.186357 -3.589396 4.607033
v 0.186357 -3.589397 8.285427
v -4.215514 -3.595888 8.285320
v -4.215518 -3.595886 4.607048
v 0.177364 -3.580404 8.745631
v -4.215514 -3.595888 8.285320
v 0.186357 -3.589397 8.285427
v 0.177364 -3.580404 8.745631
v -4.224517 -3.580405 8.745517
v -4.215514 -3.595888 8.285320
v -4.224517 -3.580405 8.745517
v -7.575031 -3.599135 8.285279
v -4.215514 -3.595888 8.285320
v -4.224517 -3.580405 8.745517
v -7.584032 -3.580406 8.745448
v -7.575031 -3.599135 8.285279
v -8.323108 -3.602379 8.285316
v -7.575031 -3.599135 8.285279
v -7.584032 -3.580406 8.745448
v -8.323108 -3.602379 8.285316
v -7.584032 -3.580406 8.745448
v -8.332102 -3.580408 8.745399
v -4.224514 -3.589064 8.745810
v -7.584032 -3.580406 8.745448
v -4.224517 -3.580405 8.745517
v -4.224514 -3.589064 8.745810
v -7.584019 -3.589063 8.745811
v -7.584032 -3.580406 8.745448
v -7.584019 -3.589063 8.745811
v -8.332102 -3.580408 8.745399
v -7.584032 -3.580406 8.745448
v 0.177376 -3.589067 8.745809
v -4.224514 -3.589064 8.745810
v -4.224517 -3.580405 8.745517
v 0.177376 -3.589067 8.745809
v -4.224517 -3.580405 8.745517
v 0.177364 -3.580404 8.745631
v 0.186370 -3.598060 8.285511
v 0.177376 -3.589067 8.745809
v 0.177364 -3.580404 8.745631
v 0.186370 -3.598060 8.285511
v 0.177364 -3.580404 8.745631
v 0.186357 -3.589397 8.285427
v 0.177376 -3.589067 8.745809
v -4.215507 -3.604551 8.285512
v -4.224514 -3.589064 8.745810
v 0.177376 -3.589067 8.745809
v 0.186370 -3.598060 8.285511
v -4.215507 -3.604551 8.285512
v 0.186370 -3.598060 4.606956
v 0.186370 -3.598060 8.285511
v 0.186357 -3.589397 8.285427
v 0.186370 -3.598060 4.606956
v 0.186357 -3.589397 8.285427
v 0.186357 -3.589396 4.607033
v 0.186370 -3.598060 8.285511
v 0.186370 -3.598060 4.606956
v -4.215508 -3.604550 4.606956
v 0.186370 -3.598060 8.285511
v -4.215508 -3.604550 4.606956
v -4.215507 -3.604551 8.285512
v 0.177376 -3.589065 4.109970
v 0.186370 -3.598060 4.606956
v 0.186357 -3.589396 4.607033
v 0.177376 -3.589065 4.109970
v -4.215508 -3.604550 4.606956
v 0.186370 -3.598060 4.606956
v 0.177376 -3.589065 4.109970
v 0.186357 -3.589396 4.607033
v 0.177363 -3.580403 4.110129
v -4.229012 -3.593561 4.089962
v 0.177376 -3.589065 4.109970
v 0.177363 -3.580403 4.110129
v 0.177376 -3.589065 4.109970
v -4.229012 -3.593561 4.089962
v -4.215508 -3.604550 4.606956
v -4.229012 -3.593561 4.089962
v 0.177363 -3.580403 4.110129
v -4.229021 -3.584898 4.090147
v -4.215508 -3.604550 4.606956
v -4.229012 -3.593561 4.089962
v -4.229021 -3.584898 4.090147
v -4.215508 -3.604550 4.606956
v -4.229021 -3.584898 4.090147
v -4.215518 -3.595886 4.607048
v -4.215507 -3.604551 8.285512
v -4.215508 -3.604550 4.606956
v -4.215518 -3.595886 4.607048
v -4.215507 -3.604551 8.285512
v -4.215518 -3.595886 4.607048
v -4.215514 -3.595888 8.285320
v -4.224514 -3.589064 8.745810
v -4.215507 -3.604551 8.285512
v -7.575006 -3.607795 8.285513
v -7.575006 -3.607795 8.285513
v -4.215507 -3.604551 8.285512
v -4.215514 -3.595888 8.285320
v -7.575006 -3.607795 8.285513
v -4.215514 -3.595888 8.285320
v -7.575031 -3.599135 8.285279
v -4.224514 -3.589064 8.745810
v -7.575006 -3.607795 8.285513
v -7.584019 -3.589063 8.745811
v -8.323082 -3.611040 8.285513
v -7.584019 -3.589063 8.745811
v -7.575006 -3.607795 8.285513
v -8.323082 -3.611040 8.285513
v -8.332102 -3.589062 8.745811
v -7.584019 -3.589063 8.745811
v -8.332102 -3.589062 8.745811
v -8.323082 -3.611040 8.285513
v -8.323108 -3.602379 8.285316
v -7.584019 -3.589063 8.745811
v -8.332102 -3.589062 8.745811
v -8.332102 -3.580408 8.745399
v -8.332102 -3.589062 8.745811
v -8.323108 -3.602379 8.285316
v -8.332102 -3.580408 8.745399
v -8.323108 -3.602379 8.285316
v -7.575044 -3.599130 4.607055
v -7.575031 -3.599135 8.285279
v -8.323108 -3.602379 8.285316
v -8.323116 -3.602376 4.607060
v -7.575044 -3.599130 4.607055
v -7.590798 -3.587146 4.080161
v -7.575044 -3.599130 4.607055
v -8.323116 -3.602376 4.607060
v -7.590798 -3.587146 4.080161
v -8.323116 -3.602376 4.607060
v -8.341124 -3.589395 4.070164
v -8.332102 -3.589054 8.737146
v -7.584019 -3.589053 8.737146
v 0.173335 6.637896 8.748067
v -7.584019 -3.589053 8.737146
v -4.224514 -3.589055 8.737145
v 0.173335 6.637896 8.748067
v -4.224514 -3.589055 8.737145
v 0.177376 -3.589057 8.737144
v 0.173335 6.637896 8.748067
v 0.168713 -3.589059 4.110135
v 0.164679 6.637884 4.121276
v 0.186650 6.628870 4.618067
v 0.168713 -3.589059 4.110135
v 0.186650 6.628870 4.618067
v 0.177706 -3.598052 4.607033
v 0.177706 -3.598052 4.607033
v 0.186650 6.628870 4.618067
v 0.186651 6.628875 8.296224
v 0.177706 -3.598052 4.607033
v 0.186651 6.628875 8.296224
v 0.177706 -3.598057 8.285423
v 0.177706 -3.598057 8.285423
v 0.186651 6.628875 8.296224
v 0.164681 6.637895 8.756325
v 0.177706 -3.598057 8.285423
v 0.164681 6.637895 8.756325
v 0.168714 -3.589070 8.745640
v -8.336473 6.646888 8.296275
v -8.314419 -3.611022 8.285683
v -8.323439 -3.589044 8.745971
v -8.336473 6.646888 8.296275
v -8.323439 -3.589044 8.745971
v -8.327480 6.637895 8.756563
v 0.195312 6.620204 8.296590
v -8.345154 6.638223 8.296265
v -8.336160 6.629228 8.756576
v 0.195312 6.620204 8.296590
v -8.336160 6.629228 8.756576
v 0.173335 6.629225 8.756901
v -8.345145 6.638222 4.617874
v 0.195294 6.620205 4.617721
v 0.173317 6.629225 4.120743
v -8.345145 6.638222 4.617874
v 0.173317 6.629225 4.120743
v -8.345145 6.638221 4.080877
v 0.133264 6.591730 4.086988
v 0.173282 6.631787 4.127045
v 8.202976 6.589201 4.150214
v 0.133264 6.591730 4.086988
v 8.202976 6.589201 4.150214
v 8.202976 6.589202 4.080874
v 8.206975 -3.540387 4.069979
v 8.206975 -3.540388 4.139264
v 0.177375 -3.582923 4.116080
v 8.206975 -3.540387 4.069979
v 0.177375 -3.582923 4.116080
v 0.137358 -3.542922 4.076079
v 8.194311 6.597863 4.080874
v 8.194311 6.597863 4.150186
v 8.198354 -3.549054 4.139264
v 8.194311 6.597863 4.080874
v 8.198354 -3.549054 4.139264
v 8.198354 -3.549055 4.069951
v -8.296120 6.597878 4.609215
v -8.323100 -3.611030 4.598292
v -8.292103 -3.549034 4.598293
v -8.296120 6.597878 4.609215
v -8.345132 6.646890 4.609215
v -8.323100 -3.611030 4.598292
v 0.133317 6.597869 4.609213
v -8.345132 6.646890 4.609215
v -8.296120 6.597878 4.609215
v 0.133317 6.597869 4.609213
v 0.195313 6.628868 4.609214
v -8.345132 6.646890 4.609215
v -8.292074 -3.549053 4.078618
v -8.341085 -3.598065 4.078618
v -8.345145 6.646876 4.089541
v -8.292074 -3.549053 4.078618
v -8.345145 6.646876 4.089541
v -8.296134 6.597864 4.089541
v 0.137358 -3.545495 4.077855
v -4.229012 -3.590016 4.097868
v -4.224514 -3.545493 4.077856
v -7.564028 -3.547214 4.078423
v -4.224514 -3.545493 4.077856
v -4.229012 -3.590016 4.097868
v -7.564028 -3.547214 4.078423
v -4.229012 -3.590016 4.097868
v -7.590776 -3.594027 4.088438
v -8.292195 -3.548880 4.078616
v -7.564028 -3.547214 4.078423
v -7.590776 -3.594027 4.088438
v -8.292195 -3.548880 4.078616
v -7.590776 -3.594027 4.088438
v -8.341210 -3.597940 4.078617
v -8.284333 -3.552920 4.606956
v -8.315332 -3.614915 4.606956
v -8.315332 -3.614915 8.285513
v -8.284333 -3.552920 4.606956
v -8.315332 -3.614915 8.285513
v -8.284333 -3.552920 8.285514
v 0.137192 6.590120 8.296432
v 0.199188 6.621118 8.296432
v 0.199187 6.621118 4.617878
v 0.137192 6.590120 8.296432
v 0.199187 6.621118 4.617878
v 0.137192 6.590120 4.617878
v -8.292066 -3.549054 8.294176
v -8.323063 -3.611049 8.294177
v -8.345140 6.646880 8.305099
v -8.292066 -3.549054 8.294176
v -8.345140 6.646880 8.305099
v -8.296128 6.597868 8.305099
v -8.296128 6.597868 8.305099
v -8.345140 6.646880 8.305099
v 0.195313 6.628867 8.305097
v -8.296128 6.597868 8.305099
v 0.195313 6.628867 8.305097
v 0.133317 6.597869 8.305097
v -8.296165 6.597816 4.089540
v -8.345177 6.646845 4.089541
v 0.173334 6.631787 4.127045
v -8.296165 6.597816 4.089540
v 0.173334 6.631787 4.127045
v 0.133317 6.591743 4.087000
v -7.564012 -8.041036 8.285512
v -4.224516 -8.041037 8.285511
v -4.224516 -8.041037 4.606956
v -7.564012 -8.041036 8.285512
v -4.224516 -8.041037 4.606956
v -7.564012 -8.041035 4.606956
v -4.224516 -8.041037 4.069953
v -7.564012 -8.041035 4.606956
v -4.224516 -8.041037 4.606956
v -4.224516 -8.041037 4.069953
v -7.564012 -8.041035 4.069953
v -7.564012 -8.041035 4.606956
v -4.224514 -3.549046 8.294176
v -4.224516 -8.032374 8.294175
v -7.564012 -8.032373 8.294176
v -4.224514 -3.549046 8.294176
v -7.564012 -8.032373 8.294176
v -7.564010 -3.549044 8.294177
v -7.572675 -3.549045 8.285513
v -7.572677 -8.032372 8.285512
v -7.572677 -8.032370 4.606956
v -7.572675 -3.549045 8.285513
v -7.572677 -8.032370 4.606956
v -7.572675 -3.549044 4.606957
v -7.572675 -3.549044 4.606957
v -7.572677 -8.032370 4.606956
v -7.572677 -8.032370 4.069953
v -7.572675 -3.549044 4.606957
v -7.572677 -8.032370 4.069953
v -7.572675 -3.549044 4.069954
v -7.564010 -3.549045 4.061290
v -7.564012 -8.032371 4.061288
v -4.224516 -8.032372 4.061288
v -7.564010 -3.549045 4.061290
v -4.224516 -8.032372 4.061288
v -4.224514 -3.549046 4.061289
v -4.215850 -3.549046 4.069953
v -4.215852 -8.032372 4.069953
v -4.215852 -8.032372 4.606956
v -4.215850 -3.549046 4.069953
v -4.215852 -8.032372 4.606956
v -4.215850 -3.549045 4.606956
v -4.215850 -3.549045 4.606956
v -4.215852 -8.032372 4.606956
v -4.215851 -8.032373 8.285511
v -4.215850 -3.549045 4.606956
v -4.215851 -8.032373 8.285511
v -4.215849 -3.549047 8.285512
v -8.287460 6.597874 4.080877
v -8.287461 6.140892 4.080876
v -8.287461 6.140892 4.617878
v -8.287460 6.597874 4.080877
v -8.287461 6.140892 4.617878
v -8.287460 6.597873 4.617879
v -8.296124 6.597873 4.609215
v -8.296125 6.140892 4.609215
v 0.133317 6.140888 4.609214
v -8.296124 6.597873 4.609215
v 0.133317 6.140888 4.609214
v 0.133317 6.597869 4.609213
v 0.124653 6.597869 4.617877
v 0.124653 6.140888 4.617877
v 0.124653 6.140888 4.080874
v 0.124653 6.597869 4.617877
v 0.124653 6.140888 4.080874
v 0.124653 6.597870 4.080875
v 0.133317 6.597870 4.089540
v 0.133317 6.140888 4.089539
v -8.296125 6.140892 4.089540
v 0.133317 6.597870 4.089540
v -8.296125 6.140892 4.089540
v -8.296124 6.597874 4.089541
v -8.292088 -3.540380 4.069954
v -8.040338 -3.540257 4.069954
v -8.040338 -3.540257 4.606957
v -8.292088 -3.540380 4.069954
v -8.040338 -3.540257 4.606957
v -8.292088 -3.540380 4.606957
v -8.292083 -3.549034 4.598293
v -8.040333 -3.548912 4.598293
v -8.044375 6.598005 4.609215
v -8.292083 -3.549034 4.598293
v -8.044375 6.598005 4.609215
v -8.296124 6.597883 4.609215
v -8.296120 6.589209 4.617879
v -8.044372 6.589331 4.617879
v -8.044372 6.589331 4.080877
v -8.296120 6.589209 4.617879
v -8.044372 6.589331 4.080877
v -8.296120 6.589210 4.080877
v -8.296124 6.597864 4.089541
v -8.044375 6.597987 4.089541
v -8.040333 -3.548931 4.078618
v -8.296124 6.597864 4.089541
v -8.040333 -3.548931 4.078618
v -8.292083 -3.549053 4.078618
v 8.207017 -3.549051 4.069951
v 0.137358 -3.549057 4.078617
v 8.207017 -3.549061 4.078616
v 8.207017 -3.549051 4.069951
v 0.137358 -3.549047 4.069952
v 0.137358 -3.549057 4.078617
v -8.044375 6.597996 4.080877
v -8.053040 6.597993 4.617879
v -8.053040 6.597993 4.080877
v -8.044375 6.597996 4.080877
v -8.044375 6.597996 4.617879
v -8.053040 6.597993 4.617879
v -8.292083 -3.549044 4.069954
v -8.292083 -3.557709 4.606957
v -8.292083 -3.557708 4.069954
v -8.292083 -3.549044 4.069954
v -8.292083 -3.549044 4.606957
v -8.292083 -3.557709 4.606957
v -8.292083 -3.549044 4.606957
v -8.292083 -3.557709 8.285513
v -8.292083 -3.557709 4.606957
v -8.292083 -3.549044 4.606957
v -8.292083 -3.549045 8.285513
v -8.292083 -3.557709 8.285513
v -8.292083 -3.549045 8.285513
v -8.292083 -3.557710 8.705794
v -8.292083 -3.557709 8.285513
v -8.292083 -3.549045 8.285513
v -8.292083 -3.549045 8.705794
v -8.292083 -3.557710 8.705794
v -4.224514 -3.549047 8.285512
v -7.564010 -3.557709 8.285513
v -4.224514 -3.557711 8.285512
v -4.224514 -3.549047 8.285512
v -7.564010 -3.549045 8.285513
v -7.564010 -3.557709 8.285513
v -4.224514 -3.549047 8.705793
v 0.137358 -3.549049 8.705792
v 0.137358 -3.557714 8.705792
v -4.224514 -3.549047 8.705793
v 0.137358 -3.557714 8.705792
v -4.224514 -3.557712 8.705793
v -7.564010 -3.549045 8.705794
v -4.224514 -3.549047 8.705793
v -4.224514 -3.557712 8.705793
v -7.564010 -3.549045 8.705794
v -4.224514 -3.557712 8.705793
v -7.564010 -3.557710 8.705794
v -8.292083 -3.549045 8.705794
v -7.564010 -3.549045 8.705794
v -7.564010 -3.557710 8.705794
v -8.292083 -3.549045 8.705794
v -7.564010 -3.557710 8.705794
v -8.292083 -3.557710 8.705794
v -4.224514 -3.549046 4.069953
v -4.224514 -3.557710 4.606956
v -4.224514 -3.557710 4.069953
v -4.224514 -3.549046 4.069953
v -4.224514 -3.549045 4.606956
v -4.224514 -3.557710 4.606956
v -4.224514 -3.549045 4.606956
v -4.224514 -3.557711 8.285512
v -4.224514 -3.557710 4.606956
v -4.224514 -3.549045 4.606956
v -4.224514 -3.549047 8.285512
v -4.224514 -3.557711 8.285512
v -8.296124 6.597873 8.716716
v 0.133317 6.597860 8.725378
v -8.296124 6.597864 8.725380
v -8.296124 6.597873 8.716716
v 0.133317 6.597869 8.716713
v 0.133317 6.597860 8.725378
v 8.202976 6.597866 4.150186
v 8.198354 -3.549054 4.139264
v 8.194311 6.597863 4.150186
v 8.202976 6.597866 4.150186
v 8.207017 -3.549051 4.139264
v 8.198354 -3.549054 4.139264
v -8.292083 -3.549044 4.606957
v -8.315332 -3.614915 4.606956
v -8.284333 -3.552920 4.606956
v -8.292083 -3.549044 4.606957
v -8.323082 -3.611039 4.606956
v -8.315332 -3.614915 4.606956
v -8.292083 -3.549045 8.285513
v -8.284333 -3.552920 4.606956
v -8.284333 -3.552920 8.285514
v -8.292083 -3.549045 8.285513
v -8.292083 -3.549044 4.606957
v -8.284333 -3.552920 4.606956
v 0.133317 6.597869 8.296432
v 0.199188 6.621118 8.296432
v 0.137192 6.590120 8.296432
v 0.133317 6.597869 8.296432
v 0.195313 6.628867 8.296432
v 0.199188 6.621118 8.296432
v 0.133317 6.597869 4.617877
v 0.137192 6.590120 8.296432
v 0.137192 6.590120 4.617878
v 0.133317 6.597869 4.617877
v 0.133317 6.597869 8.296432
v 0.137192 6.590120 8.296432
v -4.224516 -8.032372 4.606956
v -4.224516 -8.032372 4.069953
v -4.224516 -8.041037 4.069953
v -4.224516 -8.032372 4.606956
v -4.224516 -8.041037 4.069953
v -4.224516 -8.041037 4.606956
v -4.224516 -8.032373 8.285511
v -4.224516 -8.032372 4.606956
v -4.224516 -8.041037 4.606956
v -4.224516 -8.032373 8.285511
v -4.224516 -8.041037 4.606956
v -4.224516 -8.041037 8.285511
v -4.224514 -3.549047 8.285512
v -4.224516 -8.032374 8.294175
v -4.224514 -3.549046 8.294176
v -4.224514 -3.549047 8.285512
v -4.224516 -8.032373 8.285511
v -4.224516 -8.032374 8.294175
v -7.564010 -3.549045 8.285513
v -4.224514 -3.549046 8.294176
v -7.564010 -3.549044 8.294177
v -7.564010 -3.549045 8.285513
v -4.224514 -3.549047 8.285512
v -4.224514 -3.549046 8.294176
v -7.564010 -3.549045 8.285513
v -7.572677 -8.032372 8.285512
v -7.572675 -3.549045 8.285513
v -7.564010 -3.549045 8.285513
v -7.564012 -8.032372 8.285512
v -7.572677 -8.032372 8.285512
v -7.564010 -3.549044 4.606957
v -7.564010 -3.549045 8.285513
v -7.572675 -3.549045 8.285513
v -7.564010 -3.549044 4.606957
v -7.572675 -3.549045 8.285513
v -7.572675 -3.549044 4.606957
v -7.564010 -3.549044 4.069954
v -7.564010 -3.549044 4.606957
v -7.572675 -3.549044 4.606957
v -7.564010 -3.549044 4.069954
v -7.572675 -3.549044 4.606957
v -7.572675 -3.549044 4.069954
v -7.564012 -8.032370 4.069953
v -7.572675 -3.549044 4.069954
v -7.572677 -8.032370 4.069953
v -7.564012 -8.032370 4.069953
v -7.564010 -3.549044 4.069954
v -7.572675 -3.549044 4.069954
v -4.224516 -8.032372 4.069953
v -4.224514 -3.549046 4.061289
v -4.224516 -8.032372 4.061288
v -4.224516 -8.032372 4.069953
v -4.224514 -3.549046 4.069953
v -4.224514 -3.549046 4.061289
v -4.224516 -8.032372 4.606956
v -4.224516 -8.032373 8.285511
v -4.215851 -8.032373 8.285511
v -4.224516 -8.032372 4.606956
v -4.215851 -8.032373 8.285511
v -4.215852 -8.032372 4.606956
v -4.224516 -8.032372 4.069953
v -4.224516 -8.032372 4.606956
v -4.215852 -8.032372 4.606956
v -4.224516 -8.032372 4.069953
v -4.215852 -8.032372 4.606956
v -4.215852 -8.032372 4.069953
v -8.296124 6.597874 4.080877
v -8.287461 6.140892 4.080876
v -8.287460 6.597874 4.080877
v -8.296124 6.597874 4.080877
v -8.296125 6.140892 4.080876
v -8.287461 6.140892 4.080876
v -8.296124 6.597873 4.617879
v -8.287460 6.597874 4.080877
v -8.287460 6.597873 4.617879
v -8.296124 6.597873 4.617879
v -8.296124 6.597874 4.080877
v -8.287460 6.597874 4.080877
v -8.296124 6.597873 4.617879
v -8.296125 6.140892 4.609215
v -8.296124 6.597873 4.609215
v -8.296124 6.597873 4.617879
v -8.296125 6.140892 4.617878
v -8.296125 6.140892 4.609215
v 0.133317 6.597869 4.617877
v -8.296124 6.597873 4.609215
v 0.133317 6.597869 4.609213
v 0.133317 6.597869 4.617877
v -8.296124 6.597873 4.617879
v -8.296124 6.597873 4.609215
v 0.133317 6.597869 4.617877
v 0.124653 6.140888 4.617877
v 0.124653 6.597869 4.617877
v 0.133317 6.597869 4.617877
v 0.133317 6.140888 4.617877
v 0.124653 6.140888 4.617877
v 0.133317 6.597870 4.080875
v 0.124653 6.597869 4.617877
v 0.124653 6.597870 4.080875
v 0.133317 6.597870 4.080875
v 0.133317 6.597869 4.617877
v 0.124653 6.597869 4.617877
v 0.133317 6.597870 4.080875
v 0.133317 6.140888 4.089539
v 0.133317 6.597870 4.089540
v 0.133317 6.597870 4.080875
v 0.133317 6.140888 4.080874
v 0.133317 6.140888 4.089539
v -8.296124 6.597874 4.080877
v 0.133317 6.597870 4.089540
v -8.296124 6.597874 4.089541
v -8.296124 6.597874 4.080877
v 0.133317 6.597870 4.080875
v 0.133317 6.597870 4.089540
v -8.292083 -3.549044 4.069954
v -8.040338 -3.540257 4.069954
v -8.292088 -3.540380 4.069954
v -8.292083 -3.549044 4.069954
v -8.040333 -3.548922 4.069954
v -8.040338 -3.540257 4.069954
v -8.292083 -3.549044 4.606957
v -8.292088 -3.540380 4.069954
v -8.292088 -3.540380 4.606957
v -8.292083 -3.549044 4.606957
v -8.292083 -3.549044 4.069954
v -8.292088 -3.540380 4.069954
v -8.292083 -3.549044 4.606957
v -8.040333 -3.548912 4.598293
v -8.292083 -3.549034 4.598293
v -8.292083 -3.549044 4.606957
v -8.040333 -3.548922 4.606957
v -8.040333 -3.548912 4.598293
v -8.296124 6.597873 4.617879
v -8.292083 -3.549034 4.598293
v -8.296124 6.597883 4.609215
v -8.296124 6.597873 4.617879
v -8.292083 -3.549044 4.606957
v -8.292083 -3.549034 4.598293
v -8.296124 6.597873 4.617879
v -8.044372 6.589331 4.617879
v -8.296120 6.589209 4.617879
v -8.296124 6.597873 4.617879
v -8.044375 6.597996 4.617879
v -8.044372 6.589331 4.617879
v -8.296124 6.597874 4.080877
v -8.296120 6.589209 4.617879
v -8.296120 6.589210 4.080877
v -8.296124 6.597874 4.080877
v -8.296124 6.597873 4.617879
v -8.296120 6.589209 4.617879
v -8.296124 6.597874 4.080877
v -8.044375 6.597987 4.089541
v -8.296124 6.597864 4.089541
v -8.296124 6.597874 4.080877
v -8.044375 6.597996 4.080877
v -8.044375 6.597987 4.089541
v -8.292083 -3.549044 4.069954
v -8.296124 6.597864 4.089541
v -8.292083 -3.549053 4.078618
v -8.292083 -3.549044 4.069954
v -8.296124 6.597874 4.080877
v -8.296124 6.597864 4.089541
v 0.137358 -3.549047 4.069952
v 0.133317 6.597860 4.089540
v 0.137358 -3.549057 4.078617
v 0.137358 -3.549047 4.069952
v 0.133317 6.597870 4.080875
v 0.133317 6.597860 4.089540
v -8.044375 6.597996 4.617879
v -8.048998 -3.548925 4.606957
v -8.053040 6.597993 4.617879
v -8.044375 6.597996 4.617879
v -8.040333 -3.548922 4.606957
v -8.048998 -3.548925 4.606957
v 0.137358 -3.549049 8.705792
v 0.137358 -3.557713 8.285511
v 0.137358 -3.557714 8.705792
v 0.137358 -3.549049 8.705792
v 0.137358 -3.549049 8.285511
v 0.137358 -3.557713 8.285511
v 0.137358 -3.549049 8.285511
v 0.137358 -3.557713 4.606956
v 0.137358 -3.557713 8.285511
v 0.137358 -3.549049 8.285511
v 0.137358 -3.549047 4.606956
v 0.137358 -3.557713 4.606956
v 0.137358 -3.549047 4.606956
v 0.137358 -3.557712 4.069952
v 0.137358 -3.557713 4.606956
v 0.137358 -3.549047 4.606956
v 0.137358 -3.549047 4.069952
v 0.137358 -3.557712 4.069952
v 0.137358 -3.549047 4.069952
v -4.224514 -3.557710 4.069953
v 0.137358 -3.557712 4.069952
v 0.137358 -3.549047 4.069952
v -4.224514 -3.549046 4.069953
v -4.224514 -3.557710 4.069953
v 0.133317 6.597869 8.716713
v 0.137358 -3.549057 8.714457
v 0.133317 6.597860 8.725378
v 0.133317 6.597869 8.716713
v 0.137358 -3.549049 8.705792
v 0.137358 -3.549057 8.714457
v 0.133317 6.597869 4.617877
v 0.133317 6.597870 4.080875
v 0.141981 6.597873 4.080875
v 0.133317 6.597869 4.617877
v 0.141981 6.597873 4.080875
v 0.141981 6.597872 4.617877
v 0.133317 6.597869 8.296432
v 0.133317 6.597869 4.617877
v 0.141981 6.597872 4.617877
v 0.133317 6.597869 8.296432
v 0.141981 6.597872 4.617877
v 0.141981 6.597872 8.296432
v 0.133317 6.597869 8.716713
v 0.133317 6.597869 8.296432
v 0.141981 6.597872 8.296432
v 0.133317 6.597869 8.716713
v 0.141981 6.597872 8.296432
v 0.141981 6.597872 8.716713
v -8.292083 -3.549045 8.705794
v -8.300747 -3.549048 8.285513
v -8.300747 -3.549048 8.705794
v -8.292083 -3.549045 8.705794
v -8.292083 -3.549045 8.285513
v -8.300747 -3.549048 8.285513
v -8.296124 6.597873 8.716716
v -8.300747 -3.549048 8.705794
v -8.304790 6.597869 8.716716
v -8.296124 6.597873 8.716716
v -8.292083 -3.549045 8.705794
v -8.300747 -3.549048 8.705794
v -8.296124 6.597873 8.716716
v -8.296124 6.606537 8.296435
v -8.296124 6.606537 8.716716
v -8.296124 6.597873 8.716716
v -8.296124 6.597873 8.296435
v -8.296124 6.606537 8.296435
v 0.133317 6.597869 8.716713
v -8.296124 6.606537 8.716716
v 0.133317 6.606534 8.716713
v 0.133317 6.597869 8.716713
v -8.296124 6.597873 8.716716
v -8.296124 6.606537 8.716716
v 0.133317 6.140888 4.080874
v 0.133317 6.149551 4.617877
v 0.133317 6.149552 4.080874
v 0.133317 6.140888 4.080874
v 0.133317 6.140888 4.617877
v 0.133317 6.149551 4.617877
v -8.296125 6.140892 4.080876
v 0.133317 6.149552 4.080874
v -8.296125 6.149556 4.080876
v -8.296125 6.140892 4.080876
v 0.133317 6.140888 4.080874
v 0.133317 6.149552 4.080874
v 0.177376 -3.589065 4.109970
v 8.207049 -3.549042 4.130600
v 0.177407 -3.589056 4.101305
v 0.177376 -3.589065 4.109970
v 8.207017 -3.549051 4.139264
v 8.207049 -3.549042 4.130600
v 0.173335 6.637887 4.120893
v 0.177407 -3.589056 4.101305
v 0.173366 6.637897 4.112229
v 0.173335 6.637887 4.120893
v 0.177376 -3.589065 4.109970
v 0.177407 -3.589056 4.101305
v -7.575006 -3.607795 4.606957
v -7.575031 -3.599135 8.285279
v -7.575044 -3.599130 4.607055
v -7.575006 -3.607795 4.606957
v -7.575006 -3.607795 8.285513
v -7.575031 -3.599135 8.285279
v 0.177376 -3.589067 8.745809
v 0.173335 6.637896 8.748067
v 0.177376 -3.589057 8.737144
v 0.177376 -3.589067 8.745809
v 0.173335 6.637887 8.756731
v 0.173335 6.637896 8.748067
v 0.195313 6.628868 4.617877
v 0.186651 6.628875 8.296224
v 0.186650 6.628870 4.618067
v 0.195313 6.628868 4.617877
v 0.195313 6.628867 8.296432
v 0.186651 6.628875 8.296224
v 8.207017 -3.549051 4.139264
v 8.198354 -3.549055 4.069951
v 8.198354 -3.549054 4.139264
v 8.207017 -3.549051 4.139264
v 8.207017 -3.549051 4.069951
v 8.198354 -3.549055 4.069951
v -8.044375 6.597996 4.080877
v -8.040333 -3.548931 4.078618
v -8.044375 6.597987 4.089541
v -8.044375 6.597996 4.080877
v -8.040333 -3.548922 4.069954
v -8.040333 -3.548931 4.078618
v -8.323082 -3.611039 4.606956
v -8.315332 -3.614915 8.285513
v -8.315332 -3.614915 4.606956
v -8.323082 -3.611039 4.606956
v -8.323082 -3.611040 8.285513
v -8.315332 -3.614915 8.285513
v 0.195313 6.628867 8.296432
v 0.199187 6.621118 4.617878
v 0.199188 6.621118 8.296432
v 0.195313 6.628867 8.296432
v 0.195313 6.628868 4.617877
v 0.199187 6.621118 4.617878
v -7.564012 -8.032370 4.069953
v -7.564012 -8.041035 4.606956
v -7.564012 -8.041035 4.069953
v -7.564012 -8.032370 4.069953
v -7.564012 -8.032370 4.606956
v -7.564012 -8.041035 4.606956
v -7.564012 -8.032370 4.606956
v -7.564012 -8.041036 8.285512
v -7.564012 -8.041035 4.606956
v -7.564012 -8.032370 4.606956
v -7.564012 -8.032372 8.285512
v -7.564012 -8.041036 8.285512
v -4.224516 -8.032373 8.285511
v -7.564012 -8.032373 8.294176
v -4.224516 -8.032374 8.294175
v -4.224516 -8.032373 8.285511
v -7.564012 -8.032372 8.285512
v -7.564012 -8.032373 8.294176
v -7.564012 -8.032372 8.285512
v -7.572677 -8.032370 4.606956
v -7.572677 -8.032372 8.285512
v -7.564012 -8.032372 8.285512
v -7.564012 -8.032370 4.606956
v -7.572677 -8.032370 4.606956
v -7.564012 -8.032370 4.606956
v -7.572677 -8.032370 4.069953
v -7.572677 -8.032370 4.606956
v -7.564012 -8.032370 4.606956
v -7.564012 -8.032370 4.069953
v -7.572677 -8.032370 4.069953
v -4.224514 -3.549047 8.285512
v -4.215850 -3.549045 4.606956
v -4.215849 -3.549047 8.285512
v -4.224514 -3.549047 8.285512
v -4.224514 -3.549045 4.606956
v -4.215850 -3.549045 4.606956
v -4.224514 -3.549045 4.606956
v -4.215850 -3.549046 4.069953
v -4.215850 -3.549045 4.606956
v -4.224514 -3.549045 4.606956
v -4.224514 -3.549046 4.069953
v -4.215850 -3.549046 4.069953
v -8.296125 6.140892 4.080876
v -8.287461 6.140892 4.617878
v -8.287461 6.140892 4.080876
v -8.296125 6.140892 4.080876
v -8.296125 6.140892 4.617878
v -8.287461 6.140892 4.617878
v -8.296125 6.140892 4.617878
v 0.133317 6.140888 4.609214
v -8.296125 6.140892 4.609215
v -8.296125 6.140892 4.617878
v 0.133317 6.140888 4.617877
v 0.133317 6.140888 4.609214
v 0.133317 6.140888 4.617877
v 0.124653 6.140888 4.080874
v 0.124653 6.140888 4.617877
v 0.133317 6.140888 4.617877
v 0.133317 6.140888 4.080874
v 0.124653 6.140888 4.080874
v 0.133317 6.140888 4.080874
v -8.296125 6.140892 4.089540
v 0.133317 6.140888 4.089539
v 0.133317 6.140888 4.080874
v -8.296125 6.140892 4.080876
v -8.296125 6.140892 4.089540
v -8.040333 -3.548922 4.069954
v -8.040338 -3.540257 4.606957
v -8.040338 -3.540257 4.069954
v -8.040333 -3.548922 4.069954
v -8.040333 -3.548922 4.606957
v -8.040338 -3.540257 4.606957
v -8.040333 -3.548922 4.606957
v -8.044375 6.598005 4.609215
v -8.040333 -3.548912 4.598293
v -8.040333 -3.548922 4.606957
v -8.044375 6.597996 4.617879
v -8.044375 6.598005 4.609215
v -8.044375 6.597996 4.617879
v -8.044372 6.589331 4.080877
v -8.044372 6.589331 4.617879
v -8.044375 6.597996 4.617879
v -8.044375 6.597996 4.080877
v -8.044372 6.589331 4.080877
v -4.224514 -3.589064 8.745810
v 0.177376 -3.589067 8.745809
v 0.177376 -3.589057 8.737144
v -4.224514 -3.589064 8.745810
v 0.177376 -3.589057 8.737144
v -4.224514 -3.589055 8.737145
v -7.584019 -3.589063 8.745811
v -4.224514 -3.589064 8.745810
v -4.224514 -3.589055 8.737145
v -7.584019 -3.589063 8.745811
v -4.224514 -3.589055 8.737145
v -7.584019 -3.589053 8.737146
v -8.332102 -3.589062 8.745811
v -7.584019 -3.589063 8.745811
v -7.584019 -3.589053 8.737146
v -8.332102 -3.589062 8.745811
v -7.584019 -3.589053 8.737146
v -8.332102 -3.589054 8.737146
v -7.564010 -3.549045 8.285513
v -7.564010 -3.557709 4.606957
v -7.564010 -3.557709 8.285513
v -7.564010 -3.549045 8.285513
v -7.564010 -3.549044 4.606957
v -7.564010 -3.557709 4.606957
v -7.564010 -3.549044 4.606957
v -7.564010 -3.557708 4.069954
v -7.564010 -3.557709 4.606957
v -7.564010 -3.549044 4.606957
v -7.564010 -3.549044 4.069954
v -7.564010 -3.557708 4.069954
v 0.133317 6.597870 4.080875
v 0.146022 -3.549045 4.069952
v 0.141981 6.597873 4.080875
v 0.133317 6.597870 4.080875
v 0.137358 -3.549047 4.069952
v 0.146022 -3.549045 4.069952
v 0.137358 -3.549049 8.285511
v 0.137358 -3.549049 8.705792
v 0.146022 -3.549046 8.705792
v 0.137358 -3.549049 8.285511
v 0.146022 -3.549046 8.705792
v 0.146022 -3.549045 8.285511
v 0.137358 -3.549047 4.606956
v 0.137358 -3.549049 8.285511
v 0.146022 -3.549045 8.285511
v 0.137358 -3.549047 4.606956
v 0.146022 -3.549045 8.285511
v 0.146022 -3.549045 4.606956
v 0.137358 -3.549047 4.069952
v 0.137358 -3.549047 4.606956
v 0.146022 -3.549045 4.606956
v 0.137358 -3.549047 4.069952
v 0.146022 -3.549045 4.606956
v 0.146022 -3.549045 4.069952
v -8.292083 -3.549045 8.285513
v -8.304790 6.597869 8.296435
v -8.300747 -3.549048 8.285513
v -8.292083 -3.549045 8.285513
v -8.296124 6.597873 8.296435
v -8.304790 6.597869 8.296435
v -8.296124 6.597873 8.296435
v 0.133317 6.606534 8.296432
v -8.296124 6.606537 8.296435
v -8.296124 6.597873 8.296435
v 0.133317 6.597869 8.296432
v 0.133317 6.606534 8.296432
v 0.133317 6.140888 4.617877
v -8.296125 6.149555 4.617878
v 0.133317 6.149551 4.617877
v 0.133317 6.140888 4.617877
v -8.296125 6.140892 4.617878
v -8.296125 6.149555 4.617878
v 8.207017 -3.549051 4.139264
v 8.203008 6.597875 4.141523
v 8.207049 -3.549042 4.130600
v 8.207017 -3.549051 4.139264
v 8.202976 6.597866 4.150186
v 8.203008 6.597875 4.141523
v -8.323082 -3.611039 4.606956
v -8.341124 -3.589395 4.070164
v -8.323116 -3.602376 4.607060
v -8.323082 -3.611039 4.606956
v -8.341094 -3.598056 4.069954
v -8.341124 -3.589395 4.070164
v -8.341094 -3.598056 4.069954
v -7.590798 -3.587146 4.080161
v -8.341124 -3.589395 4.070164
v -7.590764 -3.595808 4.079958
v -8.341094 -3.598056 4.069954
v -8.323082 -3.611039 4.606956
v -8.341094 -3.598056 4.069954
v -7.590764 -3.595808 4.079958
v -7.590798 -3.587146 4.080161
v -7.590764 -3.595808 4.079958
v -8.323082 -3.611039 4.606956
v -7.575006 -3.607795 4.606957
v -7.590764 -3.595808 4.079958
v -7.575044 -3.599130 4.607055
v -7.590798 -3.587146 4.080161
v -7.590764 -3.595808 4.079958
v -7.575006 -3.607795 4.606957
v -7.575044 -3.599130 4.607055
v 0.186370 -3.598060 8.285511
v 0.177706 -3.598052 4.607033
v 0.177706 -3.598057 8.285423
v 0.186370 -3.598060 8.285511
v 0.186370 -3.598060 4.606956
v 0.177706 -3.598052 4.607033
v -8.323082 -3.611040 8.285513
v -8.284333 -3.552920 8.285514
v -8.315332 -3.614915 8.285513
v -8.323082 -3.611040 8.285513
v -8.292083 -3.549045 8.285513
v -8.284333 -3.552920 8.285514
v 0.195313 6.628868 4.617877
v 0.137192 6.590120 4.617878
v 0.199187 6.621118 4.617878
v 0.195313 6.628868 4.617877
v 0.133317 6.597869 4.617877
v 0.137192 6.590120 4.617878
v -7.564012 -8.032372 8.285512
v -4.224516 -8.041037 8.285511
v -7.564012 -8.041036 8.285512
v -7.564012 -8.032372 8.285512
v -4.224516 -8.032373 8.285511
v -4.224516 -8.041037 8.285511
v -4.224516 -8.032372 4.069953
v -7.564012 -8.041035 4.069953
v -4.224516 -8.041037 4.069953
v -4.224516 -8.032372 4.069953
v -7.564012 -8.032370 4.069953
v -7.564012 -8.041035 4.069953
v -7.564012 -8.032372 8.285512
v -7.564010 -3.549044 8.294177
v -7.564012 -8.032373 8.294176
v -7.564012 -8.032372 8.285512
v -7.564010 -3.549045 8.285513
v -7.564010 -3.549044 8.294177
v -7.564010 -3.549044 4.069954
v -7.564012 -8.032371 4.061288
v -7.564010 -3.549045 4.061290
v -7.564010 -3.549044 4.069954
v -7.564012 -8.032370 4.069953
v -7.564012 -8.032371 4.061288
v -4.224514 -3.549046 4.069953
v -7.564010 -3.549045 4.061290
v -4.224514 -3.549046 4.061289
v -4.224514 -3.549046 4.069953
v -7.564010 -3.549044 4.069954
v -7.564010 -3.549045 4.061290
v -4.224514 -3.549046 4.069953
v -4.215852 -8.032372 4.069953
v -4.215850 -3.549046 4.069953
v -4.224514 -3.549046 4.069953
v -4.224516 -8.032372 4.069953
v -4.215852 -8.032372 4.069953
v -4.224516 -8.032373 8.285511
v -4.215849 -3.549047 8.285512
v -4.215851 -8.032373 8.285511
v -4.224516 -8.032373 8.285511
v -4.224514 -3.549047 8.285512
v -4.215849 -3.549047 8.285512
v -8.296125 6.140892 4.617878
v -8.287460 6.597873 4.617879
v -8.287461 6.140892 4.617878
v -8.296125 6.140892 4.617878
v -8.296124 6.597873 4.617879
v -8.287460 6.597873 4.617879
v 0.133317 6.140888 4.617877
v 0.133317 6.597869 4.609213
v 0.133317 6.140888 4.609214
v 0.133317 6.140888 4.617877
v 0.133317 6.597869 4.617877
v 0.133317 6.597869 4.609213
v 0.133317 6.140888 4.080874
v 0.124653 6.597870 4.080875
v 0.124653 6.140888 4.080874
v 0.133317 6.140888 4.080874
v 0.133317 6.597870 4.080875
v 0.124653 6.597870 4.080875
v -8.296125 6.140892 4.080876
v -8.296124 6.597874 4.089541
v -8.296125 6.140892 4.089540
v -8.296125 6.140892 4.080876
v -8.296124 6.597874 4.080877
v -8.296124 6.597874 4.089541
v -8.040333 -3.548922 4.606957
v -8.292088 -3.540380 4.606957
v -8.040338 -3.540257 4.606957
v -8.040333 -3.548922 4.606957
v -8.292083 -3.549044 4.606957
v -8.292088 -3.540380 4.606957
v -8.044375 6.597996 4.617879
v -8.296124 6.597883 4.609215
v -8.044375 6.598005 4.609215
v -8.044375 6.597996 4.617879
v -8.296124 6.597873 4.617879
v -8.296124 6.597883 4.609215
v -8.044375 6.597996 4.080877
v -8.296120 6.589210 4.080877
v -8.044372 6.589331 4.080877
v -8.044375 6.597996 4.080877
v -8.296124 6.597874 4.080877
v -8.296120 6.589210 4.080877
v -8.040333 -3.548922 4.069954
v -8.292083 -3.549053 4.078618
v -8.040333 -3.548931 4.078618
v -8.040333 -3.548922 4.069954
v -8.292083 -3.549044 4.069954
v -8.292083 -3.549053 4.078618
v 8.202976 6.597867 4.080874
v 8.207017 -3.549061 4.078616
v 8.202976 6.597857 4.089538
v 8.202976 6.597867 4.080874
v 8.207017 -3.549051 4.069951
v 8.207017 -3.549061 4.078616
v 0.133317 6.597870 4.080875
v 8.202976 6.597857 4.089538
v 0.133317 6.597860 4.089540
v 0.133317 6.597870 4.080875
v 8.202976 6.597867 4.080874
v 8.202976 6.597857 4.089538
v -8.040333 -3.548922 4.069954
v -8.053040 6.597993 4.080877
v -8.048998 -3.548924 4.069954
v -8.040333 -3.548922 4.069954
v -8.044375 6.597996 4.080877
v -8.053040 6.597993 4.080877
v -8.040333 -3.548922 4.606957
v -8.048998 -3.548924 4.069954
v -8.048998 -3.548925 4.606957
v -8.040333 -3.548922 4.606957
v -8.040333 -3.548922 4.069954
v -8.048998 -3.548924 4.069954
v -7.564010 -3.549044 4.069954
v -8.292083 -3.557708 4.069954
v -7.564010 -3.557708 4.069954
v -7.564010 -3.549044 4.069954
v -8.292083 -3.549044 4.069954
v -8.292083 -3.557708 4.069954
v -8.292083 -3.549045 8.705794
v -8.296124 6.597864 8.725380
v -8.292083 -3.549054 8.714458
v -8.292083 -3.549045 8.705794
v -8.296124 6.597873 8.716716
v -8.296124 6.597864 8.725380
v -7.564010 -3.549045 8.705794
v -8.292083 -3.549045 8.705794
v -8.292083 -3.549054 8.714458
v -7.564010 -3.549045 8.705794
v -8.292083 -3.549054 8.714458
v -7.564010 -3.549054 8.714458
v -4.224514 -3.549047 8.705793
v -7.564010 -3.549045 8.705794
v -7.564010 -3.549054 8.714458
v -4.224514 -3.549047 8.705793
v -7.564010 -3.549054 8.714458
v -4.224514 -3.549056 8.714458
v 0.137358 -3.549049 8.705792
v -4.224514 -3.549047 8.705793
v -4.224514 -3.549056 8.714458
v 0.137358 -3.549049 8.705792
v -4.224514 -3.549056 8.714458
v 0.137358 -3.549057 8.714457
v 0.137358 -3.549049 8.705792
v 0.141981 6.597872 8.716713
v 0.146022 -3.549046 8.705792
v 0.137358 -3.549049 8.705792
v 0.133317 6.597869 8.716713
v 0.141981 6.597872 8.716713
v -8.296124 6.597873 8.296435
v -8.304790 6.597869 8.716716
v -8.304790 6.597869 8.296435
v -8.296124 6.597873 8.296435
v -8.296124 6.597873 8.716716
v -8.304790 6.597869 8.716716
v 0.133317 6.597869 8.296432
v 0.133317 6.606534 8.716713
v 0.133317 6.606534 8.296432
v 0.133317 6.597869 8.296432
v 0.133317 6.597869 8.716713
v 0.133317 6.606534 8.716713
v -8.296125 6.140892 4.617878
v -8.296125 6.149556 4.080876
v -8.296125 6.149555 4.617878
v -8.296125 6.140892 4.617878
v -8.296125 6.140892 4.080876
v -8.296125 6.149556 4.080876
v 8.202976 6.597866 4.150186
v 0.173366 6.637897 4.112229
v 8.203008 6.597875 4.141523
v 8.202976 6.597866 4.150186
v 0.173335 6.637887 4.120893
v 0.173366 6.637897 4.112229
v -8.323082 -3.611040 8.285513
v -8.323116 -3.602376 4.607060
v -8.323108 -3.602379 8.285316
v -8.323082 -3.611040 8.285513
v -8.323082 -3.611039 4.606956
v -8.323116 -3.602376 4.607060
v 0.186370 -3.598060 4.606956
v 0.168713 -3.589059 4.110135
v 0.177706 -3.598052 4.607033
v 0.186370 -3.598060 4.606956
v 0.177376 -3.589065 4.109970
v 0.168713 -3.589059 4.110135
v 0.177376 -3.589065 4.109970
v 0.186370 -3.598060 4.606956
v 0.195313 6.628868 4.617877
v 0.177376 -3.589065 4.109970
v 0.164679 6.637884 4.121276
v 0.168713 -3.589059 4.110135
v 0.177376 -3.589065 4.109970
v 0.195313 6.628868 4.617877
v 0.173335 6.637887 4.120893
v 0.177376 -3.589065 4.109970
v 0.173335 6.637887 4.120893
v 0.164679 6.637884 4.121276
v 0.173335 6.637887 4.120893
v 0.195313 6.628868 4.617877
v 0.186650 6.628870 4.618067
v 0.173335 6.637887 4.120893
v 0.186650 6.628870 4.618067
v 0.164679 6.637884 4.121276
v 0.195313 6.628867 8.296432
v 0.164681 6.637895 8.756325
v 0.186651 6.628875 8.296224
v 0.195313 6.628867 8.296432
v 0.173335 6.637887 8.756731
v 0.164681 6.637895 8.756325
v 0.186370 -3.598060 8.285511
v 0.173335 6.637887 8.756731
v 0.195313 6.628867 8.296432
v 0.173335 6.637887 8.756731
v 0.168714 -3.589070 8.745640
v 0.164681 6.637895 8.756325
v 0.186370 -3.598060 8.285511
v 0.177376 -3.589067 8.745809
v 0.173335 6.637887 8.756731
v 0.173335 6.637887 8.756731
v 0.177376 -3.589067 8.745809
v 0.168714 -3.589070 8.745640
v 0.177376 -3.589067 8.745809
v 0.186370 -3.598060 8.285511
v 0.177706 -3.598057 8.285423
v 0.177376 -3.589067 8.745809
v 0.177706 -3.598057 8.285423
v 0.168714 -3.589070 8.745640
v 8.202976 6.597867 4.080874
v 8.194311 6.597863 4.150186
v 8.194311 6.597863 4.080874
v 8.202976 6.597867 4.080874
v 8.202976 6.597866 4.150186
v 8.194311 6.597863 4.150186
v 8.207017 -3.549051 4.069951
v 8.194311 6.597863 4.080874
v 8.198354 -3.549055 4.069951
v 8.207017 -3.549051 4.069951
v 8.202976 6.597867 4.080874
v 8.194311 6.597863 4.080874
v -7.564012 -8.032370 4.069953
v -4.224516 -8.032372 4.061288
v -7.564012 -8.032371 4.061288
v -7.564012 -8.032370 4.069953
v -4.224516 -8.032372 4.069953
v -4.224516 -8.032372 4.061288
v -8.296124 6.597873 4.617879
v 0.133317 6.597869 4.609213
v -8.296120 6.597878 4.609215
v -8.292083 -3.549044 4.606957
v -8.296124 6.597873 4.617879
v -8.296120 6.597878 4.609215
v -8.292083 -3.549044 4.606957
v -8.296120 6.597878 4.609215
v -8.292103 -3.549034 4.598293
v -8.323082 -3.611039 4.606956
v -8.292083 -3.549044 4.606957
v -8.292103 -3.549034 4.598293
v -8.296124 6.597873 4.617879
v -8.292083 -3.549044 4.606957
v -8.323082 -3.611039 4.606956
v -8.323082 -3.611039 4.606956
v -8.292103 -3.549034 4.598293
v -8.323100 -3.611030 4.598292
v -8.345137 6.646885 4.617879
v -8.323082 -3.611039 4.606956
v -8.323100 -3.611030 4.598292
v -8.296124 6.597873 4.617879
v -8.323082 -3.611039 4.606956
v -8.345137 6.646885 4.617879
v -8.345137 6.646885 4.617879
v -8.323100 -3.611030 4.598292
v -8.345132 6.646890 4.609215
v -8.296124 6.597873 4.617879
v 0.133317 6.597869 4.617877
v 0.133317 6.597869 4.609213
v 0.133317 6.597869 4.617877
v -8.296124 6.597873 4.617879
v -8.345137 6.646885 4.617879
v 0.133317 6.597869 4.617877
v 0.195313 6.628868 4.609214
v 0.133317 6.597869 4.609213
v 0.195313 6.628868 4.617877
v -8.345132 6.646890 4.609215
v 0.195313 6.628868 4.609214
v 0.195313 6.628868 4.617877
v -8.345137 6.646885 4.617879
v -8.345132 6.646890 4.609215
v 0.133317 6.597869 4.617877
v -8.345137 6.646885 4.617879
v 0.195313 6.628868 4.617877
v 0.133317 6.597869 4.617877
v 0.195313 6.628868 4.617877
v 0.195313 6.628868 4.609214
v 8.207017 -3.549051 4.069951
v 8.206975 -3.540388 4.139264
v 8.206975 -3.540387 4.069979
v 8.207017 -3.549051 4.069951
v 8.207017 -3.549051 4.139264
v 8.206975 -3.540388 4.139264
v 8.207017 -3.549051 4.139264
v 0.177375 -3.582923 4.116080
v 8.206975 -3.540388 4.139264
v 8.207017 -3.549051 4.139264
v 0.177376 -3.589065 4.109970
v 0.177375 -3.582923 4.116080
v 8.207017 -3.549051 4.069951
v 0.177376 -3.589065 4.109970
v 8.207017 -3.549051 4.139264
v 0.177376 -3.589065 4.109970
v 0.137358 -3.542922 4.076079
v 0.177375 -3.582923 4.116080
v 0.137358 -3.549047 4.069952
v 8.206975 -3.540387 4.069979
v 0.137358 -3.542922 4.076079
v 0.137358 -3.549047 4.069952
v 8.207017 -3.549051 4.069951
v 8.206975 -3.540387 4.069979
v 8.207017 -3.549051 4.069951
v 0.137358 -3.549047 4.069952
v 0.177376 -3.589065 4.109970
v 0.177376 -3.589065 4.109970
v 0.137358 -3.549047 4.069952
v 0.137358 -3.542922 4.076079
v 0.133317 6.597870 4.080875
v 0.173282 6.631787 4.127045
v 0.133264 6.591730 4.086988
v 0.133317 6.597870 4.080875
v 0.173335 6.637887 4.120893
v 0.173282 6.631787 4.127045
v 0.173335 6.637887 4.120893
v 8.202976 6.589201 4.150214
v 0.173282 6.631787 4.127045
v 0.173335 6.637887 4.120893
v 8.202976 6.597866 4.150186
v 8.202976 6.589201 4.150214
v 0.133317 6.597870 4.080875
v 8.202976 6.597866 4.150186
v 0.173335 6.637887 4.120893
v 8.202976 6.597866 4.150186
v 8.202976 6.589202 4.080874
v 8.202976 6.589201 4.150214
v 8.202976 6.597867 4.080874
v 0.133264 6.591730 4.086988
v 8.202976 6.589202 4.080874
v 8.202976 6.597867 4.080874
v 0.133317 6.597870 4.080875
v 0.133264 6.591730 4.086988
v 0.133317 6.597870 4.080875
v 8.202976 6.597867 4.080874
v 8.202976 6.597866 4.150186
v 8.202976 6.597866 4.150186
v 8.202976 6.597867 4.080874
v 8.202976 6.589202 4.080874
v -8.345137 6.646885 4.617879
v 0.195294 6.620205 4.617721
v -8.345145 6.638222 4.617874
v -8.345137 6.646885 4.617879
v 0.195313 6.628868 4.617877
v 0.195294 6.620205 4.617721
v 0.195313 6.628868 4.617877
v 0.173317 6.629225 4.120743
v 0.195294 6.620205 4.617721
v 0.195313 6.628868 4.617877
v 0.173335 6.637887 4.120893
v 0.173317 6.629225 4.120743
v -8.345137 6.646885 4.617879
v 0.173335 6.637887 4.120893
v 0.195313 6.628868 4.617877
v 0.173335 6.637887 4.120893
v -8.345145 6.638221 4.080877
v 0.173317 6.629225 4.120743
v -8.345137 6.646885 4.080877
v -8.345145 6.638222 4.617874
v -8.345145 6.638221 4.080877
v -8.345137 6.646885 4.080877
v -8.345137 6.646885 4.617879
v -8.345145 6.638222 4.617874
v -8.345137 6.646885 4.617879
v -8.345137 6.646885 4.080877
v 0.173335 6.637887 4.120893
v 0.173335 6.637887 4.120893
v -8.345137 6.646885 4.080877
v -8.345145 6.638221 4.080877
v 0.195313 6.628867 8.296432
v -8.345154 6.638223 8.296265
v 0.195312 6.620204 8.296590
v 0.195313 6.628867 8.296432
v -8.345137 6.646884 8.296434
v -8.345154 6.638223 8.296265
v -8.345137 6.646884 8.296434
v -8.336160 6.629228 8.756576
v -8.345154 6.638223 8.296265
v -8.345137 6.646884 8.296434
v -8.336143 6.637891 8.756733
v -8.336160 6.629228 8.756576
v 0.195313 6.628867 8.296432
v -8.336143 6.637891 8.756733
v -8.345137 6.646884 8.296434
v -8.336143 6.637891 8.756733
v 0.173335 6.629225 8.756901
v -8.336160 6.629228 8.756576
v 0.173335 6.637887 8.756731
v 0.195312 6.620204 8.296590
v 0.173335 6.629225 8.756901
v 0.173335 6.637887 8.756731
v 0.195313 6.628867 8.296432
v 0.195312 6.620204 8.296590
v 0.195313 6.628867 8.296432
v 0.173335 6.637887 8.756731
v -8.336143 6.637891 8.756733
v -8.336143 6.637891 8.756733
v 0.173335 6.637887 8.756731
v 0.173335 6.629225 8.756901
v -8.345137 6.646884 8.296434
v -8.314419 -3.611022 8.285683
v -8.336473 6.646888 8.296275
v -8.345137 6.646884 8.296434
v -8.323082 -3.611040 8.285513
v -8.314419 -3.611022 8.285683
v -8.323082 -3.611040 8.285513
v -8.323439 -3.589044 8.745971
v -8.314419 -3.611022 8.285683
v -8.323082 -3.611040 8.285513
v -8.332102 -3.589062 8.745811
v -8.323439 -3.589044 8.745971
v -8.345137 6.646884 8.296434
v -8.332102 -3.589062 8.745811
v -8.323082 -3.611040 8.285513
v -8.332102 -3.589062 8.745811
v -8.327480 6.637895 8.756563
v -8.323439 -3.589044 8.745971
v -8.336143 6.637891 8.756733
v -8.336473 6.646888 8.296275
v -8.327480 6.637895 8.756563
v -8.336143 6.637891 8.756733
v -8.345137 6.646884 8.296434
v -8.336473 6.646888 8.296275
v -8.345137 6.646884 8.296434
v -8.336143 6.637891 8.756733
v -8.332102 -3.589062 8.745811
v -8.332102 -3.589062 8.745811
v -8.336143 6.637891 8.756733
v -8.327480 6.637895 8.756563
v -8.296124 6.597874 4.080877
v -8.345177 6.646845 4.089541
v -8.296165 6.597816 4.089540
v -8.296124 6.597874 4.080877
v -8.345137 6.646885 4.080877
v -8.345177 6.646845 4.089541
v -8.345137 6.646885 4.080877
v 0.173334 6.631787 4.127045
v -8.345177 6.646845 4.089541
v -8.345137 6.646885 4.080877
v 0.173335 6.637887 4.120893
v 0.173334 6.631787 4.127045
v -8.296124 6.597874 4.080877
v 0.173335 6.637887 4.120893
v -8.345137 6.646885 4.080877
v 0.173335 6.637887 4.120893
v 0.133317 6.591743 4.087000
v 0.173334 6.631787 4.127045
v 0.133317 6.597870 4.080875
v -8.296165 6.597816 4.089540
v 0.133317 6.591743 4.087000
v 0.133317 6.597870 4.080875
v -8.296124 6.597874 4.080877
v -8.296165 6.597816 4.089540
v -8.296124 6.597874 4.080877
v 0.133317 6.597870 4.080875
v 0.173335 6.637887 4.120893
v 0.173335 6.637887 4.120893
v 0.133317 6.597870 4.080875
v 0.133317 6.591743 4.087000
v -8.341094 -3.598056 4.069954
v -8.345145 6.646876 4.089541
v -8.341085 -3.598065 4.078618
v -8.292083 -3.549044 4.069954
v -8.341094 -3.598056 4.069954
v -8.341085 -3.598065 4.078618
v -8.292083 -3.549044 4.069954
v -8.341085 -3.598065 4.078618
v -8.292074 -3.549053 4.078618
v -8.341094 -3.598056 4.069954
v -8.345137 6.646885 4.080877
v -8.345145 6.646876 4.089541
v -8.292083 -3.549044 4.069954
v -8.345137 6.646885 4.080877
v -8.341094 -3.598056 4.069954
v -8.345137 6.646885 4.080877
v -8.296134 6.597864 4.089541
v -8.345145 6.646876 4.089541
v -8.296124 6.597874 4.080877
v -8.292074 -3.549053 4.078618
v -8.296134 6.597864 4.089541
v -8.296124 6.597874 4.080877
v -8.292083 -3.549044 4.069954
v -8.292074 -3.549053 4.078618
v -8.292083 -3.549044 4.069954
v -8.296124 6.597874 4.080877
v -8.345137 6.646885 4.080877
v -8.345137 6.646885 4.080877
v -8.296124 6.597874 4.080877
v -8.296134 6.597864 4.089541
v -8.345137 6.646885 4.080877
v -8.332436 -3.598037 4.069673
v -8.336472 6.646889 4.080877
v -8.345137 6.646885 4.617879
v -8.345137 6.646885 4.080877
v -8.336472 6.646889 4.080877
v -8.345137 6.646885 4.617879
v -8.336472 6.646889 4.080877
v -8.336472 6.646889 4.617870
v -8.345137 6.646885 4.080877
v -8.341094 -3.598056 4.069954
v -8.332436 -3.598037 4.069673
v -8.345137 6.646885 4.617879
v -8.341094 -3.598056 4.069954
v -8.345137 6.646885 4.080877
v -8.341094 -3.598056 4.069954
v -8.314422 -3.611021 4.606667
v -8.332436 -3.598037 4.069673
v -8.323082 -3.611039 4.606956
v -8.336472 6.646889 4.617870
v -8.314422 -3.611021 4.606667
v -8.323082 -3.611039 4.606956
v -8.345137 6.646885 4.617879
v -8.336472 6.646889 4.617870
v -8.345137 6.646885 4.617879
v -8.323082 -3.611039 4.606956
v -8.341094 -3.598056 4.069954
v -8.341094 -3.598056 4.069954
v -8.323082 -3.611039 4.606956
v -8.314422 -3.611021 4.606667
v -8.323082 -3.611040 8.285513
v -8.345140 6.646880 8.305099
v -8.323063 -3.611049 8.294177
v -8.292083 -3.549045 8.285513
v -8.323082 -3.611040 8.285513
v -8.323063 -3.611049 8.294177
v -8.292083 -3.549045 8.285513
v -8.323063 -3.611049 8.294177
v -8.292066 -3.549054 8.294176
v -8.323082 -3.611040 8.285513
v -8.345137 6.646884 8.296434
v -8.345140 6.646880 8.305099
v -8.292083 -3.549045 8.285513
v -8.345137 6.646884 8.296434
v -8.323082 -3.611040 8.285513
v -8.345137 6.646884 8.296434
v 0.195313 6.628867 8.305097
v -8.345140 6.646880 8.305099
v -8.296124 6.597873 8.296435
v -8.292083 -3.549045 8.285513
v -8.292066 -3.549054 8.294176
v -8.292083 -3.549045 8.285513
v -8.296124 6.597873 8.296435
v -8.345137 6.646884 8.296434
v -8.296124 6.597873 8.296435
v -8.292066 -3.549054 8.294176
v -8.296128 6.597868 8.305099
v -8.345137 6.646884 8.296434
v 0.195313 6.628867 8.296432
v 0.195313 6.628867 8.305097
v -8.296124 6.597873 8.296435
v 0.195313 6.628867 8.296432
v -8.345137 6.646884 8.296434
v 0.195313 6.628867 8.296432
v 0.133317 6.597869 8.305097
v 0.195313 6.628867 8.305097
v 0.133317 6.597869 8.296432
v -8.296128 6.597868 8.305099
v 0.133317 6.597869 8.305097
v 0.133317 6.597869 8.296432
v -8.296124 6.597873 8.296435
v -8.296128 6.597868 8.305099
v -8.296124 6.597873 8.296435
v 0.133317 6.597869 8.296432
v 0.195313 6.628867 8.296432
v 0.195313 6.628867 8.296432
v 0.133317 6.597869 8.296432
v 0.133317 6.597869 8.305097
v -7.590764 -3.595808 4.079958
v -8.341210 -3.597940 4.078617
v -7.590776 -3.594027 4.088438
v -7.590764 -3.595808 4.079958
v -8.341094 -3.598056 4.069954
v -8.341210 -3.597940 4.078617
v -8.341094 -3.598056 4.069954
v -8.292195 -3.548880 4.078616
v -8.341210 -3.597940 4.078617
v -8.341094 -3.598056 4.069954
v -8.292083 -3.549044 4.069954
v -8.292195 -3.548880 4.078616
v -8.292083 -3.549044 4.069954
v -8.341094 -3.598056 4.069954
v -7.590764 -3.595808 4.079958
v -8.292083 -3.549044 4.069954
v -7.564028 -3.547214 4.078423
v -8.292195 -3.548880 4.078616
v -8.292083 -3.549044 4.069954
v -7.564010 -3.549044 4.069954
v -7.564028 -3.547214 4.078423
v -8.292083 -3.549044 4.069954
v -7.590764 -3.595808 4.079958
v -7.564010 -3.549044 4.069954
v -7.564010 -3.549044 4.069954
v -4.224514 -3.545493 4.077856
v -7.564028 -3.547214 4.078423
v -4.229012 -3.593561 4.089962
v -7.590764 -3.595808 4.079958
v -7.590776 -3.594027 4.088438
v -7.564010 -3.549044 4.069954
v -7.590764 -3.595808 4.079958
v -4.229012 -3.593561 4.089962
v -4.229012 -3.593561 4.089962
v -7.590776 -3.594027 4.088438
v -4.229012 -3.590016 4.097868
v -7.564010 -3.549044 4.069954
v -4.224514 -3.549046 4.069953
v -4.224514 -3.545493 4.077856
v -7.564010 -3.549044 4.069954
v -4.229012 -3.593561 4.089962
v -4.224514 -3.549046 4.069953
v -4.224514 -3.549046 4.069953
v 0.137358 -3.545495 4.077855
v -4.224514 -3.545493 4.077856
v 0.137358 -3.549047 4.069952
v -4.229012 -3.590016 4.097868
v 0.137358 -3.545495 4.077855
v 0.137358 -3.549047 4.069952
v -4.229012 -3.593561 4.089962
v -4.229012 -3.590016 4.097868
v 0.137358 -3.549047 4.069952
v -4.224514 -3.549046 4.069953
v -4.229012 -3.593561 4.089962
v -4.224514 -3.549046 4.069953
v 0.137358 -3.549047 4.069952
v 0.137358 -3.545495 4.077855
v -4.229012 -3.593561 4.089962
v 0.137323 -3.542938 4.076097
v -4.229046 -3.587451 4.096106
v -4.229012 -3.593561 4.089962
v 0.137358 -3.549047 4.069952
v 0.137323 -3.542938 4.076097
v 0.137358 -3.549047 4.069952
v 0.177342 -3.582957 4.116114
v 0.137323 -3.542938 4.076097
v 0.177376 -3.589065 4.109970
v -4.229046 -3.587451 4.096106
v 0.177342 -3.582957 4.116114
v 0.177376 -3.589065 4.109970
v -4.229012 -3.593561 4.089962
v -4.229046 -3.587451 4.096106
v 0.137358 -3.549047 4.069952
v -4.229012 -3.593561 4.089962
v 0.177376 -3.589065 4.109970
v 0.137358 -3.549047 4.069952
v 0.177376 -3.589065 4.109970
v 0.177342 -3.582957 4.116114
v 0.137352 -1.814745 4.071463
v -4.211079 -1.814742 4.071463
v -4.211079 -1.814739 4.079721
v -4.211076 2.595690 4.075778
v -7.836861 2.580590 4.078201
v -7.836861 2.580588 4.069943
v -7.836861 2.580588 4.069943
v -4.211076 2.580585 4.069944
v -4.211076 2.595690 4.075778
v -7.836863 -1.814741 4.071464
v -7.836861 2.580588 4.069943
v -7.836861 2.580590 4.078201
v -7.836861 2.580590 4.078201
v -7.836863 -1.814738 4.079722
v -7.836863 -1.814741 4.071464
v 8.197943 -1.793391 4.071454
v 0.137352 -1.794803 -0.024049
v 8.197942 -1.794808 -0.024050
v 8.197943 -1.793391 4.071454
v 0.137352 -1.793387 4.071455
v 0.137352 -1.794803 -0.024049
v -4.211079 -1.814739 4.079721
v 0.137352 -1.794803 -0.024049
v 0.137352 -1.793387 4.071455
v -4.206329 -1.802786 3.709099
v 0.137352 -1.794803 -0.024049
v -4.211079 -1.814739 4.079721
v 0.137352 -1.794803 -0.024049
v -4.206329 -1.802786 3.709099
v -4.205240 -1.801056 -0.024045
v -4.809652 -0.569901 -0.024471
v -4.205239 -0.569901 -0.024471
v -4.208514 -0.577555 3.685184
v -4.809652 -0.569901 -0.024471
v -4.208514 -0.577555 3.685184
v -4.806303 -0.564688 2.858503
v -4.803813 -0.568619 3.686820
v -4.806303 -0.564688 2.858503
v -4.208514 -0.577555 3.685184
v -6.736325 -0.564687 2.858503
v -4.806303 -0.564688 2.858503
v -4.803813 -0.568619 3.686820
v -6.736325 -0.564687 2.858503
v -4.803813 -0.568619 3.686820
v -6.819412 -0.568618 3.686820
v -7.629143 -0.568618 3.686820
v -6.736325 -0.564687 2.858503
v -6.819412 -0.568618 3.686820
v -6.732975 -0.569900 -0.024472
v -6.736325 -0.564687 2.858503
v -7.629143 -0.568618 3.686820
v -6.732975 -0.569900 -0.024472
v -7.629143 -0.568618 3.686820
v -7.629144 -0.563643 -0.024473
v -8.106856 2.600531 -0.025566
v -7.629144 2.600531 -0.025566
v -7.629142 2.600719 3.688952
v -8.106856 2.600531 -0.025566
v -7.629142 2.600719 3.688952
v -8.106855 2.601947 4.069937
v -8.106855 2.601947 4.069937
v -7.629142 2.600719 3.688952
v -4.211076 2.595556 3.685727
v -8.106855 2.601947 4.069937
v -4.211076 2.595556 3.685727
v -4.211076 2.595690 4.075778
v -4.211076 2.595690 4.075778
v -4.211076 2.595556 3.685727
v -2.493749 2.592783 3.686799
v -4.211076 2.595690 4.075778
v -2.493749 2.592783 3.686799
v -2.493749 2.592917 4.074707
v -2.493731 -1.827442 3.709336
v -2.493751 -1.827073 4.076235
v -2.492719 -0.584056 3.686786
v -2.492719 -0.584056 3.686786
v -2.493751 -1.827073 4.076235
v -2.493749 2.592917 4.074707
v -2.492719 -0.584056 3.686786
v -2.493749 2.592917 4.074707
v -2.493749 2.592783 3.686799
v -7.629143 -0.568618 3.686820
v -4.211076 2.595556 3.685727
v -7.629142 2.600719 3.688952
v -7.629143 -0.568618 3.686820
v -6.819412 -0.568618 3.686820
v -4.211076 2.595556 3.685727
v -6.819412 -0.568618 3.686820
v -4.803813 -0.568619 3.686820
v -4.211076 2.595556 3.685727
v -4.803813 -0.568619 3.686820
v -4.208514 -0.577555 3.685184
v -4.211076 2.595556 3.685727
v -4.211076 2.595556 3.685727
v -4.208514 -0.577555 3.685184
v -2.492719 -0.584056 3.686786
v -4.211076 2.595556 3.685727
v -2.492719 -0.584056 3.686786
v -2.493749 2.592783 3.686799
v -4.208514 -0.577555 3.685184
v -2.493731 -1.827442 3.709336
v -2.492719 -0.584056 3.686786
v -4.208514 -0.577555 3.685184
v -4.206329 -1.802786 3.709099
v -2.493731 -1.827442 3.709336
v -4.809652 -0.569901 -0.024471
v -4.809654 -3.398076 2.856132
v -4.812073 -3.399072 -0.023495
v -4.809652 -0.569901 -0.024471
v -4.806303 -0.564688 2.858503
v -4.809654 -3.398076 2.856132
v -4.806303 -0.564688 2.858503
v -6.732977 -3.398075 2.856132
v -4.809654 -3.398076 2.856132
v -4.806303 -0.564688 2.858503
v -6.736325 -0.564687 2.858503
v -6.732977 -3.398075 2.856132
v -6.736325 -0.564687 2.858503
v -6.730559 -3.399071 -0.023494
v -6.732977 -3.398075 2.856132
v -6.736325 -0.564687 2.858503
v -6.732975 -0.569900 -0.024472
v -6.730559 -3.399071 -0.023494
v -4.208514 -0.577555 3.685184
v -4.205240 -1.801056 -0.024045
v -4.206329 -1.802786 3.709099
v -4.208514 -0.577555 3.685184
v -4.205239 -0.569901 -0.024471
v -4.205240 -1.801056 -0.024045
v -4.206329 -1.802786 3.709099
v -2.493751 -1.827073 4.076235
v -2.493731 -1.827442 3.709336
v -4.206329 -1.802786 3.709099
v -4.211079 -1.814739 4.079721
v -2.493751 -1.827073 4.076235
v -4.211079 -1.814739 4.079721
v -2.493749 2.592917 4.074707
v -2.493751 -1.827073 4.076235
v -4.211079 -1.814739 4.079721
v -4.211076 2.595690 4.075778
v -2.493749 2.592917 4.074707
v -4.211076 2.595690 4.075778
v -4.211079 -1.814739 4.079721
v -7.836863 -1.814738 4.079722
v -4.211076 2.595690 4.075778
v -7.836863 -1.814738 4.079722
v -7.836861 2.580590 4.078201
v 8.197942 -1.816166 -0.024043
v 0.137352 -1.816162 -0.024041
v 8.197943 -1.814750 4.071462
v 0.137352 -1.816162 -0.024041
v 0.137352 -1.814745 4.071463
v 8.197943 -1.814750 4.071462
v 0.137352 -1.814745 4.071463
v 0.137352 -1.816162 -0.024041
v -4.211079 -1.814742 4.071463
v -4.211079 -1.814742 4.071463
v 0.137352 -1.816162 -0.024041
v -4.211079 -1.814866 3.713983
v -4.211079 -1.816159 -0.024040
v -4.211079 -1.814866 3.713983
v 0.137352 -1.816162 -0.024041
v -4.211077 -0.583719 3.692664
v -4.211078 -0.585003 -0.024467
v -4.803813 -0.585003 -0.024467
v -4.803813 -0.584007 2.860999
v -4.211077 -0.583719 3.692664
v -4.803813 -0.585003 -0.024467
v -4.211077 -0.583719 3.692664
v -4.803813 -0.584007 2.860999
v -4.803813 -0.583719 3.692664
v -4.803813 -0.583719 3.692664
v -4.803813 -0.584007 2.860999
v -6.738815 -0.584006 2.860999
v -6.819412 -0.583718 3.692664
v -4.803813 -0.583719 3.692664
v -6.738815 -0.584006 2.860999
v -6.819412 -0.583718 3.692664
v -6.738815 -0.584006 2.860999
v -7.629143 -0.583718 3.692664
v -7.629143 -0.583718 3.692664
v -6.738815 -0.584006 2.860999
v -6.738815 -0.585002 -0.024466
v -7.629144 -0.585002 -0.024466
v -7.629143 -0.583718 3.692664
v -6.738815 -0.585002 -0.024466
v -7.629142 2.580457 3.691571
v -7.629144 2.579174 -0.025559
v -8.106856 2.579173 -0.025559
v -8.106855 2.580589 4.069943
v -7.629142 2.580457 3.691571
v -8.106856 2.579173 -0.025559
v -4.211076 2.580455 3.691571
v -7.629142 2.580457 3.691571
v -8.106855 2.580589 4.069943
v -4.211076 2.580585 4.069944
v -4.211076 2.580455 3.691571
v -8.106855 2.580589 4.069943
v -2.498517 2.580454 3.691571
v -4.211076 2.580455 3.691571
v -4.211076 2.580585 4.069944
v -2.498517 2.580585 4.069943
v -2.498517 2.580454 3.691571
v -4.211076 2.580585 4.069944
v -2.498518 -0.583720 3.692663
v -2.498518 -1.814743 4.071463
v -2.498518 -1.814867 3.713984
v -2.498517 2.580585 4.069943
v -2.498518 -1.814743 4.071463
v -2.498518 -0.583720 3.692663
v -2.498517 2.580454 3.691571
v -2.498517 2.580585 4.069943
v -2.498518 -0.583720 3.692663
v -7.629142 2.580457 3.691571
v -4.211076 2.580455 3.691571
v -7.629143 -0.583718 3.692664
v -4.211076 2.580455 3.691571
v -6.819412 -0.583718 3.692664
v -7.629143 -0.583718 3.692664
v -4.211076 2.580455 3.691571
v -4.803813 -0.583719 3.692664
v -6.819412 -0.583718 3.692664
v -4.211076 2.580455 3.691571
v -4.211077 -0.583719 3.692664
v -4.803813 -0.583719 3.692664
v -2.498518 -0.583720 3.692663
v -4.211077 -0.583719 3.692664
v -4.211076 2.580455 3.691571
v -2.498517 2.580454 3.691571
v -2.498518 -0.583720 3.692663
v -4.211076 2.580455 3.691571
v -2.498518 -0.583720 3.692663
v -2.498518 -1.814867 3.713984
v -4.211077 -0.583719 3.692664
v -2.498518 -1.814867 3.713984
v -4.211079 -1.814866 3.713983
v -4.211077 -0.583719 3.692664
v -4.803815 -3.399072 -0.023495
v -4.803814 -3.398073 2.861971
v -4.803813 -0.585003 -0.024467
v -4.803814 -3.398073 2.861971
v -4.803813 -0.584007 2.860999
v -4.803813 -0.585003 -0.024467
v -4.803814 -3.398073 2.861971
v -6.738817 -3.398072 2.861972
v -4.803813 -0.584007 2.860999
v -6.738817 -3.398072 2.861972
v -6.738815 -0.584006 2.860999
v -4.803813 -0.584007 2.860999
v -6.738817 -3.398072 2.861972
v -6.738817 -3.399071 -0.023494
v -6.738815 -0.584006 2.860999
v -6.738817 -3.399071 -0.023494
v -6.738815 -0.585002 -0.024466
v -6.738815 -0.584006 2.860999
v -4.211079 -1.814866 3.713983
v -4.211079 -1.816159 -0.024040
v -4.211077 -0.583719 3.692664
v -4.211079 -1.816159 -0.024040
v -4.211078 -0.585003 -0.024467
v -4.211077 -0.583719 3.692664
v -2.498518 -1.814867 3.713984
v -2.498518 -1.814743 4.071463
v -4.211079 -1.814866 3.713983
v -2.498518 -1.814743 4.071463
v -4.211079 -1.814742 4.071463
v -4.211079 -1.814866 3.713983
v -2.498518 -1.814743 4.071463
v -2.498517 2.580585 4.069943
v -4.211079 -1.814742 4.071463
v -2.498517 2.580585 4.069943
v -4.211076 2.580585 4.069944
v -4.211079 -1.814742 4.071463
v -7.836863 -1.814741 4.071464
v -4.211079 -1.814742 4.071463
v -4.211076 2.580585 4.069944
v -7.836861 2.580588 4.069943
v -7.836863 -1.814741 4.071464
v -4.211076 2.580585 4.069944
v 0.137352 -1.816162 -0.024041
v 8.197942 -1.816166 -0.024043
v 8.197942 -1.794808 -0.024050
v 8.197942 -1.794808 -0.024050
v 0.137352 -1.794803 -0.024049
v 0.137352 -1.816162 -0.024041
v -4.211079 -1.816159 -0.024040
v 0.137352 -1.816162 -0.024041
v 0.137352 -1.794803 -0.024049
v 0.137352 -1.794803 -0.024049
v -4.205240 -1.801056 -0.024045
v -4.211079 -1.816159 -0.024040
v 8.197943 -1.793391 4.071454
v 8.197942 -1.794808 -0.024050
v 8.197942 -1.816166 -0.024043
v 8.197942 -1.816166 -0.024043
v 8.197943 -1.814750 4.071462
v 8.197943 -1.793391 4.071454
v 0.137352 -1.793387 4.071455
v 8.197943 -1.793391 4.071454
v 8.197943 -1.814750 4.071462
v 8.197943 -1.814750 4.071462
v 0.137352 -1.814745 4.071463
v 0.137352 -1.793387 4.071455
v -4.211079 -1.814739 4.079721
v 0.137352 -1.793387 4.071455
v 0.137352 -1.814745 4.071463
v -4.205239 -0.569901 -0.024471
v -4.809652 -0.569901 -0.024471
v -4.803813 -0.585003 -0.024467
v -4.803813 -0.585003 -0.024467
v -4.211078 -0.585003 -0.024467
v -4.205239 -0.569901 -0.024471
v -7.629144 -0.563643 -0.024473
v -7.629143 -0.568618 3.686820
v -7.629143 -0.583718 3.692664
v -7.629143 -0.583718 3.692664
v -7.629144 -0.585002 -0.024466
v -7.629144 -0.563643 -0.024473
v -6.732975 -0.569900 -0.024472
v -7.629144 -0.563643 -0.024473
v -7.629144 -0.585002 -0.024466
v -7.629144 -0.585002 -0.024466
v -6.738815 -0.585002 -0.024466
v -6.732975 -0.569900 -0.024472
v -7.629144 2.600531 -0.025566
v -8.106856 2.600531 -0.025566
v -8.106856 2.579173 -0.025559
v -8.106856 2.579173 -0.025559
v -7.629144 2.579174 -0.025559
v -7.629144 2.600531 -0.025566
v -7.629142 2.600719 3.688952
v -7.629144 2.600531 -0.025566
v -7.629144 2.579174 -0.025559
v -7.629144 2.579174 -0.025559
v -7.629142 2.580457 3.691571
v -7.629142 2.600719 3.688952
v -8.106856 2.600531 -0.025566
v -8.106855 2.601947 4.069937
v -8.106855 2.580589 4.069943
v -8.106855 2.580589 4.069943
v -8.106856 2.579173 -0.025559
v -8.106856 2.600531 -0.025566
v -8.106855 2.601947 4.069937
v -4.211076 2.595690 4.075778
v -4.211076 2.580585 4.069944
v -4.211076 2.580585 4.069944
v -8.106855 2.580589 4.069943
v -8.106855 2.601947 4.069937
v -7.629143 -0.568618 3.686820
v -7.629142 2.600719 3.688952
v -7.629142 2.580457 3.691571
v -7.629142 2.580457 3.691571
v -7.629143 -0.583718 3.692664
v -7.629143 -0.568618 3.686820
v -4.812073 -3.399072 -0.023495
v -4.809654 -3.398076 2.856132
v -4.803814 -3.398073 2.861971
v -4.803814 -3.398073 2.861971
v -4.803815 -3.399072 -0.023495
v -4.812073 -3.399072 -0.023495
v -4.809652 -0.569901 -0.024471
v -4.812073 -3.399072 -0.023495
v -4.803815 -3.399072 -0.023495
v -4.803815 -3.399072 -0.023495
v -4.803813 -0.585003 -0.024467
v -4.809652 -0.569901 -0.024471
v -4.809654 -3.398076 2.856132
v -6.732977 -3.398075 2.856132
v -6.738817 -3.398072 2.861972
v -6.738817 -3.398072 2.861972
v -4.803814 -3.398073 2.861971
v -4.809654 -3.398076 2.856132
v -6.732977 -3.398075 2.856132
v -6.730559 -3.399071 -0.023494
v -6.738817 -3.399071 -0.023494
v -6.738817 -3.399071 -0.023494
v -6.738817 -3.398072 2.861972
v -6.732977 -3.398075 2.856132
v -6.730559 -3.399071 -0.023494
v -6.732975 -0.569900 -0.024472
v -6.738815 -0.585002 -0.024466
v -6.738815 -0.585002 -0.024466
v -6.738817 -3.399071 -0.023494
v -6.730559 -3.399071 -0.023494
v -4.205240 -1.801056 -0.024045
v -4.205239 -0.569901 -0.024471
v -4.211078 -0.585003 -0.024467
v -4.211078 -0.585003 -0.024467
v -4.211079 -1.816159 -0.024040
v -4.205240 -1.801056 -0.024045
v -7.836863 -1.814738 4.079722
v -4.211079 -1.814739 4.079721
v -4.211079 -1.814742 4.071463
v -4.211079 -1.814742 4.071463
v -7.836863 -1.814741 4.071464
v -7.836863 -1.814738 4.079722
vn 0.1479 0.9872 -0.0593
vn -0.7429 0.6694 -0.0035
vn 0.7051 0.3555 0.6135
vn 0.6713 -0.5577 -0.4881
vn 0.7032 -0.5844 -0.4049
vn -0.5774 0.5779 -0.5767
vn 0.4875 0.8731 0.0014
vn 0.4875 0.8731 0.0009
vn -0.5780 0.5766 0.5774
vn 0.0005 0.8736 -0.4866
vn -0.5767 0.5779 -0.5775
vn -0.5773 0.5766 0.5781
vn 0.6712 -0.5589 0.4869
vn -0.5775 0.5766 0.5779
vn 0.7032 -0.5852 0.4037
vn -0.5775 0.5760 0.5785
vn -0.5775 0.5777 -0.5769
vn -0.9147 -0.0012 0.4042
vn -0.5775 0.5783 -0.5763
vn -0.9145 -0.4045 -0.0007
vn -0.9145 -0.4045 -0.0004
vn -0.0000 0.0011 -1.0000
vn 1.0000 0.0004 -0.0000
vn -0.0000 1.0000 -0.0000
vn -1.0000 -0.0004 -0.0000
vn -0.0000 -1.0000 -0.0000
vn -0.0036 -0.0011 1.0000
vn -0.0037 -0.0011 1.0000
vn 0.0043 -1.0000 -0.0000
vn -0.0000 -0.0011 1.0000
vn 1.0000 -0.0009 -0.0000
vn -0.8944 0.4472 -0.0000
vn -0.4472 0.8944 -0.0000
vn -0.0000 -0.0000 -1.0000
vn 1.0000 -0.0000 -0.0000
vn -0.0000 -0.0000 1.0000
vn -1.0000 -0.0000 -0.0000
vn 0.0005 -1.0000 -0.0000
vn -0.0005 1.0000 -0.0000
vn 0.0036 0.0011 -1.0000
vn 0.0037 0.0011 -1.0000
vn 0.5923 0.5244 0.6116
vn 0.5755 -0.5794 0.5772
vn 0.5836 0.5868 -0.5614
vn 0.5548 0.6134 -0.5620
vn 0.6008 -0.5942 0.5348
vn 0.5753 -0.5426 -0.6120
vn 0.6297 0.5679 0.5300
vn -0.5856 0.5880 -0.5580
vn 0.1071 0.6920 0.7139
vn 0.5006 0.5923 -0.6313
vn -0.7026 0.7045 0.1001
vn -0.0014 0.6995 0.7146
vn -0.4609 0.7076 0.5356
vn -0.0010 0.7124 -0.7017
vn -0.5404 0.7065 -0.4570
vn 0.5346 0.7091 0.4598
vn 0.4560 0.7079 -0.5394
vn 0.3439 0.8887 0.3032
vn 0.5087 0.5981 0.6193
vn 0.0082 0.6944 -0.7196
vn -0.3370 0.8999 0.2768
vn 0.6208 0.5595 -0.5491
vn -0.2751 0.8869 -0.3712
vn -0.7135 0.6996 -0.0376
vn 0.7042 0.7045 0.0881
vn 0.3082 0.9094 0.2794
vn -0.1022 0.8920 0.4403
vn 0.0980 0.6659 -0.7396
vn -0.4618 0.8749 -0.1461
vn -0.7042 0.7088 -0.0417
vn -0.6563 0.6670 -0.3527
vn 0.5861 0.7275 0.3567
vn 0.4687 0.8834 0.0068
vn 0.3435 0.6494 -0.6785
vn -0.5869 0.5969 0.5471
vn 0.3745 0.6753 -0.6354
vn 0.7082 0.0307 0.7054
vn 0.7003 0.0244 0.7134
vn -0.0029 -0.6908 0.7230
vn -0.0067 0.7426 0.6697
vn -0.7091 0.0313 0.7044
vn -0.7073 0.0326 0.7061
vn 0.7072 0.0184 0.7067
vn 0.7091 0.0300 0.7045
vn -0.5929 -0.5422 0.5954
vn 0.5779 0.6043 0.5485
vn -0.7004 0.0251 0.7133
vn -0.7081 0.0151 0.7059
vn 0.5785 -0.5652 0.5881
vn 0.5845 0.5748 0.5727
vn -0.0013 -0.6954 0.7186
vn 0.7064 0.7067 -0.0395
vn 0.5621 0.5961 0.5734
vn 0.5765 -0.5527 0.6018
vn 0.7205 -0.0452 -0.6919
vn 0.7192 0.0035 -0.6947
vn 0.5634 -0.5619 0.6057
vn 0.6329 -0.6029 -0.4856
vn -0.7064 -0.7075 0.0185
vn -0.2775 -0.9196 -0.2781
vn 0.5022 -0.5656 0.6541
vn -0.3020 -0.9086 0.2884
vn 0.0273 -0.7205 -0.6929
vn 0.7058 0.7079 -0.0279
vn 0.7058 0.0003 0.7084
vn 0.7071 0.0066 0.7071
vn 0.7068 -0.0204 -0.7071
vn 0.7016 0.0075 -0.7125
vn 0.7068 -0.7074 -0.0077
vn -0.4514 -0.7077 0.5436
vn -0.5308 -0.7213 -0.4450
vn 0.0272 -0.7067 -0.7070
vn 0.5446 -0.7062 0.4524
vn 0.2842 -0.9189 0.2735
vn 0.4460 -0.7199 -0.5319
vn 0.5707 0.5800 -0.5813
vn 0.7144 0.0069 0.6997
vn 0.7198 -0.0046 0.6942
vn 0.5031 -0.5662 -0.6529
vn 0.0005 -0.7198 0.6942
vn -0.6895 -0.7225 0.0516
vn 0.5724 -0.5697 -0.5897
vn 0.5700 0.5821 -0.5798
vn 0.7029 -0.7112 -0.0135
vn -0.5861 0.5847 -0.5609
vn 0.5808 0.5807 -0.5705
vn 0.5821 -0.5575 -0.5919
vn 0.6316 -0.5905 0.5024
vn 0.0812 -0.7350 0.6732
vn -0.5817 -0.5661 -0.5841
vn -0.5734 -0.5764 -0.5822
vn -0.5747 0.5969 -0.5598
vn 0.5726 -0.5641 -0.5949
vn -0.6936 0.7191 0.0430
vn -0.5829 0.6080 -0.5390
vn -0.5836 -0.5735 -0.5750
vn -0.6740 -0.0184 0.7385
vn -0.6880 -0.0372 0.7248
vn -0.5827 -0.5548 -0.5939
vn -0.2746 0.9197 -0.2807
vn -0.7070 0.0034 -0.7072
vn -0.6931 0.0070 -0.7208
vn -0.2735 0.3007 0.9137
vn -0.3034 -0.3257 0.8955
vn -0.7065 -0.7077 0.0032
vn 0.6999 -0.7033 0.1245
vn -0.0963 -0.8629 0.4961
vn 0.3090 -0.8993 0.3096
vn -0.0357 0.8738 -0.4850
vn 0.8964 -0.3078 -0.3188
vn 0.9128 0.2670 -0.3092
vn -0.8819 -0.0501 -0.4687
vn -0.8737 0.0209 -0.4861
vn -0.3006 -0.9064 -0.2969
vn 0.0871 -0.7404 -0.6665
vn -0.7077 -0.7065 0.0109
vn -0.4710 -0.8793 -0.0706
vn -0.6022 -0.7500 -0.2736
vn 0.4849 -0.8709 0.0806
vn 0.5958 -0.6874 0.4153
vn 0.3096 -0.7658 -0.5636
vn 0.3753 -0.7388 -0.5597
vn -0.5847 -0.5452 0.6007
vn -0.5883 0.5865 0.5566
vn -0.7154 0.0454 -0.6972
vn -0.6596 -0.0735 -0.7480
vn 0.0122 0.7440 0.6681
vn -0.5634 0.6195 0.5467
vn -0.5733 -0.5574 0.6006
vn -0.5850 -0.5684 0.5786
vn -0.5858 0.6129 0.5303
vn -0.7289 -0.6831 -0.0451
vn -0.0043 1.0000 -0.0000
vn 0.1103 0.5987 -0.7933
vn -0.6112 0.6889 0.3897
vn 0.0238 0.6699 0.7421
vn 0.7993 0.5786 0.1626
vn -0.5855 0.5867 -0.5594
vn 0.3927 0.6863 0.6122
vn -0.5492 -0.5842 0.5976
vn -0.6504 0.0144 0.7594
vn -0.6026 0.5708 -0.5577
vn -0.6012 -0.5470 -0.5826
vn -0.6793 -0.0212 0.7335
vn -0.6825 0.7302 -0.0327
vn -1.0000 0.0009 -0.0000
vn -0.6880 -0.7218 -0.0749
vn -0.6057 0.5677 0.5575
vn -0.6476 0.0569 -0.7598
vn -0.6768 0.0074 -0.7362
vn -0.6026 -0.5527 0.5756
vn -0.5840 0.5971 -0.5499
vn 0.5599 0.5844 0.5873
vn 0.5874 -0.5415 0.6014
vn 0.5910 -0.5723 -0.5685
vn 0.5830 0.5645 -0.5844
vn 0.5880 0.5528 0.5904
vn 0.5637 -0.5624 -0.6049
vn 0.6042 -0.6099 0.5127
vn -0.5549 -0.5920 0.5845
vn -0.5585 -0.5822 -0.5909
vn 0.5758 -0.5888 -0.5673
vn 0.5359 -0.5856 0.6082
vn -0.5850 -0.6139 -0.5301
vn -0.6005 -0.5640 -0.5668
vn 0.5288 -0.5785 -0.6210
vn 0.5810 -0.5880 0.5627
vn -0.5466 -0.5848 0.5993
vn -0.5687 -0.5759 -0.5873
vn 0.5832 -0.5790 0.5698
vn -0.2938 -0.9027 -0.3144
vn 0.2386 -0.8023 0.5472
vn -0.6511 -0.3982 0.6462
vn -0.8728 -0.1069 -0.4762
vn 0.5548 -0.8302 -0.0534
vn 0.8053 -0.5401 0.2445
vn 0.0077 0.8095 -0.5870
vn 0.2098 0.0852 -0.9740
vn 0.8033 0.5437 0.2430
vn 0.5876 -0.0115 0.8091
vn -0.8664 0.2946 0.4033
vn -0.6338 0.3921 0.6667
vn -0.3065 -0.3010 -0.9030
vn 0.7310 -0.1697 -0.6609
vn -0.1980 -0.8147 -0.5450
vn 0.0009 0.4278 -0.9039
vn 0.1925 -0.8163 -0.5446
vn -0.0019 0.8176 -0.5757
vn 0.1771 0.7311 -0.6589
vn -0.4268 0.0001 -0.9044
vn -0.8170 0.0030 -0.5766
vn 0.1686 -0.7331 -0.6589
vn -0.5810 -0.5744 -0.5766
vn 0.8192 0.1926 -0.5401
vn 0.7196 -0.2928 0.6296
vn 0.3184 0.7731 0.5486
vn -0.3187 -0.7743 0.5467
vn -0.7169 -0.3027 0.6281
vn 0.7166 0.2954 0.6318
vn -0.3234 0.7705 0.5493
vn 0.8232 -0.0675 0.5637
vn -0.6808 0.4142 0.6042
vn -0.6925 0.3549 0.6281
vn -0.0507 -0.1548 0.9866
vn 0.6905 0.2182 0.6896
vn 0.6808 0.1772 0.7107
vn -0.5954 0.5292 0.6045
vn -0.6419 0.4816 0.5967
vn 0.0172 0.6970 0.7168
vn -0.3801 -0.3096 0.8716
vn 0.6155 -0.2319 0.7532
vn 0.5994 -0.2269 0.7676
vn -0.1852 0.7235 0.6650
vn -0.6297 -0.3421 0.6974
vn 0.0216 0.5862 0.8098
vn 0.8944 -0.4472 -0.0000
vn 0.4472 -0.8944 -0.0000
vn 0.7345 -0.1675 0.6576
vn 0.5762 0.5801 0.5758
vn -0.1901 -0.8195 0.5407
vn -0.7331 -0.1796 0.6560
vn 0.0005 0.4249 0.9053
vn -0.0043 0.8153 0.5791
vn -0.4258 -0.0014 0.9048
vn 0.8191 -0.1911 0.5408
vn -0.8159 0.0034 0.5782
vn 0.3002 0.3020 0.9048
vn 0.1728 -0.7323 0.6587
vn 0.8177 0.1970 0.5408
vn -0.4974 -0.8658 0.0540
vn 0.5177 -0.1792 0.8366
vn -0.2134 -0.1343 0.9677
vn -0.2605 -0.0552 0.9639
vn 0.6014 -0.7174 0.3516
vn 0.8822 -0.3219 0.3437
vn -0.0000 -1.0000 -0.0011
vn -0.0004 1.0000 -0.0000
vn -0.0000 1.0000 0.0011
vn -0.0001 0.0001 -1.0000
vn 0.4473 0.8944 -0.0000
vn -0.0000 -0.0001 1.0000
vn -0.8944 -0.4473 -0.0000
vn -0.8944 -0.4472 -0.0000
vn -0.0000 1.0000 -0.0001
vn -1.0000 -0.0005 -0.0000
vn 0.0005 -1.0000 -0.0011
vn -1.0000 -0.0004 -0.0002
vn -1.0000 -0.0004 0.0001
vn -1.0000 -0.0006 -0.0000
vn -1.0000 -0.0009 -0.0000
vn -1.0000 -0.0006 -0.0003
vn -1.0000 -0.0006 0.0003
vn -0.0005 1.0000 0.0011
vn -0.0003 1.0000 -0.0000
vn -0.0002 1.0000 -0.0000
vn 0.0004 -1.0000 -0.0000
vn 0.0050 -1.0000 -0.0010
vn 0.0050 -1.0000 -0.0011
vn -1.0000 -0.0004 -0.0037
vn 1.0000 0.0043 -0.0000
vn 1.0000 0.0024 -0.0000
vn 1.0000 0.0029 0.0005
vn 1.0000 0.0029 -0.0006
vn 0.0003 1.0000 -0.0000
vn 0.0009 1.0000 -0.0000
vn 0.0003 -1.0000 -0.0000
vn 1.0000 0.0004 -0.0001
vn -0.4473 -0.8944 -0.0000
vn 0.8944 0.4472 -0.0000
vn 0.8945 0.4471 -0.0000
vn -0.0000 -1.0000 -0.0002
vn 1.0000 0.0005 -0.0000
vn 1.0000 0.0005 -0.0003
vn 1.0000 0.0004 0.0002
vn 1.0000 0.0004 0.0003
vn 1.0000 0.0004 -0.0003
vn -0.0000 -1.0000 -0.0010
vn 0.0002 -1.0000 -0.0000
vn 1.0000 0.0004 0.0038
vn 1.0000 0.0004 0.0037
vn -0.6605 -0.0519 0.7490
vn -0.6900 0.0157 0.7236
vn -0.5835 -0.5532 -0.5946
vn -0.6860 0.7231 0.0807
vn -0.5863 0.6114 -0.5315
vn -0.5809 -0.5809 -0.5703
vn -0.5589 -0.5852 -0.5874
vn -0.5693 0.6046 -0.5571
vn 0.5797 -0.5570 -0.5947
vn 0.8029 -0.5809 0.1338
vn 0.3797 -0.7401 0.5551
vn -0.5831 -0.5632 -0.5855
vn -0.5918 0.5793 -0.5605
vn 0.5792 0.5858 -0.5669
vn 0.5896 -0.5478 -0.5936
vn 0.1166 -0.5608 -0.8197
vn 0.0291 -0.7298 0.6831
vn -0.5821 -0.7376 0.3424
vn 0.5732 -0.5572 -0.6008
vn 0.5688 0.5790 -0.5842
vn 0.7296 -0.6838 0.0006
vn 0.5685 0.5860 -0.5774
vn 0.7462 0.0336 0.6649
vn 0.7208 -0.0306 0.6925
vn -0.0004 -1.0000 -0.0000
vn -0.0008 -1.0000 -0.0000
vn -0.0001 0.0001 1.0000
vn -0.0000 -0.0001 -1.0000
vn -1.0000 -0.0000 0.0001
vn -1.0000 -0.0000 -0.0001
vn -0.0005 1.0000 0.0010
vn 0.0050 1.0000 0.0011
vn -1.0000 -0.0029 0.0006
vn -1.0000 -0.0029 -0.0005
vn -1.0000 -0.0024 -0.0000
vn -1.0000 -0.0040 -0.0000
vn -1.0000 -0.0040 -0.0003
vn 0.0387 -0.7128 0.7003
vn -0.0156 -0.7333 0.6797
vn 0.5688 -0.5551 -0.6069
vn -0.7135 -0.6999 0.0334
vn -0.5979 -0.5544 -0.5789
vn 0.5696 -0.5600 -0.6017
vn 0.5692 -0.5526 -0.6088
vn 0.7358 0.6767 -0.0246
vn 0.7264 -0.0221 0.6869
vn 0.5497 -0.5797 -0.6015
vn -0.5663 -0.5893 -0.5763
vn 0.5800 0.5953 -0.5561
vn 0.6189 -0.5886 0.5201
vn 0.5618 0.5897 -0.5803
vn 0.7642 0.0191 0.6447
vn -0.6193 -0.5610 -0.5493
vn -0.6189 0.5770 -0.5330
vn 0.5391 0.5880 -0.6030
vn -0.6022 0.5663 -0.5627
vn -0.0475 0.7155 0.6970
vn 0.0689 0.6627 0.7457
vn 0.5729 0.5663 -0.5926
vn -0.5954 0.5943 -0.5407
vn 0.6847 0.7274 0.0459
vn 0.0886 0.6594 -0.7466
vn -0.0382 0.7149 -0.6982
vn 0.5386 0.5709 0.6196
vn -0.7297 0.6735 -0.1181
vn -0.6291 0.5708 0.5276
vn 0.5385 0.5877 0.6039
vn 0.7127 -0.7008 0.0315
vn 0.7676 0.0562 -0.6385
vn 0.5604 0.5379 0.6298
vn 0.5620 0.5880 0.5817
vn -0.5982 0.5785 0.5545
vn 0.5477 -0.5772 0.6057
vn 0.7272 0.0086 -0.6863
vn 0.5845 0.6135 -0.5311
vn 0.5699 -0.5821 0.5799
vn -0.5850 0.5873 0.5593
vn -0.5875 -0.5918 0.5519
vn 0.5459 -0.5813 0.6034
vn -0.5820 -0.5573 0.5922
vn -0.0319 -0.7360 -0.6763
vn 0.0308 -0.7133 -0.7001
vn 0.5812 -0.5580 0.5924
vn -0.5634 -0.5763 0.5920
vn 0.6911 -0.7226 -0.0110
vn -0.0000 -1.0000 0.0002
vn -0.9046 -0.3021 -0.3007
vn -0.9044 -0.3024 0.3012
vn 0.1735 -0.7327 0.6581
vn 0.7339 -0.1702 -0.6576
vn 0.3008 0.9044 0.3026
vn 0.3013 0.9047 -0.3012
vn 0.7323 -0.6597 0.1689
vn 0.7311 -0.6588 -0.1774
vn 0.3059 -0.3029 0.9026
vn -0.2217 -0.8722 -0.4360
vn 0.9375 0.2390 -0.2531
vn 0.9491 0.2632 0.1731
vn -0.2977 -0.3019 0.9056
vn -0.1940 -0.8186 0.5406
vn 0.7323 -0.1754 0.6580
vn -0.0204 -0.4767 0.8788
vn -0.0710 -0.5733 -0.8162
vn 0.7686 -0.1035 0.6314
vn -0.5809 0.5786 -0.5726
vn -0.1929 -0.5434 -0.8170
vn -0.1923 -0.5424 0.8178
vn 0.0003 0.4258 0.9048
vn -0.0021 0.8163 0.5776
vn 0.1908 -0.8191 0.5410
vn -0.5785 0.5744 0.5791
vn -0.5764 0.5759 -0.5797
vn -0.1924 -0.8178 0.5424
vn 0.3001 -0.3027 -0.9046
vn 0.6588 -0.7320 -0.1735
vn 0.6589 -0.7321 0.1728
vn 0.1771 0.7312 0.6587
vn -0.8169 0.0059 0.5767
vn -0.4268 -0.0012 0.9044
vn -0.2381 -0.9376 0.2533
vn -0.2620 -0.9495 -0.1729
vn 0.8735 0.2197 0.4344
vn 0.5405 0.1930 0.8189
vn 0.5406 0.1931 -0.8189
vn -0.5770 0.5789 0.5761
vn 0.8194 0.1929 -0.5397
vn -0.5748 0.5789 -0.5783
vn -0.5755 0.5768 0.5797
vn 0.1686 -0.7332 0.6588
vn 0.8189 0.1923 0.5408
vn -0.5830 -0.5722 0.5767
vn 0.1009 -0.7681 -0.6324
vn 0.4754 0.0206 -0.8795
vn 0.5706 0.0683 0.8184
vn 0.2443 -0.8645 -0.4394
vn 0.5864 0.0208 -0.8097
vn 0.2425 -0.4342 0.8676
vn 0.2380 0.4377 -0.8670
vn 0.2360 0.8688 0.4353
vn 0.5861 -0.0059 0.8102
vn 0.8128 -0.5825 0.0094
vn 0.5360 0.2455 0.8077
vn 0.2133 -0.0832 0.9734
vn 0.5836 0.0001 0.8121
vn -0.7452 -0.5980 0.2951
vn -0.5532 -0.4936 0.6711
vn 0.8076 -0.5368 -0.2441
vn 0.0107 -0.8103 0.5860
vn 0.1272 -0.9728 -0.1937
vn -0.0406 -0.9870 -0.1557
vn 0.2767 -0.0577 0.9592
vn -0.4706 0.2922 -0.8326
vn -0.9036 -0.4254 -0.0500
vn -0.4937 0.8409 -0.2218
vn 0.5828 0.0155 -0.8125
vn -0.3361 0.8291 -0.4467
vn 0.8091 0.5874 -0.0160
vn 0.5434 -0.2375 -0.8052
vn 0.2440 -0.8049 -0.5409
vn -0.7443 -0.6564 -0.1227
vn 0.0228 -0.3376 -0.9410
vn 0.1635 -0.2983 0.9404
vn -0.1581 0.9029 0.3997
vn -0.8705 0.3638 -0.3316
vn -0.3913 -0.2981 -0.8706
vn -0.9432 -0.0916 0.3193
vn 0.2836 0.9585 0.0293
vn -0.1125 -0.9304 0.3489
vn 0.2350 -0.0667 0.9697
vn -0.3612 0.5318 0.7660
vn -0.5349 0.7840 -0.3149
vn -0.7406 0.6133 0.2746
vn 0.2500 0.8006 -0.5445
vn -0.7750 -0.6146 -0.1473
vn 0.5381 -0.2417 0.8075
vn 0.8291 0.0600 0.5558
vn -0.2806 0.7743 -0.5673
vn 0.1756 0.9647 0.1964
vn 0.0652 -0.5575 -0.8276
vn 0.0602 0.6520 0.7558
vn 0.2381 -0.8056 0.5425
vn 0.0526 0.7549 -0.6538
vn 0.5169 0.8375 -0.1770
vn 0.8297 -0.0534 -0.5557
vn -0.8762 0.1065 0.4700
vn 0.8375 -0.1789 0.5164
vn -0.4118 -0.4377 0.7993
vn -0.9441 -0.2021 -0.2605
vn -0.0426 0.4385 0.8977
vn 0.5501 0.8326 0.0650
vn 0.1772 0.5177 -0.8370
vn 0.0602 -0.7578 0.6497
vn 0.0526 -0.6538 -0.7549
vn 0.8370 0.1773 -0.5177
vn -0.5774 0.5711 0.5835
vn -0.5862 -0.5657 0.5799
vn 0.6002 0.5839 0.5467
vn -0.5722 -0.5971 0.5622
vn 0.5747 -0.6101 0.5455
vn 0.5846 0.5672 0.5801
vn 0.5790 0.5936 0.5589
vn 0.5969 -0.5934 0.5400
vn 0.5538 0.5883 -0.5893
vn 0.5780 -0.5846 0.5694
vn 0.5512 -0.5655 -0.6135
vn 0.5713 0.5629 -0.5973
vn -0.6015 0.5995 -0.5280
vn 0.5960 0.5721 0.5634
vn 0.5191 0.5914 -0.6171
vn 0.5844 0.5785 -0.5690
vn 0.5904 -0.5406 -0.5993
vn -0.5847 0.5959 -0.5505
vn -0.5641 0.5938 -0.5738
vn -0.5852 -0.5702 -0.5765
vn -0.5659 0.5767 0.5893
vn -0.5653 -0.5732 -0.5932
vn -0.5671 -0.5891 0.5756
vn -0.5692 0.5836 0.5792
vn -0.5486 0.5794 0.6028
vn 0.6022 0.5904 0.5374
vn -0.5806 0.5839 -0.5675
vn 0.5719 -0.5910 -0.5688
vn -0.5739 -0.5873 -0.5708
vn -0.5799 0.5681 -0.5839
vn 0.5941 0.5564 -0.5809
vn 0.5771 -0.5869 -0.5678
vn -0.5895 0.5640 -0.5783
vn 0.5658 -0.5616 -0.6037
vn -0.5954 -0.5788 -0.5573
vn -0.5787 0.5776 -0.5758
vn -0.5633 0.6205 -0.5456
vn -0.5919 -0.5447 -0.5941
vn -0.5523 0.5599 0.6176
vn -0.5663 -0.5557 -0.6087
vn -0.5552 -0.6051 0.5706
vn -0.5760 0.5360 0.6172
vn 0.5987 0.5603 0.5723
vn -0.5966 0.5919 -0.5420
vn -0.5122 0.5848 0.6290
vn -0.5947 0.5684 0.5686
vn -0.5825 -0.5645 0.5849
vn 0.5709 0.5644 0.5962
vn 0.5433 0.5999 0.5872
vn 0.5674 -0.5236 0.6356
vn 0.5757 0.5545 -0.6010
vn 0.5424 -0.5603 0.6260
vn 0.5733 -0.6265 -0.5281
vn 0.5676 0.5858 -0.5786
vn 0.5662 0.5829 -0.5829
vn -0.6073 0.5640 -0.5596
vn 0.5775 0.5943 0.5597
vn -0.5774 -0.5629 0.5914
vn 0.5969 -0.5597 0.5748
vn 0.5832 0.5548 0.5933
vn -0.5782 0.5793 -0.5745
vn 0.5464 0.5957 -0.5887
vn -0.6066 -0.6079 -0.5124
vn 0.6106 0.5692 -0.5507
vn 0.6188 -0.5761 -0.5340
vn -0.5540 -0.5943 -0.5830
vn -0.5973 -0.5664 -0.5678
vn 0.5861 -0.6050 -0.5390
vn -0.5976 -0.5385 0.5940
vn 0.5949 -0.5650 -0.5717
vn 0.5689 -0.5356 0.6240
vn -0.5543 -0.5765 0.6004
vn -0.6129 0.5896 0.5261
vn -0.5818 -0.5992 -0.5500
vn -0.5934 -0.5185 0.6157
vn -0.5872 -0.5834 0.5610
vn 0.5263 -0.5976 0.6049
vn -0.6072 0.5905 0.5315
vn -0.5828 0.5453 0.6024
vn 0.5645 0.5900 0.5773
vn -0.5950 0.5590 -0.5775
vn 0.5915 0.5456 0.5937
vn 0.5889 0.5591 -0.5836
vn -0.6072 0.5658 -0.5578
vn -0.5913 0.5715 -0.5690
vn -0.6132 -0.6013 -0.5123
vn -0.5804 0.5826 0.5690
vn 0.6137 -0.5784 0.5374
vn 0.6020 0.5758 0.5532
vn -0.5346 0.5903 0.6047
vn -0.4686 -0.8319 -0.2973
vn -0.5694 -0.6573 0.4937
vn -0.1331 0.3303 -0.9344
vn -0.4479 -0.8577 0.2526
vn -0.5707 0.7526 0.3284
vn -0.8198 -0.3912 -0.4183
vn -0.2988 -0.3124 -0.9017
vn -0.9689 0.2416 0.0526
vn 0.5256 0.1807 -0.8313
vn -0.8977 -0.3056 -0.3174
vn 0.4690 0.1389 0.8722
vn 0.9332 0.3346 0.1312
vn -0.2497 -0.9213 -0.2982
vn -0.4103 0.8608 -0.3010
vn 0.1487 -0.8854 -0.4404
vn 0.4527 0.8668 0.2092
vn 0.2805 -0.3531 0.8925
vn -0.1850 -0.0291 -0.9823
vn 0.5480 0.2166 -0.8080
vn 0.7554 -0.3572 -0.5493
vn -0.2575 0.0548 -0.9647
vn 0.7245 0.0830 0.6843
vn -0.0620 -0.9662 0.2503
vn -0.2911 -0.8296 -0.4765
vn -0.4748 0.2966 0.8286
vn 0.3488 0.6145 -0.7077
vn -0.0762 -0.2006 -0.9767
vn 0.2108 -0.3310 0.9198
vn -0.1789 -0.9838 -0.0070
vn 0.3630 -0.7105 -0.6028
vn -0.3198 -0.5476 -0.7732
vn -0.3204 -0.5481 0.7726
vn -0.3228 0.7729 -0.5462
vn 0.7720 -0.2425 0.5875
vn -0.0890 -0.5429 0.8350
vn -0.1620 -0.6143 -0.7723
vn 0.9224 -0.0904 -0.3754
vn 0.9536 -0.0612 0.2948
vn -0.3653 -0.8163 -0.4475
vn -0.3206 -0.7737 0.5464
vn -0.3218 0.5472 0.7726
vn -0.3205 0.5479 -0.7727
vn 0.7177 -0.2941 -0.6312
vn -0.3212 -0.7714 -0.5494
vn 0.3153 0.7752 -0.5475
vn -0.0894 0.5428 -0.8351
vn -0.1634 0.6127 0.7732
vn 0.7707 0.2448 -0.5883
vn 0.7169 0.6318 -0.2948
vn 0.7159 0.6308 0.2993
vn 0.7184 -0.2980 -0.6286
vn 0.7187 0.2959 0.6292
vn 0.7169 -0.6306 0.2975
vn 0.7176 -0.6298 -0.2974
vn -0.7142 -0.2990 -0.6328
vn -0.3227 0.7726 -0.5468
vn 0.7167 0.2986 -0.6302
vn -0.3656 0.8161 0.4476
vn 0.9235 0.0901 0.3729
vn 0.9531 0.0601 -0.2965
vn -0.5802 0.5961 -0.5550
vn 0.5612 0.5846 -0.5859
vn -0.5746 -0.5481 -0.6078
vn 0.5704 0.5624 0.5986
vn 0.5951 0.5622 -0.5743
vn -0.5553 0.5799 -0.5962
vn -0.5982 0.5619 0.5713
vn 0.5565 0.5830 0.5920
vn -0.5747 0.5617 -0.5952
vn 0.5584 0.5808 -0.5924
vn 0.5305 -0.5924 -0.6064
vn -0.5738 -0.5809 -0.5773
vn -0.5804 0.5583 0.5928
vn -0.5965 0.5553 -0.5795
vn -0.5991 -0.5863 0.5453
vn -0.6094 -0.5559 -0.5654
vn 0.5560 -0.5468 -0.6260
vn -0.5502 -0.5709 0.6093
vn -0.5689 -0.5951 0.5676
vn 0.5892 -0.5806 0.5619
vn -0.5559 0.5809 0.5945
vn 0.5771 -0.5882 0.5666
vn 0.5831 0.5921 0.5562
vn -0.5635 0.5790 0.5892
vn -0.6176 0.5921 -0.5177
vn -0.5992 -0.5528 -0.5791
vn -0.5730 -0.5642 0.5944
vn 0.5518 -0.5530 -0.6243
vn 0.6237 -0.5676 0.5374
vn -0.5415 -0.5908 0.5981
vn -0.1929 -0.5433 -0.8171
vn -0.1924 -0.5424 0.8178
vn -0.5805 0.5775 -0.5741
vn 0.7700 -0.0993 0.6303
vn -0.0202 -0.4767 0.8788
vn -0.0712 -0.5731 -0.8164
vn 0.9365 0.2384 -0.2572
vn 0.9500 0.2623 0.1691
vn -0.2215 -0.8723 -0.4359
vn -0.1923 -0.8179 0.5422
vn -0.5779 0.5759 0.5782
vn -0.5781 0.5764 -0.5776
vn 0.7312 -0.1707 -0.6605
vn -0.1941 -0.8157 -0.5449
vn 0.5713 0.5812 -0.5796
vn -0.5754 0.5769 -0.5798
vn -0.5770 0.5758 0.5793
vn 0.3066 -0.3026 0.9024
vn 0.7317 -0.6592 0.1735
vn 0.7325 -0.6584 -0.1730
vn -0.7290 -0.1740 -0.6621
vn -0.0020 0.8173 -0.5762
vn 0.0005 0.4282 -0.9037
vn 0.3018 0.9041 0.3025
vn 0.3014 0.9053 -0.2994
vn 0.7333 -0.1747 -0.6571
vn -0.5786 0.5770 0.5765
vn -0.4272 -0.0006 -0.9042
vn -0.8167 0.0024 -0.5771
vn 0.8196 -0.1912 -0.5401
vn 0.5706 0.0682 0.8184
vn 0.3004 -0.3010 -0.9051
vn 0.1735 -0.7328 0.6579
vn -0.9051 -0.3003 -0.3009
vn -0.9041 -0.3022 0.3020
vn 0.3016 0.3025 -0.9042
vn 0.8181 0.1973 -0.5401
vn 0.1729 -0.7321 -0.6589
vn 0.7138 -0.6776 0.1769
vn 0.6926 -0.7066 0.1446
vn -0.6847 -0.4512 -0.5723
vn -0.0381 -0.8177 0.5743
vn -0.7020 -0.1851 0.6877
vn -0.5495 -0.4093 -0.7284
vn -0.4748 -0.1724 -0.8630
vn -0.7501 -0.2418 0.6155
vn -0.2727 0.7024 -0.6575
vn -0.7786 -0.4360 0.4513
vn -0.0406 0.9575 0.2857
vn -0.1400 0.9337 -0.3294
vn -0.2507 0.7756 -0.5793
vn 0.0233 0.8184 -0.5741
vn -0.7874 -0.2398 -0.5679
vn -0.5594 0.7559 -0.3402
vn -0.6821 0.6545 0.3260
vn -0.0370 0.8201 -0.5710
vn -0.3185 0.9235 0.2140
vn 0.7051 0.6853 -0.1823
vn 0.7118 0.6942 -0.1071
vn -0.3712 -0.9005 -0.2264
vn 0.5910 -0.5179 -0.6185
vn 0.6014 -0.4988 -0.6242
vn -0.7120 0.6759 -0.1904
vn -0.7051 0.7007 -0.1089
vn -0.0658 0.6874 -0.7233
vn 0.0467 -0.6933 0.7191
vn -0.6909 -0.7051 0.1597
vn -0.7120 -0.6932 0.1122
vn -0.5833 0.2287 -0.7794
vn 0.0604 0.6848 -0.7262
vn -0.6221 0.1546 -0.7675
vn 0.7241 -0.6475 0.2373
vn 0.7191 -0.6289 0.2955
vn -0.0107 -0.9919 -0.1264
vn -0.0418 0.9862 0.1599
vn 0.7211 0.6023 -0.3423
vn 0.6388 0.7000 -0.3192
vn -0.0526 -0.9857 -0.1603
vn 0.7666 -0.3225 -0.5552
vn 0.6783 -0.4079 -0.6112
vn -0.6387 0.7030 -0.3128
vn -0.7210 0.6565 -0.2215
vn 0.8209 0.0766 -0.5660
vn 0.5390 -0.5912 -0.5999
vn 0.4831 0.6095 0.6286
vn 0.0088 -0.9289 -0.3702
vn 0.7929 -0.0466 0.6076
vn -0.7114 -0.6417 0.2866
vn -0.7164 -0.6188 0.3223
vn 0.7886 0.0526 -0.6127
vn -0.6812 -0.2022 -0.7036
vn -0.7666 -0.2012 -0.6097
vn 0.0029 0.9637 0.2671
vn 0.4847 0.6120 0.6249
vn 0.5372 -0.5896 -0.6032
vn -0.4731 -0.1807 -0.8623
vn -0.4704 0.1816 0.8636
vn 0.5169 -0.0640 -0.8537
vn -0.7438 0.6684 -0.0047
vn 0.6447 0.7641 -0.0227
vn 0.6464 0.4199 -0.6371
vn 0.1151 0.1440 -0.9829
vn 0.2263 0.7935 -0.5649
vn 0.6029 -0.7970 -0.0360
vn 0.6840 -0.6264 -0.3739
vn 0.6796 0.0570 0.7314
vn -0.7363 -0.6766 0.0046
vn 0.7064 0.3545 0.6126
vn -0.4751 0.1753 0.8623
vn -0.4682 -0.1869 -0.8636
vn 0.5156 -0.0647 -0.8544
vn 0.5576 -0.8169 -0.1477
vn -0.7353 -0.6777 0.0036
vn 0.1037 0.9828 -0.1529
vn 0.4835 0.2882 0.8266
vn 0.7832 -0.5914 -0.1918
vn -0.0000 -1.0000 0.0004
vn 0.0010 -0.7066 -0.7076
vn -0.0042 1.0000 -0.0004
vn -1.0000 -0.0036 -0.0029
vn 0.5056 0.3127 -0.8041
vn 0.9597 -0.1012 0.2622
vn -1.0000 0.0010 -0.0010
vn -0.0000 1.0000 -0.0003
vn -0.0003 1.0000 -0.0007
vn 0.0004 1.0000 -0.0006
vn -0.0000 1.0000 0.0006
vn -0.0049 0.9999 -0.0094
vn -0.0049 1.0000 0.0006
vn -0.0060 1.0000 -0.0012
vn 0.0217 0.9992 0.0325
vn 0.0346 0.9989 0.0327
vn 0.0374 0.9983 0.0444
vn -0.0014 1.0000 0.0005
vn -0.0133 0.9999 0.0005
vn -0.0000 1.0000 0.0029
vn -0.0061 1.0000 0.0032
vn -0.0000 1.0000 0.0021
vn 0.0325 0.9995 -0.0018
vn 0.0205 0.9998 -0.0007
vn 0.0274 0.9996 -0.0028
vn 0.0150 0.9999 0.0076
vn 0.0147 0.9999 0.0053
vn 0.0143 0.9999 0.0037
vn -0.0015 1.0000 0.0054
vn -0.0011 1.0000 0.0074
vn 0.0013 1.0000 -0.0010
vn -0.0005 1.0000 0.0032
vn -0.0000 1.0000 0.0047
vn 0.0026 1.0000 0.0058
vn 0.0004 1.0000 0.0059
vn 0.0017 1.0000 0.0049
vn -0.0104 0.9999 -0.0018
vn -0.0081 1.0000 -0.0027
vn -0.0044 1.0000 -0.0018
vn 0.0070 1.0000 0.0017
vn 0.0070 1.0000 0.0013
vn 0.0100 0.9999 0.0022
vn -0.0006 1.0000 -0.0002
vn 0.0029 1.0000 -0.0003
vn 0.0023 1.0000 -0.0003
vn 0.0015 1.0000 -0.0013
vn 0.0015 1.0000 -0.0017
vn 0.0016 1.0000 -0.0003
vn -0.2510 0.9680 -0.0009
vn 0.2478 0.9672 -0.0561
vn 0.0573 0.9676 0.2459
vn 1.0000 -0.0008 0.0001
vn 1.0000 -0.0004 -0.0024
vn 1.0000 -0.0023 -0.0001
vn 1.0000 0.0001 0.0021
vn 1.0000 0.0001 0.0048
vn 1.0000 -0.0002 0.0044
vn 1.0000 -0.0004 -0.0020
vn 1.0000 0.0003 -0.0000
vn 1.0000 0.0007 -0.0000
vn -0.0014 0.0006 -1.0000
vn -0.0010 -0.7696 -0.6385
vn -0.0009 0.0024 -1.0000
vn 0.0002 -0.0025 -1.0000
vn 0.0009 -0.0008 -1.0000
vn -0.0000 -0.0003 -1.0000
vn 0.0010 -0.0001 -1.0000
vn -0.0002 0.0007 -1.0000
vn -0.0032 0.0020 -1.0000
vn -0.0054 0.0006 -1.0000
vn 0.0139 -0.0021 -0.9999
vn 0.0019 0.0005 -1.0000
vn 0.0202 0.0141 -0.9997
vn -0.0158 -0.0013 -0.9999
vn 0.0002 0.0003 -1.0000
vn 0.0006 -0.0000 -1.0000
vn 0.0166 -0.0170 -0.9997
vn -0.0160 -0.0437 -0.9989
vn 0.0244 -0.0183 -0.9995
vn 0.0015 -0.0182 -0.9998
vn -0.0313 -0.0057 -0.9995
vn -0.0005 -0.0226 -0.9997
vn -0.0001 -0.0195 -0.9998
vn -1.0000 0.0009 0.0008
vn -1.0000 0.0005 0.0008
vn -1.0000 0.0018 0.0012
vn -1.0000 0.0012 0.0012
vn -0.0000 0.0008 -1.0000
vn 1.0000 0.0012 0.0008
vn 1.0000 0.0015 0.0007
vn 1.0000 -0.0000 0.0014
vn 1.0000 0.0010 0.0016
vn 1.0000 0.0009 0.0012
vn 1.0000 0.0018 0.0003
vn 1.0000 0.0060 -0.0003
vn 1.0000 -0.0042 0.0015
vn 1.0000 -0.0000 0.0009
vn -0.0144 -0.9998 0.0124
vn -0.0144 -0.9999 0.0010
vn -0.0162 -0.9999 0.0010
vn -0.0056 -0.9995 -0.0323
vn -0.0073 -0.9990 -0.0437
vn -0.0072 -0.9995 -0.0323
vn 0.0020 -0.0013 1.0000
vn 0.0020 0.0003 1.0000
vn 0.0029 0.0004 1.0000
vn 0.0006 0.0009 1.0000
vn 0.0005 0.0018 1.0000
vn 0.0009 0.0011 1.0000
vn -0.0005 0.0010 1.0000
vn -0.0004 0.0020 1.0000
vn 0.0003 0.0003 1.0000
vn 0.0013 -0.0007 1.0000
vn 0.0007 0.0003 1.0000
vn 0.0010 0.0005 1.0000
vn -0.0000 -1.0000 0.0003
vn -0.4798 -0.8774 0.0003
vn 0.4685 -0.8774 -0.1032
vn 0.1035 -0.8772 0.4688
vn -0.0000 -0.6222 0.7829
vn -0.0000 0.0003 1.0000
vn -0.0146 0.0003 0.9999
vn -0.0141 -0.0165 0.9998
vn 0.0146 0.0003 0.9999
vn -0.0104 0.0196 0.9998
vn -0.0219 0.0173 0.9996
vn 0.0100 0.0448 0.9989
vn -0.0000 0.0173 0.9999
vn 0.0237 0.0002 0.9997
vn 0.0010 0.0003 1.0000
vn -0.0000 0.0004 1.0000
vn -0.0000 -0.0007 1.0000
vn -0.0000 0.0014 1.0000
vn 0.0007 -0.0006 1.0000
vn 0.0019 0.0013 1.0000
vn 0.0019 -0.0005 1.0000
vn -0.0000 -0.0004 -1.0000
vn 0.7693 -0.0037 -0.6389
vn 0.7693 -0.6336 0.0819
vn 0.6223 -0.7586 0.1932
vn -0.0036 -0.9140 0.4057
vn -0.0029 -0.3603 0.9328
vn -0.0011 -0.3603 0.9328
vn 0.0024 0.7067 0.7075
vn 0.0009 0.0003 1.0000
vn -0.0001 -0.0003 -1.0000
vn 0.0001 -0.0003 -1.0000
vt 0.380308 -0.860713
vt 2.071399 -0.875172
vt 0.364809 -0.873711
vt 0.633625 2.448132
vt -2.660522 -0.873711
vt -2.662088 2.448133
vt -2.743498 2.435133
vt -2.745064 -0.860714
vt 0.381874 2.435134
vt -0.860713 0.385830
vt 2.435134 0.390229
vt 2.435134 0.640143
vt -0.860713 0.635744
vt 3.363041 0.385830
vt 3.645023 0.385830
vt 3.645023 0.635744
vt 3.363041 0.635744
vt 3.645023 2.083710
vt 3.363041 2.083710
vt 3.645023 2.252984
vt 3.363041 2.252984
vt 2.069657 2.083710
vt 2.069657 2.252984
vt 0.380308 2.083710
vt 0.380308 2.252984
vt 0.380308 0.635744
vt 2.069657 0.635744
vt 0.380308 0.385830
vt 2.069657 0.385830
vt 3.645023 -0.860713
vt 3.646589 2.435134
vt 3.363041 -0.860713
vt 2.069657 -0.860713
vt 0.380308 -0.860713
vt -1.435134 0.640143
vt -1.435134 0.390229
vt 1.860713 0.385830
vt 1.860713 0.635744
vt -1.435134 2.088109
vt 1.860713 2.083710
vt -1.435134 2.257383
vt 1.860713 2.252984
vt -0.860713 2.252984
vt -0.860713 2.083710
vt 2.435134 2.088109
vt 2.435134 2.257383
vt -2.646589 2.257383
vt -2.646589 2.088109
vt 0.618126 2.088109
vt 0.618126 2.257383
vt 0.618126 0.390229
vt 0.618126 0.640143
vt -2.646589 0.640143
vt -2.646589 0.390229
vt 0.635191 -0.873711
vt 3.745064 -0.860714
vt 3.743498 2.435133
vt -2.657029 2.083710
vt -2.367300 0.635744
vt -2.367300 2.083710
vt -2.657029 0.635744
vt -2.370791 -0.873711
vt -1.069657 -0.873711
vt -0.876633 0.635744
vt 2.445202 0.640143
vt 2.445202 2.088109
vt -0.876633 2.083710
vt 2.435133 0.390229
vt 2.435133 0.418146
vt -0.860714 0.413747
vt -0.860714 0.385830
vt 1.860713 0.635744
vt 1.880849 0.635744
vt 1.880850 2.083710
vt 1.860713 2.083710
vt 0.381874 2.088109
vt 0.357863 2.088109
vt 0.357863 0.640143
vt 0.381874 0.640143
vt 3.363042 2.083709
vt 2.069658 2.083709
vt 2.069658 0.635744
vt 3.363042 0.635744
vt 2.069657 0.385830
vt 3.363042 0.385830
vt 2.069657 -0.860713
vt 2.069658 -2.316954
vt 3.363042 -2.316954
vt -2.316954 2.083709
vt -2.316953 0.635744
vt -2.316953 0.385830
vt -0.860713 0.385830
vt -2.363041 -0.860713
vt -2.363042 -2.316953
vt -1.069657 -2.316953
vt -1.069657 -0.860713
vt 1.860713 0.385830
vt 3.316953 0.385830
vt 3.316953 0.635744
vt 1.860713 0.635744
vt 3.316954 2.083709
vt 1.860713 2.083710
vt -1.451054 0.640143
vt 1.876632 0.385830
vt -1.451054 0.390229
vt 0.635191 0.401948
vt -1.071399 0.393889
vt -1.066169 0.635744
vt 0.638674 0.635744
vt 0.638674 2.083710
vt -1.066169 2.083710
vt 0.635191 2.269102
vt -1.069657 2.269102
vt -2.370791 2.269102
vt -2.660522 2.269102
vt -2.373403 0.389859
vt -2.664006 0.385830
vt -0.873711 0.401948
vt 2.448132 0.406347
vt 2.448132 2.273501
vt -0.873711 2.269102
vt -1.451054 2.088109
vt 1.873711 2.269102
vt -1.448133 2.273501
vt 3.662088 2.273501
vt 3.665571 2.088109
vt 0.366375 2.273501
vt 3.665571 0.640143
vt 0.366375 0.406347
vt 3.665571 0.390229
vt 0.381874 0.390229
vt -2.743498 0.418146
vt -2.743498 0.390229
vt 3.745064 0.385830
vt 3.745064 0.413747
vt 0.619692 0.385830
vt -2.646589 2.435134
vt -2.645023 -0.860713
vt -2.657029 -0.880849
vt -2.665571 2.451054
vt 0.618126 2.435134
vt 0.642137 2.445202
vt 3.645023 -0.860713
vt 3.665571 2.451054
vt 3.664006 -0.876632
vt 2.069657 -0.860713
vt 3.363041 -0.860713
vt 3.373403 -0.875902
vt 3.657029 -0.880850
vt 0.357863 2.445202
vt 0.366375 2.448132
vt 0.380308 0.385830
vt 2.064452 0.385830
vt -1.064452 0.566946
vt -2.468715 0.566946
vt -2.468715 -0.860712
vt -2.741552 0.385830
vt -2.741552 -1.263696
vt 0.380308 -1.263696
vt 2.064452 0.241850
vt 2.064452 -1.263696
vt 2.294018 -1.263696
vt 2.064452 0.233435
vt 2.064452 -1.263696
vt 2.294018 -0.101531
vt 2.294018 0.233435
vt 3.043442 -0.101531
vt 3.074657 0.233435
vt 3.388265 0.233435
vt 3.043442 -1.263696
vt 3.388266 -1.263696
vt 3.573283 -1.263696
vt 3.388265 0.233435
vt 3.388266 -1.263696
vt 3.573283 0.385830
vt 2.064452 0.233435
vt 2.064452 0.385830
vt 1.401179 0.233435
vt 1.401179 0.385830
vt -0.860713 0.241850
vt -0.460818 0.233435
vt -0.860713 0.385830
vt 0.566946 0.385830
vt 0.566946 0.233435
vt 3.388265 -0.460818
vt 3.388265 0.566946
vt 2.064452 0.566946
vt 3.074657 -0.460818
vt 2.294018 -0.460818
vt 2.064452 -0.460818
vt 1.401179 -0.460818
vt 1.401179 0.566946
vt 1.401179 -0.860713
vt 2.064452 -0.860713
vt 1.460818 -1.263696
vt 2.374863 -1.263696
vt 2.374863 -0.101531
vt 1.460818 -0.101531
vt 2.294018 -1.374863
vt 3.043442 -1.374863
vt 3.043442 -0.460818
vt -0.460818 -0.101531
vt -1.374863 -0.101531
vt -1.374863 -1.263696
vt -0.460818 -1.263696
vt -0.860713 0.241850
vt -0.860713 -1.263696
vt -0.460818 -1.263696
vt -1.064452 0.241850
vt -0.401179 0.241850
vt -0.401179 0.385830
vt -1.064452 0.385830
vt -1.064452 -0.860713
vt -0.401179 -0.860713
vt -0.401179 0.566946
s 1
f 1/1/1 3/2/2 2/3/3
f 4/4/4 6/5/5 5/6/6
f 7/4/7 9/4/8 8/6/9
f 10/4/10 12/6/11 11/6/12
f 13/4/13 15/6/14 14/5/15
f 16/6/16 18/6/17 17/5/18
f 19/6/19 21/5/20 20/5/21
s 0
f 22/7/22 24/8/22 23/1/22
f 25/7/22 27/1/22 26/9/22
f 28/10/23 30/11/23 29/12/23
f 31/10/23 33/12/23 32/13/23
f 34/14/24 36/15/24 35/16/24
f 37/14/24 39/16/24 38/17/24
f 40/18/24 42/17/24 41/16/24
f 43/18/24 45/19/24 44/17/24
f 46/20/24 48/19/24 47/18/24
f 49/20/24 51/21/24 50/19/24
f 52/21/24 54/22/24 53/19/24
f 55/21/24 57/23/24 56/22/24
f 58/23/24 60/24/24 59/22/24
f 61/23/24 63/25/24 62/24/24
f 64/22/24 66/24/24 65/26/24
f 67/22/24 69/26/24 68/27/24
f 70/28/24 72/27/24 71/26/24
f 73/28/24 75/29/24 74/27/24
f 76/30/22 78/31/22 77/9/22
f 79/9/22 81/32/22 80/30/22
f 82/9/22 84/33/22 83/32/22
f 85/9/22 87/34/22 86/33/22
f 88/35/25 90/36/25 89/37/25
f 91/35/25 93/37/25 92/38/25
f 94/39/25 96/35/25 95/38/25
f 97/39/25 99/38/25 98/40/25
f 100/41/25 102/39/25 101/40/25
f 103/41/25 105/40/25 104/42/25
f 106/43/23 108/44/23 107/45/23
f 109/43/23 111/45/23 110/46/23
f 112/47/26 114/48/26 113/49/26
f 115/47/26 117/49/26 116/50/26
f 118/51/26 120/52/26 119/53/26
f 121/51/26 123/53/26 122/54/26
f 124/55/27 126/56/27 125/57/27
f 127/55/28 129/57/28 128/4/28
f 130/58/29 132/59/29 131/60/29
f 133/58/29 135/61/29 134/59/29
f 136/5/30 138/62/30 137/4/30
f 139/62/30 141/63/30 140/4/30
f 142/63/30 144/55/30 143/4/30
f 145/64/31 147/65/31 146/66/31
f 148/64/31 150/66/31 149/67/31
f 151/68/23 153/69/23 152/70/23
f 154/68/23 156/70/23 155/71/23
f 157/72/32 159/73/32 158/74/32
f 160/72/32 162/74/32 161/75/32
f 163/76/33 165/77/33 164/78/33
f 166/76/33 168/78/33 167/79/33
f 169/80/24 171/81/24 170/82/24
f 172/80/24 174/82/24 173/83/24
f 175/84/24 177/83/24 176/82/24
f 178/84/24 180/85/24 179/83/24
f 181/86/34 183/87/34 182/88/34
f 184/86/34 186/88/34 185/32/34
f 187/44/35 189/89/35 188/90/35
f 190/44/35 192/90/35 191/13/35
f 193/13/35 195/90/35 194/91/35
f 196/13/35 198/91/35 197/92/35
f 199/93/36 201/94/36 200/95/36
f 202/93/36 204/95/36 203/96/36
f 205/97/37 207/98/37 206/99/37
f 208/97/37 210/99/37 209/100/37
f 211/100/37 213/99/37 212/101/37
f 214/100/37 216/101/37 215/102/37
f 217/54/37 219/54/37 218/53/37
f 220/54/37 222/53/37 221/53/37
f 223/53/36 225/53/36 224/52/36
f 226/53/36 228/52/36 227/52/36
f 229/52/35 231/52/35 230/51/35
f 232/52/35 234/51/35 233/51/35
f 235/51/34 237/51/34 236/54/34
f 238/51/34 240/54/34 239/54/34
f 241/10/38 243/10/38 242/13/38
f 244/10/38 246/13/38 245/13/38
f 247/13/30 249/13/30 248/12/30
f 250/13/30 252/12/30 251/12/30
f 253/12/39 255/12/39 254/11/39
f 256/12/39 258/11/39 257/11/39
f 259/11/22 261/11/22 260/10/22
f 262/11/22 264/10/22 263/10/22
f 265/7/30 267/1/30 266/8/30
f 268/7/30 270/9/30 269/1/30
f 271/10/25 273/12/25 272/11/25
f 274/10/25 276/13/25 275/12/25
f 277/14/26 279/16/26 278/15/26
f 280/14/26 282/17/26 281/16/26
f 283/18/26 285/16/26 284/17/26
f 286/18/26 288/17/26 287/19/26
f 289/20/26 291/18/26 290/19/26
f 292/20/26 294/19/26 293/21/26
f 295/21/26 297/19/26 296/22/26
f 298/21/26 300/22/26 299/23/26
f 301/23/26 303/22/26 302/24/26
f 304/23/26 306/24/26 305/25/26
f 307/22/26 309/26/26 308/24/26
f 310/22/26 312/27/26 311/26/26
f 313/28/26 315/26/26 314/27/26
f 316/28/26 318/27/26 317/29/26
f 319/30/30 321/9/30 320/31/30
f 322/9/30 324/30/30 323/32/30
f 325/9/30 327/32/30 326/33/30
f 328/9/30 330/33/30 329/34/30
f 331/35/23 333/37/23 332/36/23
f 334/35/23 336/38/23 335/37/23
f 337/39/23 339/38/23 338/35/23
f 340/39/23 342/40/23 341/38/23
f 343/41/23 345/40/23 344/39/23
f 346/41/23 348/42/23 347/40/23
f 349/43/25 351/45/25 350/44/25
f 352/43/25 354/46/25 353/45/25
f 355/47/24 357/49/24 356/48/24
f 358/47/24 360/50/24 359/49/24
f 361/51/24 363/53/24 362/52/24
f 364/51/24 366/54/24 365/53/24
f 367/55/40 369/57/40 368/56/40
f 370/55/41 372/4/41 371/57/41
s 1
f 373/103/42 375/104/43 374/105/44
f 376/103/45 378/73/46 377/104/47
f 379/106/48 381/107/49 380/108/50
f 382/106/51 384/108/52 383/109/53
f 385/110/54 387/109/55 386/108/56
f 388/110/57 390/108/58 389/111/59
f 391/112/60 393/110/61 392/111/62
f 394/112/63 396/111/64 395/113/65
f 397/113/66 399/111/67 398/60/68
f 400/113/69 402/60/70 401/114/71
f 403/58/72 405/114/73 404/60/74
f 406/58/75 408/115/76 407/114/77
f 409/113/78 411/113/79 410/114/80
f 412/113/81 414/114/82 413/114/83
f 415/114/84 417/114/85 416/115/86
f 418/112/87 420/113/88 419/113/89
f 421/112/90 423/112/91 422/113/92
f 424/110/93 426/112/94 425/112/95
f 427/110/96 429/110/97 428/112/98
f 430/112/99 432/113/100 431/111/101
f 433/112/102 435/111/103 434/110/104
f 436/109/105 438/110/106 437/110/107
f 439/109/108 441/109/109 440/110/110
f 442/110/111 444/108/112 443/109/113
f 445/110/114 447/111/115 446/108/116
f 448/106/117 450/109/118 449/109/119
f 451/106/120 453/109/121 452/108/122
f 454/106/123 456/106/124 455/109/125
f 457/107/126 459/106/127 458/106/128
f 460/106/129 462/108/130 461/107/131
f 463/107/132 465/107/133 464/106/134
f 466/108/135 468/107/136 467/107/137
f 469/108/138 471/108/139 470/107/140
f 472/111/141 474/108/142 473/108/143
f 475/111/144 477/111/145 476/108/146
f 478/113/147 480/60/148 479/111/149
f 481/60/150 483/111/151 482/111/152
f 484/60/153 486/60/154 485/111/155
f 487/113/156 489/114/157 488/60/158
f 490/58/159 492/60/160 491/114/161
f 493/58/162 495/114/163 494/115/164
f 496/115/165 498/58/166 497/58/167
f 499/114/168 501/115/169 500/115/170
f 502/115/171 504/115/172 503/58/173
s 0
f 505/58/174 507/60/174 506/59/174
f 508/58/174 510/59/174 509/61/174
s 1
f 511/116/175 513/61/176 512/59/177
f 514/116/178 516/117/179 515/61/180
s 0
f 517/5/22 519/4/22 518/62/22
f 520/62/22 522/4/22 521/63/22
f 523/63/22 525/4/22 524/55/22
s 1
f 526/118/181 528/65/182 527/119/183
f 529/118/184 531/64/185 530/65/186
s 0
f 532/64/187 534/66/187 533/65/187
f 535/64/187 537/67/187 536/66/187
s 1
f 538/67/188 540/120/189 539/66/190
f 541/67/191 543/121/192 542/120/193
f 544/122/194 546/123/195 545/74/196
f 547/122/197 549/124/198 548/123/199
f 550/77/200 552/125/201 551/126/202
f 553/77/203 555/127/204 554/125/205
f 556/128/206 558/129/207 557/78/208
f 559/128/209 561/130/210 560/129/211
f 562/131/212 564/132/213 563/129/214
f 565/131/215 567/133/216 566/132/217
f 568/134/218 570/106/219 569/135/220
f 571/134/221 573/136/222 572/106/223
s 0
f 574/68/25 576/70/25 575/69/25
f 577/68/25 579/71/25 578/70/25
s 1
f 580/137/224 582/138/225 581/139/226
f 583/137/227 585/139/228 584/140/229
f 586/141/230 588/137/231 587/140/232
f 589/141/233 591/140/234 590/142/235
f 592/143/236 594/144/237 593/145/238
f 595/143/239 597/31/240 596/144/241
f 598/1/242 600/146/243 599/2/244
f 601/147/245 603/2/246 602/146/247
f 604/147/248 606/148/249 605/2/250
f 607/143/251 609/148/252 608/147/253
f 610/143/254 612/145/255 611/148/256
s 0
f 613/72/257 615/74/257 614/73/257
f 616/72/257 618/75/257 617/74/257
f 619/76/258 621/78/258 620/77/258
f 622/76/258 624/79/258 623/78/258
s 1
f 625/30/259 627/144/260 626/149/261
f 628/30/262 630/31/263 629/144/264
f 631/31/265 633/150/266 632/144/267
f 634/31/268 636/9/269 635/150/270
f 637/31/271 639/151/272 638/144/273
f 640/31/274 642/9/275 641/151/276
s 0
f 643/80/26 645/82/26 644/81/26
f 646/80/26 648/83/26 647/82/26
f 649/84/26 651/82/26 650/83/26
f 652/84/26 654/83/26 653/85/26
f 655/86/36 657/88/36 656/87/36
f 658/86/36 660/32/36 659/88/36
f 661/44/37 663/90/37 662/89/37
f 664/44/37 666/13/37 665/90/37
f 667/13/37 669/91/37 668/90/37
f 670/13/37 672/92/37 671/91/37
f 673/93/34 675/95/34 674/94/34
f 676/93/34 678/96/34 677/95/34
f 679/97/35 681/99/35 680/98/35
f 682/97/35 684/100/35 683/99/35
f 685/100/35 687/101/35 686/99/35
f 688/100/35 690/102/35 689/101/35
f 691/54/35 693/53/35 692/54/35
f 694/54/35 696/53/35 695/53/35
f 697/53/34 699/52/34 698/53/34
f 700/53/34 702/52/34 701/52/34
f 703/52/37 705/51/37 704/52/37
f 706/52/37 708/51/37 707/51/37
f 709/51/36 711/54/36 710/51/36
f 712/51/36 714/54/36 713/54/36
f 715/10/39 717/13/39 716/10/39
f 718/10/39 720/13/39 719/13/39
f 721/13/22 723/12/22 722/13/22
f 724/13/22 726/12/22 725/12/22
f 727/12/38 729/11/38 728/12/38
f 730/12/38 732/11/38 731/11/38
f 733/11/30 735/10/30 734/11/30
f 736/11/30 738/10/30 737/10/30
f 739/8/277 741/8/277 740/1/277
f 742/8/277 744/1/277 743/1/277
f 745/11/278 747/11/278 746/12/278
f 748/11/39 750/12/39 749/12/39
f 751/15/37 753/15/37 752/16/37
f 754/15/37 756/16/37 755/16/37
f 757/16/37 759/16/37 758/18/37
f 760/16/37 762/18/37 761/18/37
f 763/18/37 765/18/37 764/20/37
f 766/18/37 768/20/37 767/20/37
f 769/22/34 771/22/34 770/19/34
f 772/22/34 774/19/34 773/19/34
f 775/23/36 777/25/36 776/25/36
f 778/23/36 780/23/36 779/25/36
f 781/21/36 783/23/36 782/23/36
f 784/21/36 786/21/36 785/23/36
f 787/20/36 789/21/36 788/21/36
f 790/20/36 792/20/36 791/21/36
f 793/29/37 795/29/37 794/27/37
f 796/29/37 798/27/37 797/27/37
f 799/27/37 801/27/37 800/22/37
f 802/27/37 804/22/37 803/22/37
f 805/31/279 807/31/279 806/9/279
f 808/31/279 810/9/279 809/9/279
f 811/69/30 813/69/30 812/70/30
f 814/69/30 816/70/30 815/70/30
f 817/72/280 819/72/280 818/73/280
f 820/72/34 822/73/34 821/73/34
f 823/75/281 825/75/281 824/72/281
f 826/75/281 828/72/281 827/72/281
f 829/76/282 831/76/282 830/77/282
f 832/76/36 834/77/36 833/77/36
f 835/79/283 837/79/283 836/76/283
f 838/79/284 840/76/284 839/76/284
f 841/82/35 843/84/35 842/84/35
f 844/82/35 846/82/35 845/84/35
f 847/81/35 849/82/35 848/82/35
f 850/81/35 852/81/35 851/82/35
f 853/86/35 855/86/35 854/87/35
f 856/86/35 858/87/35 857/87/35
f 859/32/285 861/32/285 860/86/285
f 862/32/285 864/86/285 863/86/285
f 865/44/36 867/44/36 866/89/36
f 868/44/36 870/89/36 869/89/36
f 871/13/24 873/44/24 872/44/24
f 874/13/24 876/13/24 875/44/24
f 877/92/24 879/13/24 878/13/24
f 880/92/24 882/92/24 881/13/24
f 883/91/34 885/91/34 884/92/34
f 886/91/34 888/92/34 887/92/34
f 889/95/35 891/95/35 890/96/35
f 892/95/35 894/96/35 893/96/35
f 895/99/26 897/101/26 896/101/26
f 898/99/26 900/99/26 899/101/26
f 901/98/26 903/99/26 902/99/26
f 904/98/26 906/98/26 905/99/26
f 907/54/34 909/54/34 908/54/34
f 910/54/34 912/54/34 911/54/34
f 913/53/24 915/53/24 914/54/24
f 916/53/24 918/54/24 917/54/24
f 919/53/37 921/53/37 920/53/37
f 922/53/37 924/53/37 923/53/37
f 925/52/24 927/52/24 926/53/24
f 928/52/24 930/53/24 929/53/24
f 931/52/36 933/52/36 932/52/36
f 934/52/36 936/52/36 935/52/36
f 937/51/24 939/51/24 938/52/24
f 940/51/24 942/52/24 941/52/24
f 943/51/35 945/51/35 944/51/35
f 946/51/35 948/51/35 947/51/35
f 949/54/24 951/54/24 950/51/24
f 952/54/24 954/51/24 953/51/24
f 955/10/34 957/10/34 956/10/34
f 958/10/34 960/10/34 959/10/34
f 961/13/286 963/13/286 962/10/286
f 964/13/286 966/10/286 965/10/286
f 967/13/287 969/13/287 968/13/287
f 970/13/287 972/13/287 971/13/287
f 973/12/288 975/12/288 974/13/288
f 976/12/289 978/13/289 977/13/289
f 979/12/36 981/12/36 980/12/36
f 982/12/36 984/12/36 983/12/36
f 985/11/290 987/11/290 986/12/290
f 988/11/291 990/12/292 989/12/293
f 991/11/294 993/11/294 992/11/294
f 994/11/294 996/11/294 995/11/294
f 997/10/25 999/10/25 998/11/25
f 1000/10/289 1002/11/289 1001/11/289
f 1003/1/25 1005/1/25 1004/9/25
f 1006/1/25 1008/9/25 1007/9/25
f 1009/12/30 1011/12/30 1010/13/30
f 1012/12/30 1014/13/30 1013/13/30
f 1015/25/35 1017/25/35 1016/24/35
f 1018/25/35 1020/24/35 1019/24/35
f 1021/24/35 1023/24/35 1022/26/35
f 1024/24/35 1026/26/35 1025/26/35
f 1027/26/35 1029/26/35 1028/28/35
f 1030/26/35 1032/28/35 1031/28/35
f 1033/28/34 1035/28/34 1034/29/34
f 1036/28/34 1038/29/34 1037/29/34
f 1039/9/23 1041/9/23 1040/34/23
f 1042/9/23 1044/34/23 1043/34/23
f 1045/35/278 1047/36/278 1046/36/278
f 1048/35/278 1050/35/278 1049/36/278
f 1051/39/278 1053/35/278 1052/35/278
f 1054/39/295 1056/39/295 1055/35/295
f 1057/41/295 1059/39/295 1058/39/295
f 1060/41/296 1062/41/296 1061/39/296
f 1063/43/297 1065/43/297 1064/44/297
f 1066/43/297 1068/44/297 1067/44/297
f 1069/46/30 1071/46/30 1070/43/30
f 1072/46/30 1074/43/30 1073/43/30
f 1075/47/37 1077/47/37 1076/48/37
f 1078/47/37 1080/48/37 1079/48/37
f 1081/50/36 1083/50/36 1082/47/36
f 1084/50/36 1086/47/36 1085/47/36
f 1087/51/35 1089/51/35 1088/52/35
f 1090/51/35 1092/52/35 1091/52/35
f 1093/54/34 1095/54/34 1094/51/34
f 1096/54/34 1098/51/34 1097/51/34
f 1099/55/298 1101/55/298 1100/56/298
f 1102/55/299 1104/56/299 1103/56/299
f 1105/4/300 1107/4/300 1106/55/300
f 1108/4/300 1110/55/300 1109/55/300
f 1111/59/301 1113/59/301 1112/60/301
s 1
f 1114/59/302 1116/60/303 1115/60/304
s 0
f 1117/55/23 1119/55/23 1118/4/23
f 1120/55/23 1122/4/23 1121/4/23
f 1123/65/305 1125/65/305 1124/66/305
f 1126/65/306 1128/66/306 1127/66/306
f 1129/70/307 1131/70/307 1130/71/307
f 1132/70/297 1134/71/297 1133/71/297
f 1135/11/23 1137/11/23 1136/10/23
f 1138/11/308 1140/10/308 1139/10/308
f 1141/73/309 1143/73/309 1142/74/309
f 1144/73/309 1146/74/309 1145/74/309
f 1147/77/310 1149/77/310 1148/78/310
f 1150/77/311 1152/78/311 1151/78/311
f 1153/85/37 1155/85/37 1154/83/37
f 1156/85/37 1158/83/37 1157/83/37
f 1159/83/37 1161/83/37 1160/80/37
f 1162/83/37 1164/80/37 1163/80/37
f 1165/87/312 1167/87/312 1166/88/312
f 1168/87/312 1170/88/312 1169/88/312
f 1171/89/26 1173/89/26 1172/90/26
f 1174/89/26 1176/90/26 1175/90/26
f 1177/90/26 1179/90/26 1178/91/26
f 1180/90/26 1182/91/26 1181/91/26
f 1183/102/24 1185/102/24 1184/100/24
f 1186/102/24 1188/100/24 1187/100/24
f 1189/100/24 1191/100/24 1190/97/24
f 1192/100/24 1194/97/24 1193/97/24
f 1195/54/26 1197/54/26 1196/53/26
f 1198/54/26 1200/53/26 1199/53/26
f 1201/53/26 1203/53/26 1202/52/26
f 1204/53/26 1206/52/26 1205/52/26
f 1207/52/26 1209/52/26 1208/51/26
f 1210/52/26 1212/51/26 1211/51/26
f 1213/51/26 1215/51/26 1214/54/26
f 1216/51/26 1218/54/26 1217/54/26
f 1219/10/313 1221/10/314 1220/13/313
f 1222/10/313 1224/13/313 1223/13/313
f 1225/13/315 1227/13/315 1226/12/315
f 1228/13/308 1230/12/308 1229/12/308
s 1
f 1231/12/316 1233/12/317 1232/11/35
s 0
f 1234/12/23 1236/11/23 1235/11/23
f 1237/63/277 1239/55/277 1238/55/277
f 1240/63/277 1242/63/277 1241/55/277
f 1243/62/277 1245/63/277 1244/63/277
f 1246/62/277 1248/62/277 1247/63/277
f 1249/5/277 1251/62/277 1250/62/277
f 1252/5/318 1254/5/318 1253/62/318
f 1255/19/35 1257/19/35 1256/17/35
f 1258/19/35 1260/17/35 1259/17/35
f 1261/17/35 1263/17/35 1262/14/35
f 1264/17/35 1266/14/35 1265/14/35
f 1267/36/22 1269/36/22 1268/37/22
f 1270/36/22 1272/37/22 1271/37/22
f 1273/40/307 1275/42/307 1274/42/307
f 1276/40/297 1278/40/297 1277/42/297
f 1279/38/297 1281/40/297 1280/40/297
f 1282/38/319 1284/38/319 1283/40/319
f 1285/37/319 1287/38/319 1286/38/319
f 1288/37/307 1290/37/307 1289/38/307
f 1291/44/22 1293/44/22 1292/45/22
f 1294/44/22 1296/45/22 1295/45/22
f 1297/48/34 1299/48/34 1298/49/34
f 1300/48/34 1302/49/34 1301/49/34
f 1303/52/36 1305/52/36 1304/53/36
f 1306/52/36 1308/53/36 1307/53/36
f 1309/56/320 1311/56/320 1310/57/320
f 1312/56/321 1314/57/321 1313/57/321
s 1
f 1315/61/322 1317/61/323 1316/117/324
f 1318/61/325 1320/117/326 1319/117/327
f 1321/117/328 1323/117/329 1322/116/330
f 1324/116/331 1326/61/332 1325/117/333
f 1327/117/334 1329/116/335 1328/116/336
f 1330/116/337 1332/59/338 1331/61/339
f 1333/116/340 1335/116/341 1334/59/342
f 1336/116/343 1338/59/344 1337/59/345
s 0
f 1339/67/346 1341/67/346 1340/64/346
f 1342/67/347 1344/64/347 1343/64/347
f 1345/74/36 1347/74/36 1346/75/36
f 1348/74/348 1350/75/348 1349/75/348
f 1351/78/349 1353/78/349 1352/79/349
f 1354/78/349 1356/79/349 1355/79/349
f 1357/80/36 1359/80/36 1358/81/36
f 1360/80/36 1362/81/36 1361/81/36
f 1363/84/34 1365/84/34 1364/85/34
f 1366/84/34 1368/85/34 1367/85/34
f 1369/88/37 1371/88/37 1370/32/37
f 1372/88/350 1374/32/350 1373/32/350
f 1375/93/351 1377/93/351 1376/94/351
f 1378/93/37 1380/94/37 1379/94/37
f 1381/96/285 1383/96/285 1382/93/285
f 1384/96/285 1386/93/285 1385/93/285
f 1387/97/34 1389/97/34 1388/98/34
f 1390/97/34 1392/98/34 1391/98/34
f 1393/101/36 1395/101/36 1394/102/36
f 1396/101/36 1398/102/36 1397/102/36
f 1399/53/36 1401/53/36 1400/53/36
f 1402/53/36 1404/53/36 1403/53/36
f 1405/52/35 1407/52/35 1406/52/35
f 1408/52/35 1410/52/35 1409/52/35
f 1411/51/34 1413/51/34 1412/51/34
f 1414/51/34 1416/51/34 1415/51/34
f 1417/54/37 1419/54/37 1418/54/37
f 1420/54/37 1422/54/37 1421/54/37
f 1423/13/36 1425/13/36 1424/13/36
f 1426/13/36 1428/13/36 1427/13/36
f 1429/12/352 1431/12/352 1430/12/352
f 1432/12/294 1434/12/294 1433/12/294
f 1435/11/34 1437/11/34 1436/11/34
f 1438/11/34 1440/11/34 1439/11/34
f 1441/10/287 1443/10/287 1442/10/287
f 1444/10/287 1446/10/287 1445/10/287
f 1447/7/23 1449/7/23 1448/8/23
f 1450/7/308 1452/8/308 1451/8/308
f 1453/9/279 1455/9/279 1454/7/279
f 1456/9/279 1458/7/279 1457/7/279
f 1459/10/22 1461/10/22 1460/11/22
f 1462/10/22 1464/11/22 1463/11/22
f 1465/13/297 1467/13/297 1466/10/297
f 1468/13/297 1470/10/297 1469/10/297
f 1471/14/34 1473/14/34 1472/15/34
f 1474/14/34 1476/15/34 1475/15/34
f 1477/30/25 1479/30/25 1478/31/25
f 1480/30/289 1482/31/289 1481/31/289
f 1483/32/318 1485/30/318 1484/30/318
f 1486/32/318 1488/32/318 1487/30/318
f 1489/33/318 1491/32/318 1490/32/318
f 1492/33/318 1494/33/318 1493/32/318
f 1495/34/318 1497/33/318 1496/33/318
f 1498/34/318 1500/34/318 1499/33/318
f 1501/42/30 1503/42/30 1502/41/30
f 1504/42/30 1506/41/30 1505/41/30
f 1507/45/295 1509/45/295 1508/46/295
f 1510/45/39 1512/46/39 1511/46/39
f 1513/49/35 1515/49/35 1514/50/35
f 1516/49/35 1518/50/35 1517/50/35
f 1519/53/37 1521/53/37 1520/54/37
f 1522/53/37 1524/54/37 1523/54/37
f 1525/57/353 1527/57/353 1526/4/353
f 1528/57/353 1530/4/353 1529/4/353
f 1531/58/354 1533/58/355 1532/61/356
f 1534/58/357 1536/61/358 1535/61/357
s 1
f 1537/64/359 1539/64/360 1538/118/361
f 1540/64/362 1542/118/363 1541/118/364
f 1543/118/365 1545/65/366 1544/64/367
f 1546/118/368 1548/118/369 1547/119/370
f 1549/118/371 1551/119/372 1550/65/373
f 1552/118/374 1554/119/375 1553/119/376
f 1555/119/377 1557/65/378 1556/65/379
f 1558/119/380 1560/119/381 1559/65/382
f 1561/66/383 1563/66/384 1562/120/385
f 1564/66/386 1566/120/387 1565/120/388
f 1567/67/389 1569/66/390 1568/120/391
f 1570/120/392 1572/120/393 1571/121/394
f 1573/67/395 1575/120/396 1574/121/397
f 1576/120/398 1578/121/399 1577/121/400
f 1579/121/401 1581/67/402 1580/67/403
f 1582/121/404 1584/121/405 1583/67/406
s 0
f 1585/68/39 1587/68/39 1586/69/39
f 1588/68/278 1590/69/278 1589/69/278
f 1591/71/22 1593/71/22 1592/68/22
f 1594/71/22 1596/68/22 1595/68/22
f 1597/94/407 1599/94/407 1598/95/407
f 1600/94/407 1602/95/407 1601/95/407
s 1
f 1603/137/408 1605/137/409 1604/141/410
f 1606/138/411 1608/137/412 1607/137/413
f 1609/138/414 1611/138/415 1610/137/416
f 1612/139/417 1614/138/418 1613/138/419
f 1615/137/420 1617/139/421 1616/138/422
f 1618/139/423 1620/139/424 1619/138/425
f 1621/140/426 1623/139/427 1622/139/428
f 1624/137/429 1626/140/430 1625/139/431
f 1627/140/432 1629/140/433 1628/139/434
f 1630/137/435 1632/141/436 1631/141/437
f 1633/141/438 1635/140/439 1634/137/440
f 1636/141/441 1638/141/442 1637/142/443
f 1639/142/444 1641/142/445 1640/140/446
f 1642/142/447 1644/140/448 1643/140/449
f 1645/141/450 1647/142/451 1646/140/452
f 1648/141/453 1650/142/454 1649/142/455
f 1651/134/456 1653/134/457 1652/135/458
f 1654/134/459 1656/135/460 1655/135/461
f 1657/135/462 1659/135/463 1658/106/464
f 1660/135/465 1662/106/466 1661/106/467
f 1663/134/468 1665/135/469 1664/106/470
f 1666/106/471 1668/106/472 1667/136/473
f 1669/136/474 1671/136/475 1670/134/476
f 1672/136/477 1674/134/478 1673/134/479
f 1675/134/480 1677/106/481 1676/136/482
f 1678/106/483 1680/136/484 1679/136/485
f 1681/131/486 1683/131/487 1682/129/488
f 1684/131/489 1686/129/490 1685/129/491
f 1687/129/492 1689/129/493 1688/132/494
f 1690/129/495 1692/132/496 1691/132/497
f 1693/131/498 1695/129/499 1694/132/500
f 1696/132/501 1698/132/502 1697/133/503
f 1699/133/504 1701/133/505 1700/131/506
f 1702/133/507 1704/131/508 1703/131/509
f 1705/131/510 1707/132/511 1706/133/512
f 1708/132/513 1710/133/514 1709/133/515
f 1711/128/516 1713/128/517 1712/78/518
f 1714/128/519 1716/78/520 1715/78/521
f 1717/78/522 1719/78/523 1718/129/524
f 1720/78/525 1722/129/526 1721/129/527
f 1723/128/528 1725/78/529 1724/129/530
f 1726/129/531 1728/129/532 1727/130/533
f 1729/130/534 1731/130/535 1730/128/536
f 1732/130/537 1734/128/538 1733/128/539
f 1735/128/540 1737/129/541 1736/130/542
f 1738/129/543 1740/130/544 1739/130/545
f 1741/77/546 1743/77/547 1742/126/548
f 1744/77/549 1746/126/550 1745/126/551
f 1747/126/552 1749/126/553 1748/125/554
f 1750/126/555 1752/125/556 1751/125/557
f 1753/77/558 1755/126/559 1754/125/560
f 1756/125/561 1758/125/562 1757/127/563
f 1759/127/564 1761/127/565 1760/77/566
f 1762/127/567 1764/77/568 1763/77/569
f 1765/77/570 1767/125/571 1766/127/572
f 1768/125/573 1770/127/574 1769/127/575
f 1771/122/576 1773/122/577 1772/74/578
f 1774/122/579 1776/74/580 1775/74/581
f 1777/74/582 1779/74/583 1778/123/584
f 1780/74/585 1782/123/586 1781/123/587
f 1783/122/588 1785/74/589 1784/123/590
f 1786/123/591 1788/123/592 1787/124/593
f 1789/124/594 1791/124/595 1790/122/596
f 1792/124/597 1794/122/598 1793/122/599
f 1795/122/600 1797/123/601 1796/124/602
f 1798/123/603 1800/124/604 1799/124/605
f 1801/31/606 1803/31/607 1802/144/608
f 1804/31/609 1806/144/610 1805/144/611
f 1807/144/612 1809/144/613 1808/151/614
f 1810/144/615 1812/151/616 1811/151/617
f 1813/31/618 1815/144/619 1814/151/620
f 1816/151/621 1818/151/622 1817/9/623
f 1819/9/624 1821/9/625 1820/31/626
f 1822/9/627 1824/31/628 1823/31/629
f 1825/31/630 1827/151/631 1826/9/632
f 1828/151/633 1830/9/634 1829/9/635
f 1831/145/636 1833/145/637 1832/144/638
f 1834/143/639 1836/145/640 1835/145/641
f 1837/143/642 1839/143/643 1838/145/644
f 1840/145/645 1842/144/646 1841/144/647
f 1843/143/648 1845/145/649 1844/144/650
f 1846/144/651 1848/144/652 1847/31/653
f 1849/31/654 1851/31/655 1850/143/656
f 1852/31/657 1854/143/658 1853/143/659
f 1855/143/660 1857/144/661 1856/31/662
f 1858/144/663 1860/31/664 1859/31/665
f 1861/105/666 1863/105/667 1862/104/668
f 1864/103/669 1866/105/670 1865/105/671
f 1867/103/672 1869/103/673 1868/105/674
f 1870/105/675 1872/104/676 1871/104/677
f 1873/103/678 1875/105/679 1874/104/680
f 1876/104/681 1878/104/682 1877/73/683
f 1879/73/684 1881/73/685 1880/103/686
f 1882/73/687 1884/103/688 1883/103/689
f 1885/103/690 1887/104/691 1886/73/692
f 1888/104/693 1890/73/694 1889/73/695
f 1891/149/696 1893/149/697 1892/144/698
f 1894/30/699 1896/149/700 1895/149/701
f 1897/30/702 1899/30/703 1898/149/704
f 1900/149/705 1902/144/706 1901/144/707
f 1903/30/708 1905/149/709 1904/144/710
f 1906/144/711 1908/144/712 1907/150/447
f 1909/31/713 1911/30/714 1910/30/715
f 1912/30/716 1914/144/717 1913/31/718
f 1915/31/719 1917/31/720 1916/30/721
f 1918/144/722 1920/150/444 1919/150/445
f 1921/31/723 1923/144/724 1922/150/725
f 1924/150/454 1926/150/726 1925/9/453
f 1927/9/436 1929/9/437 1928/31/727
f 1930/9/728 1932/31/729 1931/31/730
f 1933/31/731 1935/150/732 1934/9/733
f 1936/150/443 1938/9/441 1937/9/442
f 1939/148/734 1941/148/735 1940/145/736
f 1942/148/737 1944/145/738 1943/145/739
f 1945/145/740 1947/145/741 1946/143/742
f 1948/145/743 1950/143/744 1949/143/745
f 1951/143/746 1953/148/747 1952/145/748
f 1954/143/749 1956/143/750 1955/147/751
f 1957/143/752 1959/147/753 1958/147/754
f 1960/143/755 1962/147/756 1961/148/757
f 1963/147/758 1965/147/759 1964/146/760
f 1966/2/761 1968/148/762 1967/148/763
f 1969/147/764 1971/2/765 1970/148/766
f 1972/2/767 1974/2/768 1973/148/769
f 1975/147/770 1977/146/771 1976/146/772
f 1978/147/773 1980/146/774 1979/2/775
f 1981/146/776 1983/146/777 1982/1/778
f 1984/1/779 1986/1/780 1985/2/781
f 1987/1/782 1989/2/783 1988/2/784
f 1990/1/785 1992/2/786 1991/146/787
f 1993/146/788 1995/1/789 1994/1/790
f 1996/2/791 1998/2/792 1997/1/793
f 1999/2/794 2001/1/795 2000/1/796
f 2002/1/797 2004/1/798 2003/3/799
f 2005/3/800 2007/3/801 2006/2/802
f 2008/3/803 2010/2/804 2009/2/805
f 2011/1/806 2013/3/807 2012/2/808
f 2014/1/809 2016/3/810 2015/3/811
s 0
f 2017/152/812 2019/153/812 2018/153/812
s 1
f 2020/154/813 2022/155/814 2021/155/814
f 2023/155/815 2025/154/816 2024/154/817
f 2026/156/37 2028/155/37 2027/155/818
s 0
f 2029/155/37 2031/156/37 2030/156/37
s 1
f 2032/157/819 2034/158/819 2033/159/820
f 2035/157/819 2037/159/821 2036/152/822
f 2038/153/823 2040/152/824 2039/159/825
f 2041/160/826 2043/153/827 2042/159/828
f 2044/159/829 2046/161/829 2045/160/830
f 2047/162/831 2049/163/832 2048/164/833
f 2050/162/834 2052/165/835 2051/163/836
f 2053/166/837 2055/163/838 2054/165/839
f 2056/167/840 2058/166/841 2057/165/842
f 2059/167/843 2061/168/844 2060/166/845
f 2062/169/846 2064/168/844 2063/167/847
f 2065/170/848 2067/169/849 2066/167/850
f 2068/170/851 2070/171/852 2069/169/853
f 2071/172/285 2073/173/854 2072/174/285
f 2074/172/855 2076/175/856 2075/173/856
s 0
f 2077/175/857 2079/176/858 2078/173/857
s 1
f 2080/175/859 2082/177/860 2081/176/859
f 2083/177/861 2085/178/859 2084/176/859
f 2086/177/862 2088/179/859 2087/178/859
f 2089/180/863 2091/181/864 2090/182/865
f 2092/181/866 2094/183/867 2093/182/868
f 2095/181/869 2097/184/870 2096/183/871
f 2098/185/872 2100/186/873 2099/187/874
f 2101/185/875 2103/187/876 2102/188/877
f 2104/188/877 2106/187/878 2105/189/879
f 2107/189/880 2109/187/881 2108/190/882
f 2110/187/883 2112/191/884 2111/190/885
f 2113/187/886 2115/192/887 2114/191/888
f 2116/190/889 2118/191/890 2117/193/891
f 2119/190/892 2121/193/893 2120/194/894
f 2122/195/895 2124/196/895 2123/197/896
f 2125/195/897 2127/197/898 2126/198/898
s 0
f 2128/189/899 2130/199/899 2129/200/899
f 2131/189/899 2133/200/899 2132/201/899
s 1
f 2134/202/900 2136/203/900 2135/204/901
f 2137/202/902 2139/204/903 2138/205/904
f 2140/181/905 2142/206/905 2141/207/906
f 2143/181/907 2145/207/908 2144/208/908
f 2146/209/909 2148/210/910 2147/211/911
f 2149/209/912 2151/211/913 2150/212/914
f 2152/213/915 2154/214/916 2153/215/917
f 2155/213/918 2157/215/919 2156/154/920
f 2158/154/921 2160/156/922 2159/213/923
f 2161/154/924 2163/155/925 2162/156/926
s 0
f 2164/158/927 2166/157/927 2165/159/927
f 2167/159/927 2169/157/927 2168/152/927
f 2170/152/927 2172/153/927 2171/159/927
f 2173/153/927 2175/160/927 2174/159/927
f 2176/161/927 2178/159/927 2177/160/927
f 2179/163/927 2181/162/927 2180/164/927
f 2182/165/927 2184/162/927 2183/163/927
f 2185/163/927 2187/166/927 2186/165/927
f 2188/166/927 2190/167/927 2189/165/927
f 2191/168/927 2193/167/927 2192/166/927
f 2194/168/927 2196/169/927 2195/167/927
f 2197/169/927 2199/170/927 2198/167/927
f 2200/171/927 2202/170/927 2201/169/927
f 2203/173/927 2205/172/927 2204/174/927
f 2206/175/927 2208/172/927 2207/173/927
f 2209/176/927 2211/175/927 2210/173/927
s 1
f 2212/177/928 2214/175/927 2213/176/927
f 2215/178/927 2217/177/929 2216/176/927
f 2218/179/927 2220/177/930 2219/178/927
s 0
f 2221/181/37 2223/180/37 2222/182/37
f 2224/183/37 2226/181/37 2225/182/37
f 2227/184/37 2229/181/37 2228/183/37
s 1
f 2230/186/931 2232/185/932 2231/187/932
s 0
f 2233/187/932 2235/185/932 2234/188/932
f 2236/187/932 2238/188/932 2237/189/932
s 1
f 2239/187/932 2241/189/932 2240/190/933
f 2242/191/934 2244/187/932 2243/190/935
f 2245/192/932 2247/187/932 2246/191/936
f 2248/191/937 2250/190/938 2249/193/939
f 2251/193/939 2253/190/940 2252/194/939
s 0
f 2254/196/35 2256/195/35 2255/197/35
f 2257/197/35 2259/195/35 2258/198/35
f 2260/199/932 2262/189/932 2261/200/932
f 2263/200/932 2265/189/932 2264/201/932
f 2266/203/37 2268/202/37 2267/204/37
f 2269/204/37 2271/202/37 2270/205/37
f 2272/206/37 2274/181/37 2273/207/37
f 2275/207/37 2277/181/37 2276/208/37
f 2278/210/819 2280/209/819 2279/211/819
f 2281/211/819 2283/209/819 2282/212/819
f 2284/214/877 2286/213/877 2285/215/877
f 2287/215/877 2289/213/877 2288/154/877
f 2290/156/877 2292/154/877 2291/213/877
f 2293/155/877 2295/154/877 2294/156/877
f 2296/159/877 2298/158/877 2297/158/877
f 2299/158/877 2301/159/877 2300/159/877
f 2302/161/877 2304/159/877 2303/159/877
f 2305/159/877 2307/161/877 2306/161/877
f 2308/157/35 2310/158/35 2309/158/35
f 2311/158/35 2313/157/35 2312/157/35
s 1
f 2314/152/941 2316/157/942 2315/157/942
f 2317/157/942 2319/152/943 2318/152/944
f 2320/153/945 2322/152/946 2321/152/947
s 0
f 2323/164/877 2325/162/877 2324/162/877
f 2326/162/877 2328/164/877 2327/164/877
f 2329/171/37 2331/169/37 2330/169/37
f 2332/169/37 2334/171/37 2333/171/37
f 2335/170/877 2337/171/877 2336/171/877
f 2338/171/948 2340/170/948 2339/170/948
f 2341/174/877 2343/172/877 2342/172/877
f 2344/172/877 2346/174/877 2345/174/877
s 1
f 2347/173/949 2349/174/35 2348/174/35
f 2350/174/35 2352/173/950 2351/173/951
s 0
f 2353/172/37 2355/175/37 2354/175/37
f 2356/175/37 2358/172/37 2357/172/37
s 1
f 2359/175/952 2361/177/953 2360/177/954
f 2362/177/955 2364/175/956 2363/175/932
s 0
f 2365/185/350 2367/186/350 2366/186/350
f 2368/186/37 2370/185/37 2369/185/37
f 2371/196/927 2373/197/927 2372/197/927
f 2374/197/927 2376/196/927 2375/196/927
f 2377/195/877 2379/196/877 2378/196/877
f 2380/196/957 2382/195/957 2381/195/957
f 2383/199/812 2385/200/812 2384/200/812
f 2386/200/812 2388/199/812 2387/199/812
f 2389/203/927 2391/204/927 2390/204/927
f 2392/204/927 2394/203/927 2393/203/927
f 2395/204/957 2397/205/957 2396/205/957
f 2398/205/877 2400/204/877 2399/204/877
f 2401/207/958 2403/208/958 2402/208/958
f 2404/208/958 2406/207/958 2405/207/958
f 2407/156/812 2409/213/812 2408/213/812
f 2410/213/812 2412/156/812 2411/156/812
