# Blender 5.2.0 LTS
# www.blender.org
o demo5_background.010
v -3.630734 6.258466 3.658146
v -1.924809 6.344236 3.662465
v -3.630734 6.344237 3.658145
v -3.630734 6.258466 3.658146
v -1.924809 6.258465 3.662466
v -1.924809 6.344236 3.662465
v -3.545325 6.344237 3.572591
v -2.010580 6.258465 3.576479
v -3.545325 6.258466 3.572591
v -3.545325 6.344237 3.572591
v -2.010580 6.344236 3.576477
v -2.010580 6.258465 3.576479
v -1.924809 6.258465 3.662466
v -1.924809 6.344236 1.635359
v -1.924809 6.344236 3.662465
v -1.924809 6.258465 3.662466
v -1.924809 6.258465 1.635359
v -1.924809 6.344236 1.635359
v -2.010580 6.344236 3.576477
v -2.010580 6.258465 1.721130
v -2.010580 6.258465 3.576479
v -2.010580 6.344236 3.576477
v -2.010580 6.344236 1.721130
v -2.010580 6.258465 1.721130
v -1.924809 6.258465 1.635359
v -3.639305 6.344237 1.635360
v -1.924809 6.344236 1.635359
v -1.924809 6.258465 1.635359
v -3.639305 6.258466 1.635360
v -3.639305 6.344237 1.635360
v -2.010580 6.344236 1.721130
v -3.553170 6.258466 1.721131
v -2.010580 6.258465 1.721130
v -2.010580 6.344236 1.721130
v -3.553170 6.344237 1.721131
v -3.553170 6.258466 1.721131
v -3.639305 6.258466 1.635360
v -3.630734 6.344237 3.658145
v -3.639305 6.344237 1.635360
v -3.639305 6.258466 1.635360
v -3.630734 6.258466 3.658146
v -3.630734 6.344237 3.658145
v -3.553170 6.344237 1.721131
v -3.545325 6.258466 3.572591
v -3.553170 6.258466 1.721131
v -3.553170 6.344237 1.721131
v -3.545325 6.344237 3.572591
v -3.545325 6.258466 3.572591
v -3.545325 6.258466 3.572591
v -2.010580 6.258465 3.576479
v -1.924809 6.258465 3.662466
v -3.545325 6.258466 3.572591
v -1.924809 6.258465 3.662466
v -3.630734 6.258466 3.658146
v -2.010580 6.258465 3.576479
v -1.924809 6.258465 1.635359
v -1.924809 6.258465 3.662466
v -3.553170 6.258466 1.721131
v -3.545325 6.258466 3.572591
v -3.630734 6.258466 3.658146
v -2.010580 6.258465 3.576479
v -2.010580 6.258465 1.721130
v -1.924809 6.258465 1.635359
v -3.553170 6.258466 1.721131
v -3.630734 6.258466 3.658146
v -3.639305 6.258466 1.635360
v -2.010580 6.258465 1.721130
v -3.639305 6.258466 1.635360
v -1.924809 6.258465 1.635359
v -2.010580 6.258465 1.721130
v -3.553170 6.258466 1.721131
v -3.639305 6.258466 1.635360
v -1.924809 6.344236 3.662465
v -2.010580 6.344236 1.721130
v -2.010580 6.344236 3.576477
v -1.924809 6.344236 3.662465
v -1.924809 6.344236 1.635359
v -2.010580 6.344236 1.721130
v -3.630734 6.344237 3.658145
v -1.924809 6.344236 3.662465
v -2.010580 6.344236 3.576477
v -1.924809 6.344236 1.635359
v -3.553170 6.344237 1.721131
v -2.010580 6.344236 1.721130
v -3.630734 6.344237 3.658145
v -2.010580 6.344236 3.576477
v -3.545325 6.344237 3.572591
v -1.924809 6.344236 1.635359
v -3.639305 6.344237 1.635360
v -3.553170 6.344237 1.721131
v -3.639305 6.344237 1.635360
v -3.630734 6.344237 3.658145
v -3.545325 6.344237 3.572591
v -3.639305 6.344237 1.635360
v -3.545325 6.344237 3.572591
v -3.553170 6.344237 1.721131
v -1.844947 6.258465 3.658145
v -0.139022 6.344235 3.662465
v -1.844947 6.344236 3.658145
v -1.844947 6.258465 3.658145
v -0.139023 6.258464 3.662466
v -0.139022 6.344235 3.662465
v -1.759538 6.344236 3.572590
v -0.224793 6.258464 3.576478
v -1.759538 6.258465 3.572590
v -1.759538 6.344236 3.572590
v -0.224793 6.344235 3.576477
v -0.224793 6.258464 3.576478
v -0.139023 6.258464 3.662466
v -0.139023 6.344235 1.635359
v -0.139022 6.344235 3.662465
v -0.139023 6.258464 3.662466
v -0.139023 6.258464 1.635359
v -0.139023 6.344235 1.635359
v -0.224793 6.344235 3.576477
v -0.224794 6.258464 1.721130
v -0.224793 6.258464 3.576478
v -0.224793 6.344235 3.576477
v -0.224794 6.344235 1.721130
v -0.224794 6.258464 1.721130
v -0.139023 6.258464 1.635359
v -1.853518 6.344236 1.635359
v -0.139023 6.344235 1.635359
v -0.139023 6.258464 1.635359
v -1.853519 6.258465 1.635359
v -1.853518 6.344236 1.635359
v -0.224794 6.344235 1.721130
v -1.767383 6.258465 1.721130
v -0.224794 6.258464 1.721130
v -0.224794 6.344235 1.721130
v -1.767383 6.344236 1.721130
v -1.767383 6.258465 1.721130
v -1.853519 6.258465 1.635359
v -1.844947 6.344236 3.658145
v -1.853518 6.344236 1.635359
v -1.853519 6.258465 1.635359
v -1.844947 6.258465 3.658145
v -1.844947 6.344236 3.658145
v -1.767383 6.344236 1.721130
v -1.759538 6.258465 3.572590
v -1.767383 6.258465 1.721130
v -1.767383 6.344236 1.721130
v -1.759538 6.344236 3.572590
v -1.759538 6.258465 3.572590
v -1.759538 6.258465 3.572590
v -0.224793 6.258464 3.576478
v -0.139023 6.258464 3.662466
v -1.759538 6.258465 3.572590
v -0.139023 6.258464 3.662466
v -1.844947 6.258465 3.658145
v -0.224793 6.258464 3.576478
v -0.139023 6.258464 1.635359
v -0.139023 6.258464 3.662466
v -1.767383 6.258465 1.721130
v -1.759538 6.258465 3.572590
v -1.844947 6.258465 3.658145
v -0.224793 6.258464 3.576478
v -0.224794 6.258464 1.721130
v -0.139023 6.258464 1.635359
v -1.767383 6.258465 1.721130
v -1.844947 6.258465 3.658145
v -1.853519 6.258465 1.635359
v -0.224794 6.258464 1.721130
v -1.853519 6.258465 1.635359
v -0.139023 6.258464 1.635359
v -0.224794 6.258464 1.721130
v -1.767383 6.258465 1.721130
v -1.853519 6.258465 1.635359
v -0.139022 6.344235 3.662465
v -0.224794 6.344235 1.721130
v -0.224793 6.344235 3.576477
v -0.139022 6.344235 3.662465
v -0.139023 6.344235 1.635359
v -0.224794 6.344235 1.721130
v -1.844947 6.344236 3.658145
v -0.139022 6.344235 3.662465
v -0.224793 6.344235 3.576477
v -0.139023 6.344235 1.635359
v -1.767383 6.344236 1.721130
v -0.224794 6.344235 1.721130
v -1.844947 6.344236 3.658145
v -0.224793 6.344235 3.576477
v -1.759538 6.344236 3.572590
v -0.139023 6.344235 1.635359
v -1.853518 6.344236 1.635359
v -1.767383 6.344236 1.721130
v -1.853518 6.344236 1.635359
v -1.844947 6.344236 3.658145
v -1.759538 6.344236 3.572590
v -1.853518 6.344236 1.635359
v -1.759538 6.344236 3.572590
v -1.767383 6.344236 1.721130
v -1.844820 6.232763 1.638317
v -0.139023 6.318533 1.642637
v -1.844820 6.318534 1.638317
v -1.844820 6.232763 1.638317
v -0.139023 6.232762 1.642637
v -0.139023 6.318533 1.642637
v -1.759666 6.318534 1.552760
v -0.224794 6.232762 1.556649
v -1.759666 6.232763 1.552760
v -1.759666 6.318534 1.552760
v -0.224794 6.318533 1.556648
v -0.224794 6.232762 1.556649
v -0.139023 6.232762 1.642637
v -0.139023 6.318533 0.417324
v -0.139023 6.318533 1.642637
v -0.139023 6.232762 1.642637
v -0.139023 6.232762 0.417323
v -0.139023 6.318533 0.417324
v -0.224794 6.318533 1.556648
v -0.224794 6.232762 0.503094
v -0.224794 6.232762 1.556649
v -0.224794 6.318533 1.556648
v -0.224794 6.318533 0.503094
v -0.224794 6.232762 0.503094
v -0.139023 6.232762 0.417323
v -1.853648 6.318534 0.417325
v -0.139023 6.318533 0.417324
v -0.139023 6.232762 0.417323
v -1.853648 6.232763 0.417323
v -1.853648 6.318534 0.417325
v -0.224794 6.318533 0.503094
v -1.767255 6.232763 0.503094
v -0.224794 6.232762 0.503094
v -0.224794 6.318533 0.503094
v -1.767254 6.318534 0.503094
v -1.767255 6.232763 0.503094
v -1.853648 6.232763 0.417323
v -1.844820 6.318534 1.638317
v -1.853648 6.318534 0.417325
v -1.853648 6.232763 0.417323
v -1.844820 6.232763 1.638317
v -1.844820 6.318534 1.638317
v -1.767254 6.318534 0.503094
v -1.759666 6.232763 1.552760
v -1.767255 6.232763 0.503094
v -1.767254 6.318534 0.503094
v -1.759666 6.318534 1.552760
v -1.759666 6.232763 1.552760
v -1.759666 6.232763 1.552760
v -0.224794 6.232762 1.556649
v -0.139023 6.232762 1.642637
v -1.759666 6.232763 1.552760
v -0.139023 6.232762 1.642637
v -1.844820 6.232763 1.638317
v -0.224794 6.232762 1.556649
v -0.139023 6.232762 0.417323
v -0.139023 6.232762 1.642637
v -1.767255 6.232763 0.503094
v -1.759666 6.232763 1.552760
v -1.844820 6.232763 1.638317
v -0.224794 6.232762 1.556649
v -0.224794 6.232762 0.503094
v -0.139023 6.232762 0.417323
v -1.767255 6.232763 0.503094
v -1.844820 6.232763 1.638317
v -1.853648 6.232763 0.417323
v -0.224794 6.232762 0.503094
v -1.853648 6.232763 0.417323
v -0.139023 6.232762 0.417323
v -0.224794 6.232762 0.503094
v -1.767255 6.232763 0.503094
v -1.853648 6.232763 0.417323
v -0.139023 6.318533 1.642637
v -0.224794 6.318533 0.503094
v -0.224794 6.318533 1.556648
v -0.139023 6.318533 1.642637
v -0.139023 6.318533 0.417324
v -0.224794 6.318533 0.503094
v -1.844820 6.318534 1.638317
v -0.139023 6.318533 1.642637
v -0.224794 6.318533 1.556648
v -0.139023 6.318533 0.417324
v -1.767254 6.318534 0.503094
v -0.224794 6.318533 0.503094
v -1.844820 6.318534 1.638317
v -0.224794 6.318533 1.556648
v -1.759666 6.318534 1.552760
v -0.139023 6.318533 0.417324
v -1.853648 6.318534 0.417325
v -1.767254 6.318534 0.503094
v -1.853648 6.318534 0.417325
v -1.844820 6.318534 1.638317
v -1.759666 6.318534 1.552760
v -1.853648 6.318534 0.417325
v -1.759666 6.318534 1.552760
v -1.767254 6.318534 0.503094
v -3.634763 6.232766 1.638319
v -1.928966 6.318536 1.642638
v -3.634763 6.318537 1.638317
v -3.634763 6.232766 1.638319
v -1.928966 6.232765 1.642638
v -1.928966 6.318536 1.642638
v -3.549609 6.318537 1.552762
v -2.014737 6.232765 1.556650
v -3.549609 6.232766 1.552762
v -3.549609 6.318537 1.552762
v -2.014737 6.318536 1.556650
v -2.014737 6.232765 1.556650
v -1.928966 6.232765 1.642638
v -1.928966 6.318536 0.417326
v -1.928966 6.318536 1.642638
v -1.928966 6.232765 1.642638
v -1.928966 6.232765 0.417325
v -1.928966 6.318536 0.417326
v -2.014737 6.318536 1.556650
v -2.014737 6.232765 0.503096
v -2.014737 6.232765 1.556650
v -2.014737 6.318536 1.556650
v -2.014737 6.318536 0.503096
v -2.014737 6.232765 0.503096
v -1.928966 6.232765 0.417325
v -3.643591 6.318537 0.417326
v -1.928966 6.318536 0.417326
v -1.928966 6.232765 0.417325
v -3.643591 6.232766 0.417325
v -3.643591 6.318537 0.417326
v -2.014737 6.318536 0.503096
v -3.557198 6.232766 0.503096
v -2.014737 6.232765 0.503096
v -2.014737 6.318536 0.503096
v -3.557198 6.318537 0.503096
v -3.557198 6.232766 0.503096
v -3.643591 6.232766 0.417325
v -3.634763 6.318537 1.638317
v -3.643591 6.318537 0.417326
v -3.643591 6.232766 0.417325
v -3.634763 6.232766 1.638319
v -3.634763 6.318537 1.638317
v -3.557198 6.318537 0.503096
v -3.549609 6.232766 1.552762
v -3.557198 6.232766 0.503096
v -3.557198 6.318537 0.503096
v -3.549609 6.318537 1.552762
v -3.549609 6.232766 1.552762
v -3.549609 6.232766 1.552762
v -2.014737 6.232765 1.556650
v -1.928966 6.232765 1.642638
v -3.549609 6.232766 1.552762
v -1.928966 6.232765 1.642638
v -3.634763 6.232766 1.638319
v -2.014737 6.232765 1.556650
v -1.928966 6.232765 0.417325
v -1.928966 6.232765 1.642638
v -3.557198 6.232766 0.503096
v -3.549609 6.232766 1.552762
v -3.634763 6.232766 1.638319
v -2.014737 6.232765 1.556650
v -2.014737 6.232765 0.503096
v -1.928966 6.232765 0.417325
v -3.557198 6.232766 0.503096
v -3.634763 6.232766 1.638319
v -3.643591 6.232766 0.417325
v -2.014737 6.232765 0.503096
v -3.643591 6.232766 0.417325
v -1.928966 6.232765 0.417325
v -2.014737 6.232765 0.503096
v -3.557198 6.232766 0.503096
v -3.643591 6.232766 0.417325
v -1.928966 6.318536 1.642638
v -2.014737 6.318536 0.503096
v -2.014737 6.318536 1.556650
v -1.928966 6.318536 1.642638
v -1.928966 6.318536 0.417326
v -2.014737 6.318536 0.503096
v -3.634763 6.318537 1.638317
v -1.928966 6.318536 1.642638
v -2.014737 6.318536 1.556650
v -1.928966 6.318536 0.417326
v -3.557198 6.318537 0.503096
v -2.014737 6.318536 0.503096
v -3.634763 6.318537 1.638317
v -2.014737 6.318536 1.556650
v -3.549609 6.318537 1.552762
v -1.928966 6.318536 0.417326
v -3.643591 6.318537 0.417326
v -3.557198 6.318537 0.503096
v -3.643591 6.318537 0.417326
v -3.634763 6.318537 1.638317
v -3.549609 6.318537 1.552762
v -3.643591 6.318537 0.417326
v -3.549609 6.318537 1.552762
v -3.557198 6.318537 0.503096
v 0.245092 6.258464 3.658145
v 1.951016 6.344234 3.662464
v 0.245092 6.344235 3.658144
v 0.245092 6.258464 3.658145
v 1.951016 6.258463 3.662465
v 1.951016 6.344234 3.662464
v 0.330500 6.344235 3.572590
v 1.865245 6.258463 3.576478
v 0.330500 6.258464 3.572590
v 0.330500 6.344235 3.572590
v 1.865246 6.344234 3.576476
v 1.865245 6.258463 3.576478
v 1.951016 6.258463 3.662465
v 1.951016 6.344234 1.635358
v 1.951016 6.344234 3.662464
v 1.951016 6.258463 3.662465
v 1.951016 6.258463 1.635358
v 1.951016 6.344234 1.635358
v 1.865246 6.344234 3.576476
v 1.865245 6.258463 1.721130
v 1.865245 6.258463 3.576478
v 1.865246 6.344234 3.576476
v 1.865245 6.344234 1.721130
v 1.865245 6.258463 1.721130
v 1.951016 6.258463 1.635358
v 0.236520 6.344235 1.635359
v 1.951016 6.344234 1.635358
v 1.951016 6.258463 1.635358
v 0.236520 6.258464 1.635359
v 0.236520 6.344235 1.635359
v 1.865245 6.344234 1.721130
v 0.322655 6.258464 1.721130
v 1.865245 6.258463 1.721130
v 1.865245 6.344234 1.721130
v 0.322655 6.344235 1.721130
v 0.322655 6.258464 1.721130
v 0.236520 6.258464 1.635359
v 0.245092 6.344235 3.658144
v 0.236520 6.344235 1.635359
v 0.236520 6.258464 1.635359
v 0.245092 6.258464 3.658145
v 0.245092 6.344235 3.658144
v 0.322655 6.344235 1.721130
v 0.330500 6.258464 3.572590
v 0.322655 6.258464 1.721130
v 0.322655 6.344235 1.721130
v 0.330500 6.344235 3.572590
v 0.330500 6.258464 3.572590
v 0.330500 6.258464 3.572590
v 1.865245 6.258463 3.576478
v 1.951016 6.258463 3.662465
v 0.330500 6.258464 3.572590
v 1.951016 6.258463 3.662465
v 0.245092 6.258464 3.658145
v 1.865245 6.258463 3.576478
v 1.951016 6.258463 1.635358
v 1.951016 6.258463 3.662465
v 0.322655 6.258464 1.721130
v 0.330500 6.258464 3.572590
v 0.245092 6.258464 3.658145
v 1.865245 6.258463 3.576478
v 1.865245 6.258463 1.721130
v 1.951016 6.258463 1.635358
v 0.322655 6.258464 1.721130
v 0.245092 6.258464 3.658145
v 0.236520 6.258464 1.635359
v 1.865245 6.258463 1.721130
v 0.236520 6.258464 1.635359
v 1.951016 6.258463 1.635358
v 1.865245 6.258463 1.721130
v 0.322655 6.258464 1.721130
v 0.236520 6.258464 1.635359
v 1.951016 6.344234 3.662464
v 1.865245 6.344234 1.721130
v 1.865246 6.344234 3.576476
v 1.951016 6.344234 3.662464
v 1.951016 6.344234 1.635358
v 1.865245 6.344234 1.721130
v 0.245092 6.344235 3.658144
v 1.951016 6.344234 3.662464
v 1.865246 6.344234 3.576476
v 1.951016 6.344234 1.635358
v 0.322655 6.344235 1.721130
v 1.865245 6.344234 1.721130
v 0.245092 6.344235 3.658144
v 1.865246 6.344234 3.576476
v 0.330500 6.344235 3.572590
v 1.951016 6.344234 1.635358
v 0.236520 6.344235 1.635359
v 0.322655 6.344235 1.721130
v 0.236520 6.344235 1.635359
v 0.245092 6.344235 3.658144
v 0.330500 6.344235 3.572590
v 0.236520 6.344235 1.635359
v 0.330500 6.344235 3.572590
v 0.322655 6.344235 1.721130
v 2.030878 6.258463 3.658144
v 3.736803 6.344234 3.662464
v 2.030878 6.344234 3.658144
v 2.030878 6.258463 3.658144
v 3.736803 6.258462 3.662465
v 3.736803 6.344234 3.662464
v 2.116287 6.344234 3.572589
v 3.651032 6.258462 3.576478
v 2.116287 6.258463 3.572589
v 2.116287 6.344234 3.572589
v 3.651032 6.344234 3.576476
v 3.651032 6.258462 3.576478
v 3.736803 6.258462 3.662465
v 3.736802 6.344234 1.635358
v 3.736803 6.344234 3.662464
v 3.736803 6.258462 3.662465
v 3.736802 6.258462 1.635358
v 3.736802 6.344234 1.635358
v 3.651032 6.344234 3.576476
v 3.651032 6.258462 1.721129
v 3.651032 6.258462 3.576478
v 3.651032 6.344234 3.576476
v 3.651032 6.344234 1.721129
v 3.651032 6.258462 1.721129
v 3.736802 6.258462 1.635358
v 2.022307 6.344234 1.635358
v 3.736802 6.344234 1.635358
v 3.736802 6.258462 1.635358
v 2.022307 6.258463 1.635358
v 2.022307 6.344234 1.635358
v 3.651032 6.344234 1.721129
v 2.108442 6.258463 1.721129
v 3.651032 6.258462 1.721129
v 3.651032 6.344234 1.721129
v 2.108442 6.344234 1.721129
v 2.108442 6.258463 1.721129
v 2.022307 6.258463 1.635358
v 2.030878 6.344234 3.658144
v 2.022307 6.344234 1.635358
v 2.022307 6.258463 1.635358
v 2.030878 6.258463 3.658144
v 2.030878 6.344234 3.658144
v 2.108442 6.344234 1.721129
v 2.116287 6.258463 3.572589
v 2.108442 6.258463 1.721129
v 2.108442 6.344234 1.721129
v 2.116287 6.344234 3.572589
v 2.116287 6.258463 3.572589
v 2.116287 6.258463 3.572589
v 3.651032 6.258462 3.576478
v 3.736803 6.258462 3.662465
v 2.116287 6.258463 3.572589
v 3.736803 6.258462 3.662465
v 2.030878 6.258463 3.658144
v 3.651032 6.258462 3.576478
v 3.736802 6.258462 1.635358
v 3.736803 6.258462 3.662465
v 2.108442 6.258463 1.721129
v 2.116287 6.258463 3.572589
v 2.030878 6.258463 3.658144
v 3.651032 6.258462 3.576478
v 3.651032 6.258462 1.721129
v 3.736802 6.258462 1.635358
v 2.108442 6.258463 1.721129
v 2.030878 6.258463 3.658144
v 2.022307 6.258463 1.635358
v 3.651032 6.258462 1.721129
v 2.022307 6.258463 1.635358
v 3.736802 6.258462 1.635358
v 3.651032 6.258462 1.721129
v 2.108442 6.258463 1.721129
v 2.022307 6.258463 1.635358
v 3.736803 6.344234 3.662464
v 3.651032 6.344234 1.721129
v 3.651032 6.344234 3.576476
v 3.736803 6.344234 3.662464
v 3.736802 6.344234 1.635358
v 3.651032 6.344234 1.721129
v 2.030878 6.344234 3.658144
v 3.736803 6.344234 3.662464
v 3.651032 6.344234 3.576476
v 3.736802 6.344234 1.635358
v 2.108442 6.344234 1.721129
v 3.651032 6.344234 1.721129
v 2.030878 6.344234 3.658144
v 3.651032 6.344234 3.576476
v 2.116287 6.344234 3.572589
v 3.736802 6.344234 1.635358
v 2.022307 6.344234 1.635358
v 2.108442 6.344234 1.721129
v 2.022307 6.344234 1.635358
v 2.030878 6.344234 3.658144
v 2.116287 6.344234 3.572589
v 2.022307 6.344234 1.635358
v 2.116287 6.344234 3.572589
v 2.108442 6.344234 1.721129
v 2.031005 6.232761 1.638318
v 3.736802 6.318532 1.642637
v 2.031005 6.318532 1.638316
v 2.031005 6.232761 1.638318
v 3.736802 6.232761 1.642637
v 3.736802 6.318532 1.642637
v 2.116159 6.318532 1.552761
v 3.651031 6.232761 1.556649
v 2.116159 6.232761 1.552761
v 2.116159 6.318532 1.552761
v 3.651031 6.318532 1.556649
v 3.651031 6.232761 1.556649
v 3.736802 6.232761 1.642637
v 3.736801 6.318532 0.417325
v 3.736802 6.318532 1.642637
v 3.736802 6.232761 1.642637
v 3.736801 6.232760 0.417323
v 3.736801 6.318532 0.417325
v 3.651031 6.318532 1.556649
v 3.651031 6.232761 0.503095
v 3.651031 6.232761 1.556649
v 3.651031 6.318532 1.556649
v 3.651031 6.318532 0.503095
v 3.651031 6.232761 0.503095
v 3.736801 6.232760 0.417323
v 2.022177 6.318532 0.417325
v 3.736801 6.318532 0.417325
v 3.736801 6.232760 0.417323
v 2.022177 6.232761 0.417324
v 2.022177 6.318532 0.417325
v 3.651031 6.318532 0.503095
v 2.108570 6.232761 0.503095
v 3.651031 6.232761 0.503095
v 3.651031 6.318532 0.503095
v 2.108570 6.318532 0.503095
v 2.108570 6.232761 0.503095
v 2.022177 6.232761 0.417324
v 2.031005 6.318532 1.638316
v 2.022177 6.318532 0.417325
v 2.022177 6.232761 0.417324
v 2.031005 6.232761 1.638318
v 2.031005 6.318532 1.638316
v 2.108570 6.318532 0.503095
v 2.116159 6.232761 1.552761
v 2.108570 6.232761 0.503095
v 2.108570 6.318532 0.503095
v 2.116159 6.318532 1.552761
v 2.116159 6.232761 1.552761
v 2.116159 6.232761 1.552761
v 3.651031 6.232761 1.556649
v 3.736802 6.232761 1.642637
v 2.116159 6.232761 1.552761
v 3.736802 6.232761 1.642637
v 2.031005 6.232761 1.638318
v 3.651031 6.232761 1.556649
v 3.736801 6.232760 0.417323
v 3.736802 6.232761 1.642637
v 2.108570 6.232761 0.503095
v 2.116159 6.232761 1.552761
v 2.031005 6.232761 1.638318
v 3.651031 6.232761 1.556649
v 3.651031 6.232761 0.503095
v 3.736801 6.232760 0.417323
v 2.108570 6.232761 0.503095
v 2.031005 6.232761 1.638318
v 2.022177 6.232761 0.417324
v 3.651031 6.232761 0.503095
v 2.022177 6.232761 0.417324
v 3.736801 6.232760 0.417323
v 3.651031 6.232761 0.503095
v 2.108570 6.232761 0.503095
v 2.022177 6.232761 0.417324
v 3.736802 6.318532 1.642637
v 3.651031 6.318532 0.503095
v 3.651031 6.318532 1.556649
v 3.736802 6.318532 1.642637
v 3.736801 6.318532 0.417325
v 3.651031 6.318532 0.503095
v 2.031005 6.318532 1.638316
v 3.736802 6.318532 1.642637
v 3.651031 6.318532 1.556649
v 3.736801 6.318532 0.417325
v 2.108570 6.318532 0.503095
v 3.651031 6.318532 0.503095
v 2.031005 6.318532 1.638316
v 3.651031 6.318532 1.556649
v 2.116159 6.318532 1.552761
v 3.736801 6.318532 0.417325
v 2.022177 6.318532 0.417325
v 2.108570 6.318532 0.503095
v 2.022177 6.318532 0.417325
v 2.031005 6.318532 1.638316
v 2.116159 6.318532 1.552761
v 2.022177 6.318532 0.417325
v 2.116159 6.318532 1.552761
v 2.108570 6.318532 0.503095
v 0.241062 6.232763 1.638318
v 1.946859 6.318533 1.642638
v 0.241062 6.318534 1.638317
v 0.241062 6.232763 1.638318
v 1.946859 6.232762 1.642638
v 1.946859 6.318533 1.642638
v 0.326216 6.318534 1.552761
v 1.861089 6.232762 1.556649
v 0.326216 6.232763 1.552761
v 0.326216 6.318534 1.552761
v 1.861089 6.318533 1.556649
v 1.861089 6.232762 1.556649
v 1.946859 6.232762 1.642638
v 1.946859 6.318533 0.417325
v 1.946859 6.318533 1.642638
v 1.946859 6.232762 1.642638
v 1.946859 6.232762 0.417324
v 1.946859 6.318533 0.417325
v 1.861089 6.318533 1.556649
v 1.861088 6.232762 0.503095
v 1.861089 6.232762 1.556649
v 1.861089 6.318533 1.556649
v 1.861089 6.318533 0.503095
v 1.861088 6.232762 0.503095
v 1.946859 6.232762 0.417324
v 0.232234 6.318534 0.417326
v 1.946859 6.318533 0.417325
v 1.946859 6.232762 0.417324
v 0.232234 6.232763 0.417324
v 0.232234 6.318534 0.417326
v 1.861089 6.318533 0.503095
v 0.318627 6.232763 0.503095
v 1.861088 6.232762 0.503095
v 1.861089 6.318533 0.503095
v 0.318627 6.318534 0.503095
v 0.318627 6.232763 0.503095
v 0.232234 6.232763 0.417324
v 0.241062 6.318534 1.638317
v 0.232234 6.318534 0.417326
v 0.232234 6.232763 0.417324
v 0.241062 6.232763 1.638318
v 0.241062 6.318534 1.638317
v 0.318627 6.318534 0.503095
v 0.326216 6.232763 1.552761
v 0.318627 6.232763 0.503095
v 0.318627 6.318534 0.503095
v 0.326216 6.318534 1.552761
v 0.326216 6.232763 1.552761
v 0.326216 6.232763 1.552761
v 1.861089 6.232762 1.556649
v 1.946859 6.232762 1.642638
v 0.326216 6.232763 1.552761
v 1.946859 6.232762 1.642638
v 0.241062 6.232763 1.638318
v 1.861089 6.232762 1.556649
v 1.946859 6.232762 0.417324
v 1.946859 6.232762 1.642638
v 0.318627 6.232763 0.503095
v 0.326216 6.232763 1.552761
v 0.241062 6.232763 1.638318
v 1.861089 6.232762 1.556649
v 1.861088 6.232762 0.503095
v 1.946859 6.232762 0.417324
v 0.318627 6.232763 0.503095
v 0.241062 6.232763 1.638318
v 0.232234 6.232763 0.417324
v 1.861088 6.232762 0.503095
v 0.232234 6.232763 0.417324
v 1.946859 6.232762 0.417324
v 1.861088 6.232762 0.503095
v 0.318627 6.232763 0.503095
v 0.232234 6.232763 0.417324
v 1.946859 6.318533 1.642638
v 1.861089 6.318533 0.503095
v 1.861089 6.318533 1.556649
v 1.946859 6.318533 1.642638
v 1.946859 6.318533 0.417325
v 1.861089 6.318533 0.503095
v 0.241062 6.318534 1.638317
v 1.946859 6.318533 1.642638
v 1.861089 6.318533 1.556649
v 1.946859 6.318533 0.417325
v 0.318627 6.318534 0.503095
v 1.861089 6.318533 0.503095
v 0.241062 6.318534 1.638317
v 1.861089 6.318533 1.556649
v 0.326216 6.318534 1.552761
v 1.946859 6.318533 0.417325
v 0.232234 6.318534 0.417326
v 0.318627 6.318534 0.503095
v 0.232234 6.318534 0.417326
v 0.241062 6.318534 1.638317
v 0.326216 6.318534 1.552761
v 0.232234 6.318534 0.417326
v 0.326216 6.318534 1.552761
v 0.318627 6.318534 0.503095
v 4.139209 6.258463 3.658144
v 5.845134 6.344233 3.662464
v 4.139209 6.344234 3.658144
v 4.139209 6.258463 3.658144
v 5.845134 6.258462 3.662464
v 5.845134 6.344233 3.662464
v 4.224618 6.344234 3.572589
v 5.759363 6.258462 3.576477
v 4.224618 6.258463 3.572589
v 4.224618 6.344234 3.572589
v 5.759363 6.344233 3.576476
v 5.759363 6.258462 3.576477
v 5.845134 6.258462 3.662464
v 5.845133 6.344233 1.635358
v 5.845134 6.344233 3.662464
v 5.845134 6.258462 3.662464
v 5.845133 6.258462 1.635358
v 5.845133 6.344233 1.635358
v 5.759363 6.344233 3.576476
v 5.759363 6.258462 1.721129
v 5.759363 6.258462 3.576477
v 5.759363 6.344233 3.576476
v 5.759363 6.344233 1.721129
v 5.759363 6.258462 1.721129
v 5.845133 6.258462 1.635358
v 4.130638 6.344234 1.635358
v 5.845133 6.344233 1.635358
v 5.845133 6.258462 1.635358
v 4.130638 6.258462 1.635358
v 4.130638 6.344234 1.635358
v 5.759363 6.344233 1.721129
v 4.216773 6.258462 1.721129
v 5.759363 6.258462 1.721129
v 5.759363 6.344233 1.721129
v 4.216773 6.344234 1.721129
v 4.216773 6.258462 1.721129
v 4.130638 6.258462 1.635358
v 4.139209 6.344234 3.658144
v 4.130638 6.344234 1.635358
v 4.130638 6.258462 1.635358
v 4.139209 6.258463 3.658144
v 4.139209 6.344234 3.658144
v 4.216773 6.344234 1.721129
v 4.224618 6.258463 3.572589
v 4.216773 6.258462 1.721129
v 4.216773 6.344234 1.721129
v 4.224618 6.344234 3.572589
v 4.224618 6.258463 3.572589
v 4.224618 6.258463 3.572589
v 5.759363 6.258462 3.576477
v 5.845134 6.258462 3.662464
v 4.224618 6.258463 3.572589
v 5.845134 6.258462 3.662464
v 4.139209 6.258463 3.658144
v 5.759363 6.258462 3.576477
v 5.845133 6.258462 1.635358
v 5.845134 6.258462 3.662464
v 4.216773 6.258462 1.721129
v 4.224618 6.258463 3.572589
v 4.139209 6.258463 3.658144
v 5.759363 6.258462 3.576477
v 5.759363 6.258462 1.721129
v 5.845133 6.258462 1.635358
v 4.216773 6.258462 1.721129
v 4.139209 6.258463 3.658144
v 4.130638 6.258462 1.635358
v 5.759363 6.258462 1.721129
v 4.130638 6.258462 1.635358
v 5.845133 6.258462 1.635358
v 5.759363 6.258462 1.721129
v 4.216773 6.258462 1.721129
v 4.130638 6.258462 1.635358
v 5.845134 6.344233 3.662464
v 5.759363 6.344233 1.721129
v 5.759363 6.344233 3.576476
v 5.845134 6.344233 3.662464
v 5.845133 6.344233 1.635358
v 5.759363 6.344233 1.721129
v 4.139209 6.344234 3.658144
v 5.845134 6.344233 3.662464
v 5.759363 6.344233 3.576476
v 5.845133 6.344233 1.635358
v 4.216773 6.344234 1.721129
v 5.759363 6.344233 1.721129
v 4.139209 6.344234 3.658144
v 5.759363 6.344233 3.576476
v 4.224618 6.344234 3.572589
v 5.845133 6.344233 1.635358
v 4.130638 6.344234 1.635358
v 4.216773 6.344234 1.721129
v 4.130638 6.344234 1.635358
v 4.139209 6.344234 3.658144
v 4.224618 6.344234 3.572589
v 4.130638 6.344234 1.635358
v 4.224618 6.344234 3.572589
v 4.216773 6.344234 1.721129
v 5.924996 6.258461 3.658144
v 7.630921 6.344231 3.662463
v 5.924996 6.344232 3.658143
v 5.924996 6.258461 3.658144
v 7.630921 6.258460 3.662464
v 7.630921 6.344231 3.662463
v 6.010405 6.344232 3.572589
v 7.545150 6.258460 3.576477
v 6.010405 6.258461 3.572589
v 6.010405 6.344232 3.572589
v 7.545150 6.344231 3.576475
v 7.545150 6.258460 3.576477
v 7.630921 6.258460 3.662464
v 7.630920 6.344231 1.635357
v 7.630921 6.344231 3.662463
v 7.630921 6.258460 3.662464
v 7.630920 6.258460 1.635357
v 7.630920 6.344231 1.635357
v 7.545150 6.344231 3.576475
v 7.545149 6.258460 1.721128
v 7.545150 6.258460 3.576477
v 7.545150 6.344231 3.576475
v 7.545149 6.344231 1.721128
v 7.545149 6.258460 1.721128
v 7.630920 6.258460 1.635357
v 5.916425 6.344232 1.635358
v 7.630920 6.344231 1.635357
v 7.630920 6.258460 1.635357
v 5.916425 6.258461 1.635358
v 5.916425 6.344232 1.635358
v 7.545149 6.344231 1.721128
v 6.002559 6.258460 1.721129
v 7.545149 6.258460 1.721128
v 7.545149 6.344231 1.721128
v 6.002559 6.344231 1.721129
v 6.002559 6.258460 1.721129
v 5.916425 6.258461 1.635358
v 5.924996 6.344232 3.658143
v 5.916425 6.344232 1.635358
v 5.916425 6.258461 1.635358
v 5.924996 6.258461 3.658144
v 5.924996 6.344232 3.658143
v 6.002559 6.344231 1.721129
v 6.010405 6.258461 3.572589
v 6.002559 6.258460 1.721129
v 6.002559 6.344231 1.721129
v 6.010405 6.344232 3.572589
v 6.010405 6.258461 3.572589
v 6.010405 6.258461 3.572589
v 7.545150 6.258460 3.576477
v 7.630921 6.258460 3.662464
v 6.010405 6.258461 3.572589
v 7.630921 6.258460 3.662464
v 5.924996 6.258461 3.658144
v 7.545150 6.258460 3.576477
v 7.630920 6.258460 1.635357
v 7.630921 6.258460 3.662464
v 6.002559 6.258460 1.721129
v 6.010405 6.258461 3.572589
v 5.924996 6.258461 3.658144
v 7.545150 6.258460 3.576477
v 7.545149 6.258460 1.721128
v 7.630920 6.258460 1.635357
v 6.002559 6.258460 1.721129
v 5.924996 6.258461 3.658144
v 5.916425 6.258461 1.635358
v 7.545149 6.258460 1.721128
v 5.916425 6.258461 1.635358
v 7.630920 6.258460 1.635357
v 7.545149 6.258460 1.721128
v 6.002559 6.258460 1.721129
v 5.916425 6.258461 1.635358
v 7.630921 6.344231 3.662463
v 7.545149 6.344231 1.721128
v 7.545150 6.344231 3.576475
v 7.630921 6.344231 3.662463
v 7.630920 6.344231 1.635357
v 7.545149 6.344231 1.721128
v 5.924996 6.344232 3.658143
v 7.630921 6.344231 3.662463
v 7.545150 6.344231 3.576475
v 7.630920 6.344231 1.635357
v 6.002559 6.344231 1.721129
v 7.545149 6.344231 1.721128
v 5.924996 6.344232 3.658143
v 7.545150 6.344231 3.576475
v 6.010405 6.344232 3.572589
v 7.630920 6.344231 1.635357
v 5.916425 6.344232 1.635358
v 6.002559 6.344231 1.721129
v 5.916425 6.344232 1.635358
v 5.924996 6.344232 3.658143
v 6.010405 6.344232 3.572589
v 5.916425 6.344232 1.635358
v 6.010405 6.344232 3.572589
v 6.002559 6.344231 1.721129
v 5.925122 6.232761 1.638317
v 7.630920 6.318532 1.642636
v 5.925122 6.318532 1.638315
v 5.925122 6.232761 1.638317
v 7.630920 6.232760 1.642636
v 7.630920 6.318532 1.642636
v 6.010277 6.318532 1.552760
v 7.545149 6.232760 1.556648
v 6.010277 6.232761 1.552760
v 6.010277 6.318532 1.552760
v 7.545149 6.318532 1.556648
v 7.545149 6.232760 1.556648
v 7.630920 6.232760 1.642636
v 7.630920 6.318532 0.417324
v 7.630920 6.318532 1.642636
v 7.630920 6.232760 1.642636
v 7.630920 6.232760 0.417323
v 7.630920 6.318532 0.417324
v 7.545149 6.318532 1.556648
v 7.545149 6.232760 0.503094
v 7.545149 6.232760 1.556648
v 7.545149 6.318532 1.556648
v 7.545149 6.318532 0.503094
v 7.545149 6.232760 0.503094
v 7.630920 6.232760 0.417323
v 5.916295 6.318532 0.417324
v 7.630920 6.318532 0.417324
v 7.630920 6.232760 0.417323
v 5.916295 6.232761 0.417323
v 5.916295 6.318532 0.417324
v 7.545149 6.318532 0.503094
v 6.002688 6.232761 0.503094
v 7.545149 6.232760 0.503094
v 7.545149 6.318532 0.503094
v 6.002688 6.318532 0.503094
v 6.002688 6.232761 0.503094
v 5.916295 6.232761 0.417323
v 5.925122 6.318532 1.638315
v 5.916295 6.318532 0.417324
v 5.916295 6.232761 0.417323
v 5.925122 6.232761 1.638317
v 5.925122 6.318532 1.638315
v 6.002688 6.318532 0.503094
v 6.010277 6.232761 1.552760
v 6.002688 6.232761 0.503094
v 6.002688 6.318532 0.503094
v 6.010277 6.318532 1.552760
v 6.010277 6.232761 1.552760
v 6.010277 6.232761 1.552760
v 7.545149 6.232760 1.556648
v 7.630920 6.232760 1.642636
v 6.010277 6.232761 1.552760
v 7.630920 6.232760 1.642636
v 5.925122 6.232761 1.638317
v 7.545149 6.232760 1.556648
v 7.630920 6.232760 0.417323
v 7.630920 6.232760 1.642636
v 6.002688 6.232761 0.503094
v 6.010277 6.232761 1.552760
v 5.925122 6.232761 1.638317
v 7.545149 6.232760 1.556648
v 7.545149 6.232760 0.503094
v 7.630920 6.232760 0.417323
v 6.002688 6.232761 0.503094
v 5.925122 6.232761 1.638317
v 5.916295 6.232761 0.417323
v 7.545149 6.232760 0.503094
v 5.916295 6.232761 0.417323
v 7.630920 6.232760 0.417323
v 7.545149 6.232760 0.503094
v 6.002688 6.232761 0.503094
v 5.916295 6.232761 0.417323
v 7.630920 6.318532 1.642636
v 7.545149 6.318532 0.503094
v 7.545149 6.318532 1.556648
v 7.630920 6.318532 1.642636
v 7.630920 6.318532 0.417324
v 7.545149 6.318532 0.503094
v 5.925122 6.318532 1.638315
v 7.630920 6.318532 1.642636
v 7.545149 6.318532 1.556648
v 7.630920 6.318532 0.417324
v 6.002688 6.318532 0.503094
v 7.545149 6.318532 0.503094
v 5.925122 6.318532 1.638315
v 7.545149 6.318532 1.556648
v 6.010277 6.318532 1.552760
v 7.630920 6.318532 0.417324
v 5.916295 6.318532 0.417324
v 6.002688 6.318532 0.503094
v 5.916295 6.318532 0.417324
v 5.925122 6.318532 1.638315
v 6.010277 6.318532 1.552760
v 5.916295 6.318532 0.417324
v 6.010277 6.318532 1.552760
v 6.002688 6.318532 0.503094
v 4.135179 6.232761 1.638317
v 5.840976 6.318532 1.642637
v 4.135179 6.318532 1.638316
v 4.135179 6.232761 1.638317
v 5.840976 6.232761 1.642637
v 5.840976 6.318532 1.642637
v 4.220333 6.318532 1.552761
v 5.755205 6.232761 1.556648
v 4.220333 6.232761 1.552761
v 4.220333 6.318532 1.552761
v 5.755205 6.318532 1.556648
v 5.755205 6.232761 1.556648
v 5.840976 6.232761 1.642637
v 5.840976 6.318531 0.417324
v 5.840976 6.318532 1.642637
v 5.840976 6.232761 1.642637
v 5.840976 6.232760 0.417323
v 5.840976 6.318531 0.417324
v 5.755205 6.318532 1.556648
v 5.755205 6.232761 0.503094
v 5.755205 6.232761 1.556648
v 5.755205 6.318532 1.556648
v 5.755205 6.318532 0.503094
v 5.755205 6.232761 0.503094
v 5.840976 6.232760 0.417323
v 4.126351 6.318532 0.417325
v 5.840976 6.318531 0.417324
v 5.840976 6.232760 0.417323
v 4.126351 6.232761 0.417323
v 4.126351 6.318532 0.417325
v 5.755205 6.318532 0.503094
v 4.212744 6.232761 0.503094
v 5.755205 6.232761 0.503094
v 5.755205 6.318532 0.503094
v 4.212744 6.318532 0.503094
v 4.212744 6.232761 0.503094
v 4.126351 6.232761 0.417323
v 4.135179 6.318532 1.638316
v 4.126351 6.318532 0.417325
v 4.126351 6.232761 0.417323
v 4.135179 6.232761 1.638317
v 4.135179 6.318532 1.638316
v 4.212744 6.318532 0.503094
v 4.220333 6.232761 1.552761
v 4.212744 6.232761 0.503094
v 4.212744 6.318532 0.503094
v 4.220333 6.318532 1.552761
v 4.220333 6.232761 1.552761
v 4.220333 6.232761 1.552761
v 5.755205 6.232761 1.556648
v 5.840976 6.232761 1.642637
v 4.220333 6.232761 1.552761
v 5.840976 6.232761 1.642637
v 4.135179 6.232761 1.638317
v 5.755205 6.232761 1.556648
v 5.840976 6.232760 0.417323
v 5.840976 6.232761 1.642637
v 4.212744 6.232761 0.503094
v 4.220333 6.232761 1.552761
v 4.135179 6.232761 1.638317
v 5.755205 6.232761 1.556648
v 5.755205 6.232761 0.503094
v 5.840976 6.232760 0.417323
v 4.212744 6.232761 0.503094
v 4.135179 6.232761 1.638317
v 4.126351 6.232761 0.417323
v 5.755205 6.232761 0.503094
v 4.126351 6.232761 0.417323
v 5.840976 6.232760 0.417323
v 5.755205 6.232761 0.503094
v 4.212744 6.232761 0.503094
v 4.126351 6.232761 0.417323
v 5.840976 6.318532 1.642637
v 5.755205 6.318532 0.503094
v 5.755205 6.318532 1.556648
v 5.840976 6.318532 1.642637
v 5.840976 6.318531 0.417324
v 5.755205 6.318532 0.503094
v 4.135179 6.318532 1.638316
v 5.840976 6.318532 1.642637
v 5.755205 6.318532 1.556648
v 5.840976 6.318531 0.417324
v 4.212744 6.318532 0.503094
v 5.755205 6.318532 0.503094
v 4.135179 6.318532 1.638316
v 5.755205 6.318532 1.556648
v 4.220333 6.318532 1.552761
v 5.840976 6.318531 0.417324
v 4.126351 6.318532 0.417325
v 4.212744 6.318532 0.503094
v 4.126351 6.318532 0.417325
v 4.135179 6.318532 1.638316
v 4.220333 6.318532 1.552761
v 4.126351 6.318532 0.417325
v 4.220333 6.318532 1.552761
v 4.212744 6.318532 0.503094
v -7.552382 6.258468 3.658147
v -5.846457 6.344238 3.662467
v -7.552382 6.344239 3.658147
v -7.552382 6.258468 3.658147
v -5.846457 6.258467 3.662467
v -5.846457 6.344238 3.662467
v -7.466973 6.344239 3.572592
v -5.932228 6.258467 3.576480
v -7.466973 6.258468 3.572592
v -7.466973 6.344239 3.572592
v -5.932228 6.344238 3.576479
v -5.932228 6.258467 3.576480
v -5.846457 6.258467 3.662467
v -5.846457 6.344238 1.635361
v -5.846457 6.344238 3.662467
v -5.846457 6.258467 3.662467
v -5.846457 6.258467 1.635361
v -5.846457 6.344238 1.635361
v -5.932228 6.344238 3.576479
v -5.932229 6.258467 1.721133
v -5.932228 6.258467 3.576480
v -5.932228 6.344238 3.576479
v -5.932229 6.344238 1.721133
v -5.932229 6.258467 1.721133
v -5.846457 6.258467 1.635361
v -7.560954 6.344239 1.635362
v -5.846457 6.344238 1.635361
v -5.846457 6.258467 1.635361
v -7.560954 6.258468 1.635362
v -7.560954 6.344239 1.635362
v -5.932229 6.344238 1.721133
v -7.474818 6.258467 1.721133
v -5.932229 6.258467 1.721133
v -5.932229 6.344238 1.721133
v -7.474818 6.344238 1.721133
v -7.474818 6.258467 1.721133
v -7.560954 6.258468 1.635362
v -7.552382 6.344239 3.658147
v -7.560954 6.344239 1.635362
v -7.560954 6.258468 1.635362
v -7.552382 6.258468 3.658147
v -7.552382 6.344239 3.658147
v -7.474818 6.344238 1.721133
v -7.466973 6.258468 3.572592
v -7.474818 6.258467 1.721133
v -7.474818 6.344238 1.721133
v -7.466973 6.344239 3.572592
v -7.466973 6.258468 3.572592
v -7.466973 6.258468 3.572592
v -5.932228 6.258467 3.576480
v -5.846457 6.258467 3.662467
v -7.466973 6.258468 3.572592
v -5.846457 6.258467 3.662467
v -7.552382 6.258468 3.658147
v -5.932228 6.258467 3.576480
v -5.846457 6.258467 1.635361
v -5.846457 6.258467 3.662467
v -7.474818 6.258467 1.721133
v -7.466973 6.258468 3.572592
v -7.552382 6.258468 3.658147
v -5.932228 6.258467 3.576480
v -5.932229 6.258467 1.721133
v -5.846457 6.258467 1.635361
v -7.474818 6.258467 1.721133
v -7.552382 6.258468 3.658147
v -7.560954 6.258468 1.635362
v -5.932229 6.258467 1.721133
v -7.560954 6.258468 1.635362
v -5.846457 6.258467 1.635361
v -5.932229 6.258467 1.721133
v -7.474818 6.258467 1.721133
v -7.560954 6.258468 1.635362
v -5.846457 6.344238 3.662467
v -5.932229 6.344238 1.721133
v -5.932228 6.344238 3.576479
v -5.846457 6.344238 3.662467
v -5.846457 6.344238 1.635361
v -5.932229 6.344238 1.721133
v -7.552382 6.344239 3.658147
v -5.846457 6.344238 3.662467
v -5.932228 6.344238 3.576479
v -5.846457 6.344238 1.635361
v -7.474818 6.344238 1.721133
v -5.932229 6.344238 1.721133
v -7.552382 6.344239 3.658147
v -5.932228 6.344238 3.576479
v -7.466973 6.344239 3.572592
v -5.846457 6.344238 1.635361
v -7.560954 6.344239 1.635362
v -7.474818 6.344238 1.721133
v -7.560954 6.344239 1.635362
v -7.552382 6.344239 3.658147
v -7.466973 6.344239 3.572592
v -7.560954 6.344239 1.635362
v -7.466973 6.344239 3.572592
v -7.474818 6.344238 1.721133
v -5.766595 6.258466 3.658146
v -4.060670 6.344236 3.662466
v -5.766595 6.344237 3.658145
v -5.766595 6.258466 3.658146
v -4.060670 6.258465 3.662466
v -4.060670 6.344236 3.662466
v -5.681186 6.344237 3.572591
v -4.146441 6.258465 3.576479
v -5.681186 6.258466 3.572591
v -5.681186 6.344237 3.572591
v -4.146441 6.344236 3.576478
v -4.146441 6.258465 3.576479
v -4.060670 6.258465 3.662466
v -4.060671 6.344236 1.635360
v -4.060670 6.344236 3.662466
v -4.060670 6.258465 3.662466
v -4.060671 6.258465 1.635360
v -4.060671 6.344236 1.635360
v -4.146441 6.344236 3.576478
v -4.146441 6.258465 1.721131
v -4.146441 6.258465 3.576479
v -4.146441 6.344236 3.576478
v -4.146441 6.344236 1.721131
v -4.146441 6.258465 1.721131
v -4.060671 6.258465 1.635360
v -5.775167 6.344237 1.635360
v -4.060671 6.344236 1.635360
v -4.060671 6.258465 1.635360
v -5.775167 6.258466 1.635360
v -5.775167 6.344237 1.635360
v -4.146441 6.344236 1.721131
v -5.689031 6.258466 1.721131
v -4.146441 6.258465 1.721131
v -4.146441 6.344236 1.721131
v -5.689031 6.344237 1.721131
v -5.689031 6.258466 1.721131
v -5.775167 6.258466 1.635360
v -5.766595 6.344237 3.658145
v -5.775167 6.344237 1.635360
v -5.775167 6.258466 1.635360
v -5.766595 6.258466 3.658146
v -5.766595 6.344237 3.658145
v -5.689031 6.344237 1.721131
v -5.681186 6.258466 3.572591
v -5.689031 6.258466 1.721131
v -5.689031 6.344237 1.721131
v -5.681186 6.344237 3.572591
v -5.681186 6.258466 3.572591
v -5.681186 6.258466 3.572591
v -4.146441 6.258465 3.576479
v -4.060670 6.258465 3.662466
v -5.681186 6.258466 3.572591
v -4.060670 6.258465 3.662466
v -5.766595 6.258466 3.658146
v -4.146441 6.258465 3.576479
v -4.060671 6.258465 1.635360
v -4.060670 6.258465 3.662466
v -5.689031 6.258466 1.721131
v -5.681186 6.258466 3.572591
v -5.766595 6.258466 3.658146
v -4.146441 6.258465 3.576479
v -4.146441 6.258465 1.721131
v -4.060671 6.258465 1.635360
v -5.689031 6.258466 1.721131
v -5.766595 6.258466 3.658146
v -5.775167 6.258466 1.635360
v -4.146441 6.258465 1.721131
v -5.775167 6.258466 1.635360
v -4.060671 6.258465 1.635360
v -4.146441 6.258465 1.721131
v -5.689031 6.258466 1.721131
v -5.775167 6.258466 1.635360
v -4.060670 6.344236 3.662466
v -4.146441 6.344236 1.721131
v -4.146441 6.344236 3.576478
v -4.060670 6.344236 3.662466
v -4.060671 6.344236 1.635360
v -4.146441 6.344236 1.721131
v -5.766595 6.344237 3.658145
v -4.060670 6.344236 3.662466
v -4.146441 6.344236 3.576478
v -4.060671 6.344236 1.635360
v -5.689031 6.344237 1.721131
v -4.146441 6.344236 1.721131
v -5.766595 6.344237 3.658145
v -4.146441 6.344236 3.576478
v -5.681186 6.344237 3.572591
v -4.060671 6.344236 1.635360
v -5.775167 6.344237 1.635360
v -5.689031 6.344237 1.721131
v -5.775167 6.344237 1.635360
v -5.766595 6.344237 3.658145
v -5.681186 6.344237 3.572591
v -5.775167 6.344237 1.635360
v -5.681186 6.344237 3.572591
v -5.689031 6.344237 1.721131
v -5.766469 6.232767 1.638319
v -4.060671 6.318537 1.642639
v -5.766469 6.318538 1.638318
v -5.766469 6.232767 1.638319
v -4.060671 6.232766 1.642639
v -4.060671 6.318537 1.642639
v -5.681315 6.318538 1.552763
v -4.146442 6.232766 1.556650
v -5.681315 6.232767 1.552763
v -5.681315 6.318538 1.552763
v -4.146442 6.318537 1.556650
v -4.146442 6.232766 1.556650
v -4.060671 6.232766 1.642639
v -4.060672 6.318537 0.417326
v -4.060671 6.318537 1.642639
v -4.060671 6.232766 1.642639
v -4.060672 6.232766 0.417325
v -4.060672 6.318537 0.417326
v -4.146442 6.318537 1.556650
v -4.146442 6.232766 0.503096
v -4.146442 6.232766 1.556650
v -4.146442 6.318537 1.556650
v -4.146442 6.318537 0.503096
v -4.146442 6.232766 0.503096
v -4.060672 6.232766 0.417325
v -5.775296 6.318538 0.417327
v -4.060672 6.318537 0.417326
v -4.060672 6.232766 0.417325
v -5.775296 6.232767 0.417325
v -5.775296 6.318538 0.417327
v -4.146442 6.318537 0.503096
v -5.688903 6.232767 0.503096
v -4.146442 6.232766 0.503096
v -4.146442 6.318537 0.503096
v -5.688903 6.318538 0.503096
v -5.688903 6.232767 0.503096
v -5.775296 6.232767 0.417325
v -5.766469 6.318538 1.638318
v -5.775296 6.318538 0.417327
v -5.775296 6.232767 0.417325
v -5.766469 6.232767 1.638319
v -5.766469 6.318538 1.638318
v -5.688903 6.318538 0.503096
v -5.681315 6.232767 1.552763
v -5.688903 6.232767 0.503096
v -5.688903 6.318538 0.503096
v -5.681315 6.318538 1.552763
v -5.681315 6.232767 1.552763
v -5.681315 6.232767 1.552763
v -4.146442 6.232766 1.556650
v -4.060671 6.232766 1.642639
v -5.681315 6.232767 1.552763
v -4.060671 6.232766 1.642639
v -5.766469 6.232767 1.638319
v -4.146442 6.232766 1.556650
v -4.060672 6.232766 0.417325
v -4.060671 6.232766 1.642639
v -5.688903 6.232767 0.503096
v -5.681315 6.232767 1.552763
v -5.766469 6.232767 1.638319
v -4.146442 6.232766 1.556650
v -4.146442 6.232766 0.503096
v -4.060672 6.232766 0.417325
v -5.688903 6.232767 0.503096
v -5.766469 6.232767 1.638319
v -5.775296 6.232767 0.417325
v -4.146442 6.232766 0.503096
v -5.775296 6.232767 0.417325
v -4.060672 6.232766 0.417325
v -4.146442 6.232766 0.503096
v -5.688903 6.232767 0.503096
v -5.775296 6.232767 0.417325
v -4.060671 6.318537 1.642639
v -4.146442 6.318537 0.503096
v -4.146442 6.318537 1.556650
v -4.060671 6.318537 1.642639
v -4.060672 6.318537 0.417326
v -4.146442 6.318537 0.503096
v -5.766469 6.318538 1.638318
v -4.060671 6.318537 1.642639
v -4.146442 6.318537 1.556650
v -4.060672 6.318537 0.417326
v -5.688903 6.318538 0.503096
v -4.146442 6.318537 0.503096
v -5.766469 6.318538 1.638318
v -4.146442 6.318537 1.556650
v -5.681315 6.318538 1.552763
v -4.060672 6.318537 0.417326
v -5.775296 6.318538 0.417327
v -5.688903 6.318538 0.503096
v -5.775296 6.318538 0.417327
v -5.766469 6.318538 1.638318
v -5.681315 6.318538 1.552763
v -5.775296 6.318538 0.417327
v -5.681315 6.318538 1.552763
v -5.688903 6.318538 0.503096
v -7.556412 6.232767 1.638320
v -5.850615 6.318537 1.642639
v -7.556412 6.318538 1.638318
v -7.556412 6.232767 1.638320
v -5.850615 6.232766 1.642639
v -5.850615 6.318537 1.642639
v -7.471258 6.318537 1.552763
v -5.936385 6.232766 1.556651
v -7.471258 6.232767 1.552763
v -7.471258 6.318537 1.552763
v -5.936385 6.318537 1.556651
v -5.936385 6.232766 1.556651
v -5.850615 6.232766 1.642639
v -5.850615 6.318537 0.417327
v -5.850615 6.318537 1.642639
v -5.850615 6.232766 1.642639
v -5.850615 6.232766 0.417325
v -5.850615 6.318537 0.417327
v -5.936385 6.318537 1.556651
v -5.936385 6.232766 0.503096
v -5.936385 6.232766 1.556651
v -5.936385 6.318537 1.556651
v -5.936385 6.318537 0.503096
v -5.936385 6.232766 0.503096
v -5.850615 6.232766 0.417325
v -7.565239 6.318537 0.417327
v -5.850615 6.318537 0.417327
v -5.850615 6.232766 0.417325
v -7.565239 6.232767 0.417326
v -7.565239 6.318537 0.417327
v -5.936385 6.318537 0.503096
v -7.478846 6.232767 0.503097
v -5.936385 6.232766 0.503096
v -5.936385 6.318537 0.503096
v -7.478846 6.318537 0.503097
v -7.478846 6.232767 0.503097
v -7.565239 6.232767 0.417326
v -7.556412 6.318538 1.638318
v -7.565239 6.318537 0.417327
v -7.565239 6.232767 0.417326
v -7.556412 6.232767 1.638320
v -7.556412 6.318538 1.638318
v -7.478846 6.318537 0.503097
v -7.471258 6.232767 1.552763
v -7.478846 6.232767 0.503097
v -7.478846 6.318537 0.503097
v -7.471258 6.318537 1.552763
v -7.471258 6.232767 1.552763
v -7.471258 6.232767 1.552763
v -5.936385 6.232766 1.556651
v -5.850615 6.232766 1.642639
v -7.471258 6.232767 1.552763
v -5.850615 6.232766 1.642639
v -7.556412 6.232767 1.638320
v -5.936385 6.232766 1.556651
v -5.850615 6.232766 0.417325
v -5.850615 6.232766 1.642639
v -7.478846 6.232767 0.503097
v -7.471258 6.232767 1.552763
v -7.556412 6.232767 1.638320
v -5.936385 6.232766 1.556651
v -5.936385 6.232766 0.503096
v -5.850615 6.232766 0.417325
v -7.478846 6.232767 0.503097
v -7.556412 6.232767 1.638320
v -7.565239 6.232767 0.417326
v -5.936385 6.232766 0.503096
v -7.565239 6.232767 0.417326
v -5.850615 6.232766 0.417325
v -5.936385 6.232766 0.503096
v -7.478846 6.232767 0.503097
v -7.565239 6.232767 0.417326
v -5.850615 6.318537 1.642639
v -5.936385 6.318537 0.503096
v -5.936385 6.318537 1.556651
v -5.850615 6.318537 1.642639
v -5.850615 6.318537 0.417327
v -5.936385 6.318537 0.503096
v -7.556412 6.318538 1.638318
v -5.850615 6.318537 1.642639
v -5.936385 6.318537 1.556651
v -5.850615 6.318537 0.417327
v -7.478846 6.318537 0.503097
v -5.936385 6.318537 0.503096
v -7.556412 6.318538 1.638318
v -5.936385 6.318537 1.556651
v -7.471258 6.318537 1.552763
v -5.850615 6.318537 0.417327
v -7.565239 6.318537 0.417327
v -7.478846 6.318537 0.503097
v -7.565239 6.318537 0.417327
v -7.556412 6.318538 1.638318
v -7.471258 6.318537 1.552763
v -7.565239 6.318537 0.417327
v -7.471258 6.318537 1.552763
v -7.478846 6.318537 0.503097
v -7.552382 6.258468 7.833957
v -5.846457 6.344238 7.838277
v -7.552382 6.344239 7.833957
v -7.552382 6.258468 7.833957
v -5.846457 6.258467 7.838277
v -5.846457 6.344238 7.838277
v -7.466973 6.344239 7.748401
v -5.932228 6.258467 7.752288
v -7.466973 6.258468 7.748401
v -7.466973 6.344239 7.748401
v -5.932228 6.344238 7.752288
v -5.932228 6.258467 7.752288
v -5.846457 6.258467 7.838277
v -5.846457 6.344238 5.811172
v -5.846457 6.344238 7.838277
v -5.846457 6.258467 7.838277
v -5.846457 6.258467 5.811171
v -5.846457 6.344238 5.811172
v -5.932228 6.344238 7.752288
v -5.932228 6.258467 5.896942
v -5.932228 6.258467 7.752288
v -5.932228 6.344238 7.752288
v -5.932228 6.344238 5.896942
v -5.932228 6.258467 5.896942
v -5.846457 6.258467 5.811171
v -7.560953 6.344239 5.811172
v -5.846457 6.344238 5.811172
v -5.846457 6.258467 5.811171
v -7.560953 6.258468 5.811172
v -7.560953 6.344239 5.811172
v -5.932228 6.344238 5.896942
v -7.474817 6.258468 5.896942
v -5.932228 6.258467 5.896942
v -5.932228 6.344238 5.896942
v -7.474817 6.344239 5.896943
v -7.474817 6.258468 5.896942
v -7.560953 6.258468 5.811172
v -7.552382 6.344239 7.833957
v -7.560953 6.344239 5.811172
v -7.560953 6.258468 5.811172
v -7.552382 6.258468 7.833957
v -7.552382 6.344239 7.833957
v -7.474817 6.344239 5.896943
v -7.466973 6.258468 7.748401
v -7.474817 6.258468 5.896942
v -7.474817 6.344239 5.896943
v -7.466973 6.344239 7.748401
v -7.466973 6.258468 7.748401
v -7.466973 6.258468 7.748401
v -5.932228 6.258467 7.752288
v -5.846457 6.258467 7.838277
v -7.466973 6.258468 7.748401
v -5.846457 6.258467 7.838277
v -7.552382 6.258468 7.833957
v -5.932228 6.258467 7.752288
v -5.846457 6.258467 5.811171
v -5.846457 6.258467 7.838277
v -7.474817 6.258468 5.896942
v -7.466973 6.258468 7.748401
v -7.552382 6.258468 7.833957
v -5.932228 6.258467 7.752288
v -5.932228 6.258467 5.896942
v -5.846457 6.258467 5.811171
v -7.474817 6.258468 5.896942
v -7.552382 6.258468 7.833957
v -7.560953 6.258468 5.811172
v -5.932228 6.258467 5.896942
v -7.560953 6.258468 5.811172
v -5.846457 6.258467 5.811171
v -5.932228 6.258467 5.896942
v -7.474817 6.258468 5.896942
v -7.560953 6.258468 5.811172
v -5.846457 6.344238 7.838277
v -5.932228 6.344238 5.896942
v -5.932228 6.344238 7.752288
v -5.846457 6.344238 7.838277
v -5.846457 6.344238 5.811172
v -5.932228 6.344238 5.896942
v -7.552382 6.344239 7.833957
v -5.846457 6.344238 7.838277
v -5.932228 6.344238 7.752288
v -5.846457 6.344238 5.811172
v -7.474817 6.344239 5.896943
v -5.932228 6.344238 5.896942
v -7.552382 6.344239 7.833957
v -5.932228 6.344238 7.752288
v -7.466973 6.344239 7.748401
v -5.846457 6.344238 5.811172
v -7.560953 6.344239 5.811172
v -7.474817 6.344239 5.896943
v -7.560953 6.344239 5.811172
v -7.552382 6.344239 7.833957
v -7.466973 6.344239 7.748401
v -7.560953 6.344239 5.811172
v -7.466973 6.344239 7.748401
v -7.474817 6.344239 5.896943
v -5.766594 6.258467 7.833957
v -4.060669 6.344237 7.838277
v -5.766594 6.344238 7.833957
v -5.766594 6.258467 7.833957
v -4.060669 6.258466 7.838277
v -4.060669 6.344237 7.838277
v -5.681186 6.344238 7.748402
v -4.146441 6.258466 7.752289
v -5.681186 6.258467 7.748402
v -5.681186 6.344238 7.748402
v -4.146441 6.344237 7.752289
v -4.146441 6.258466 7.752289
v -4.060669 6.258466 7.838277
v -4.060670 6.344237 5.811172
v -4.060669 6.344237 7.838277
v -4.060669 6.258466 7.838277
v -4.060670 6.258466 5.811171
v -4.060670 6.344237 5.811172
v -4.146441 6.344237 7.752289
v -4.146441 6.258466 5.896942
v -4.146441 6.258466 7.752289
v -4.146441 6.344237 7.752289
v -4.146441 6.344237 5.896942
v -4.146441 6.258466 5.896942
v -4.060670 6.258466 5.811171
v -5.775166 6.344238 5.811172
v -4.060670 6.344237 5.811172
v -4.060670 6.258466 5.811171
v -5.775166 6.258467 5.811171
v -5.775166 6.344238 5.811172
v -4.146441 6.344237 5.896942
v -5.689030 6.258467 5.896942
v -4.146441 6.258466 5.896942
v -4.146441 6.344237 5.896942
v -5.689030 6.344238 5.896942
v -5.689030 6.258467 5.896942
v -5.775166 6.258467 5.811171
v -5.766594 6.344238 7.833957
v -5.775166 6.344238 5.811172
v -5.775166 6.258467 5.811171
v -5.766594 6.258467 7.833957
v -5.766594 6.344238 7.833957
v -5.689030 6.344238 5.896942
v -5.681186 6.258467 7.748402
v -5.689030 6.258467 5.896942
v -5.689030 6.344238 5.896942
v -5.681186 6.344238 7.748402
v -5.681186 6.258467 7.748402
v -5.681186 6.258467 7.748402
v -4.146441 6.258466 7.752289
v -4.060669 6.258466 7.838277
v -5.681186 6.258467 7.748402
v -4.060669 6.258466 7.838277
v -5.766594 6.258467 7.833957
v -4.146441 6.258466 7.752289
v -4.060670 6.258466 5.811171
v -4.060669 6.258466 7.838277
v -5.689030 6.258467 5.896942
v -5.681186 6.258467 7.748402
v -5.766594 6.258467 7.833957
v -4.146441 6.258466 7.752289
v -4.146441 6.258466 5.896942
v -4.060670 6.258466 5.811171
v -5.689030 6.258467 5.896942
v -5.766594 6.258467 7.833957
v -5.775166 6.258467 5.811171
v -4.146441 6.258466 5.896942
v -5.775166 6.258467 5.811171
v -4.060670 6.258466 5.811171
v -4.146441 6.258466 5.896942
v -5.689030 6.258467 5.896942
v -5.775166 6.258467 5.811171
v -4.060669 6.344237 7.838277
v -4.146441 6.344237 5.896942
v -4.146441 6.344237 7.752289
v -4.060669 6.344237 7.838277
v -4.060670 6.344237 5.811172
v -4.146441 6.344237 5.896942
v -5.766594 6.344238 7.833957
v -4.060669 6.344237 7.838277
v -4.146441 6.344237 7.752289
v -4.060670 6.344237 5.811172
v -5.689030 6.344238 5.896942
v -4.146441 6.344237 5.896942
v -5.766594 6.344238 7.833957
v -4.146441 6.344237 7.752289
v -5.681186 6.344238 7.748402
v -4.060670 6.344237 5.811172
v -5.775166 6.344238 5.811172
v -5.689030 6.344238 5.896942
v -5.775166 6.344238 5.811172
v -5.766594 6.344238 7.833957
v -5.681186 6.344238 7.748402
v -5.775166 6.344238 5.811172
v -5.681186 6.344238 7.748402
v -5.689030 6.344238 5.896942
v -5.766468 6.232765 5.814130
v -4.060670 6.318536 5.818450
v -5.766468 6.318536 5.814130
v -5.766468 6.232765 5.814130
v -4.060670 6.232765 5.818450
v -4.060670 6.318536 5.818450
v -5.681314 6.318536 5.728574
v -4.146441 6.232765 5.732462
v -5.681314 6.232765 5.728574
v -5.681314 6.318536 5.728574
v -4.146441 6.318536 5.732462
v -4.146441 6.232765 5.732462
v -4.060670 6.232765 5.818450
v -4.060671 6.318536 4.593137
v -4.060670 6.318536 5.818450
v -4.060670 6.232765 5.818450
v -4.060671 6.232765 4.593137
v -4.060671 6.318536 4.593137
v -4.146441 6.318536 5.732462
v -4.146442 6.232765 4.678907
v -4.146441 6.232765 5.732462
v -4.146441 6.318536 5.732462
v -4.146442 6.318536 4.678908
v -4.146442 6.232765 4.678907
v -4.060671 6.232765 4.593137
v -5.775296 6.318536 4.593137
v -4.060671 6.318536 4.593137
v -4.060671 6.232765 4.593137
v -5.775296 6.232765 4.593137
v -5.775296 6.318536 4.593137
v -4.146442 6.318536 4.678908
v -5.688903 6.232765 4.678907
v -4.146442 6.232765 4.678907
v -4.146442 6.318536 4.678908
v -5.688903 6.318536 4.678908
v -5.688903 6.232765 4.678907
v -5.775296 6.232765 4.593137
v -5.766468 6.318536 5.814130
v -5.775296 6.318536 4.593137
v -5.775296 6.232765 4.593137
v -5.766468 6.232765 5.814130
v -5.766468 6.318536 5.814130
v -5.688903 6.318536 4.678908
v -5.681314 6.232765 5.728574
v -5.688903 6.232765 4.678907
v -5.688903 6.318536 4.678908
v -5.681314 6.318536 5.728574
v -5.681314 6.232765 5.728574
v -5.681314 6.232765 5.728574
v -4.146441 6.232765 5.732462
v -4.060670 6.232765 5.818450
v -5.681314 6.232765 5.728574
v -4.060670 6.232765 5.818450
v -5.766468 6.232765 5.814130
v -4.146441 6.232765 5.732462
v -4.060671 6.232765 4.593137
v -4.060670 6.232765 5.818450
v -5.688903 6.232765 4.678907
v -5.681314 6.232765 5.728574
v -5.766468 6.232765 5.814130
v -4.146441 6.232765 5.732462
v -4.146442 6.232765 4.678907
v -4.060671 6.232765 4.593137
v -5.688903 6.232765 4.678907
v -5.766468 6.232765 5.814130
v -5.775296 6.232765 4.593137
v -4.146442 6.232765 4.678907
v -5.775296 6.232765 4.593137
v -4.060671 6.232765 4.593137
v -4.146442 6.232765 4.678907
v -5.688903 6.232765 4.678907
v -5.775296 6.232765 4.593137
v -4.060670 6.318536 5.818450
v -4.146442 6.318536 4.678908
v -4.146441 6.318536 5.732462
v -4.060670 6.318536 5.818450
v -4.060671 6.318536 4.593137
v -4.146442 6.318536 4.678908
v -5.766468 6.318536 5.814130
v -4.060670 6.318536 5.818450
v -4.146441 6.318536 5.732462
v -4.060671 6.318536 4.593137
v -5.688903 6.318536 4.678908
v -4.146442 6.318536 4.678908
v -5.766468 6.318536 5.814130
v -4.146441 6.318536 5.732462
v -5.681314 6.318536 5.728574
v -4.060671 6.318536 4.593137
v -5.775296 6.318536 4.593137
v -5.688903 6.318536 4.678908
v -5.775296 6.318536 4.593137
v -5.766468 6.318536 5.814130
v -5.681314 6.318536 5.728574
v -5.775296 6.318536 4.593137
v -5.681314 6.318536 5.728574
v -5.688903 6.318536 4.678908
v -7.556411 6.232766 5.814129
v -5.850614 6.318536 5.818449
v -7.556411 6.318536 5.814129
v -7.556411 6.232766 5.814129
v -5.850614 6.232765 5.818449
v -5.850614 6.318536 5.818449
v -7.471257 6.318536 5.728573
v -5.936384 6.232765 5.732461
v -7.471257 6.232766 5.728574
v -7.471257 6.318536 5.728573
v -5.936384 6.318536 5.732461
v -5.936384 6.232765 5.732461
v -5.850614 6.232765 5.818449
v -5.850614 6.318535 4.593137
v -5.850614 6.318536 5.818449
v -5.850614 6.232765 5.818449
v -5.850614 6.232765 4.593136
v -5.850614 6.318535 4.593137
v -5.936384 6.318536 5.732461
v -5.936385 6.232765 4.678906
v -5.936384 6.232765 5.732461
v -5.936384 6.318536 5.732461
v -5.936385 6.318535 4.678907
v -5.936385 6.232765 4.678906
v -5.850614 6.232765 4.593136
v -7.565239 6.318536 4.593137
v -5.850614 6.318535 4.593137
v -5.850614 6.232765 4.593136
v -7.565239 6.232766 4.593136
v -7.565239 6.318536 4.593137
v -5.936385 6.318535 4.678907
v -7.478846 6.232766 4.678906
v -5.936385 6.232765 4.678906
v -5.936385 6.318535 4.678907
v -7.478846 6.318536 4.678907
v -7.478846 6.232766 4.678906
v -7.565239 6.232766 4.593136
v -7.556411 6.318536 5.814129
v -7.565239 6.318536 4.593137
v -7.565239 6.232766 4.593136
v -7.556411 6.232766 5.814129
v -7.556411 6.318536 5.814129
v -7.478846 6.318536 4.678907
v -7.471257 6.232766 5.728574
v -7.478846 6.232766 4.678906
v -7.478846 6.318536 4.678907
v -7.471257 6.318536 5.728573
v -7.471257 6.232766 5.728574
v -7.471257 6.232766 5.728574
v -5.936384 6.232765 5.732461
v -5.850614 6.232765 5.818449
v -7.471257 6.232766 5.728574
v -5.850614 6.232765 5.818449
v -7.556411 6.232766 5.814129
v -5.936384 6.232765 5.732461
v -5.850614 6.232765 4.593136
v -5.850614 6.232765 5.818449
v -7.478846 6.232766 4.678906
v -7.471257 6.232766 5.728574
v -7.556411 6.232766 5.814129
v -5.936384 6.232765 5.732461
v -5.936385 6.232765 4.678906
v -5.850614 6.232765 4.593136
v -7.478846 6.232766 4.678906
v -7.556411 6.232766 5.814129
v -7.565239 6.232766 4.593136
v -5.936385 6.232765 4.678906
v -7.565239 6.232766 4.593136
v -5.850614 6.232765 4.593136
v -5.936385 6.232765 4.678906
v -7.478846 6.232766 4.678906
v -7.565239 6.232766 4.593136
v -5.850614 6.318536 5.818449
v -5.936385 6.318535 4.678907
v -5.936384 6.318536 5.732461
v -5.850614 6.318536 5.818449
v -5.850614 6.318535 4.593137
v -5.936385 6.318535 4.678907
v -7.556411 6.318536 5.814129
v -5.850614 6.318536 5.818449
v -5.936384 6.318536 5.732461
v -5.850614 6.318535 4.593137
v -7.478846 6.318536 4.678907
v -5.936385 6.318535 4.678907
v -7.556411 6.318536 5.814129
v -5.936384 6.318536 5.732461
v -7.471257 6.318536 5.728573
v -5.850614 6.318535 4.593137
v -7.565239 6.318536 4.593137
v -7.478846 6.318536 4.678907
v -7.565239 6.318536 4.593137
v -7.556411 6.318536 5.814129
v -7.471257 6.318536 5.728573
v -7.565239 6.318536 4.593137
v -7.471257 6.318536 5.728573
v -7.478846 6.318536 4.678907
v -3.626282 6.258467 7.833956
v -1.920357 6.344237 7.838276
v -3.626282 6.344238 7.833956
v -3.626282 6.258467 7.833956
v -1.920357 6.258466 7.838276
v -1.920357 6.344237 7.838276
v -3.540873 6.344238 7.748400
v -2.006128 6.258466 7.752288
v -3.540873 6.258467 7.748400
v -3.540873 6.344238 7.748400
v -2.006128 6.344237 7.752288
v -2.006128 6.258466 7.752288
v -1.920357 6.258466 7.838276
v -1.920357 6.344237 5.811170
v -1.920357 6.344237 7.838276
v -1.920357 6.258466 7.838276
v -1.920357 6.258466 5.811170
v -1.920357 6.344237 5.811170
v -2.006128 6.344237 7.752288
v -2.006128 6.258466 5.896941
v -2.006128 6.258466 7.752288
v -2.006128 6.344237 7.752288
v -2.006128 6.344237 5.896940
v -2.006128 6.258466 5.896941
v -1.920357 6.258466 5.811170
v -3.634853 6.344237 5.811171
v -1.920357 6.344237 5.811170
v -1.920357 6.258466 5.811170
v -3.634853 6.258466 5.811171
v -3.634853 6.344237 5.811171
v -2.006128 6.344237 5.896940
v -3.548718 6.258466 5.896941
v -2.006128 6.258466 5.896941
v -2.006128 6.344237 5.896940
v -3.548718 6.344237 5.896940
v -3.548718 6.258466 5.896941
v -3.634853 6.258466 5.811171
v -3.626282 6.344238 7.833956
v -3.634853 6.344237 5.811171
v -3.634853 6.258466 5.811171
v -3.626282 6.258467 7.833956
v -3.626282 6.344238 7.833956
v -3.548718 6.344237 5.896940
v -3.540873 6.258467 7.748400
v -3.548718 6.258466 5.896941
v -3.548718 6.344237 5.896940
v -3.540873 6.344238 7.748400
v -3.540873 6.258467 7.748400
v -3.540873 6.258467 7.748400
v -2.006128 6.258466 7.752288
v -1.920357 6.258466 7.838276
v -3.540873 6.258467 7.748400
v -1.920357 6.258466 7.838276
v -3.626282 6.258467 7.833956
v -2.006128 6.258466 7.752288
v -1.920357 6.258466 5.811170
v -1.920357 6.258466 7.838276
v -3.548718 6.258466 5.896941
v -3.540873 6.258467 7.748400
v -3.626282 6.258467 7.833956
v -2.006128 6.258466 7.752288
v -2.006128 6.258466 5.896941
v -1.920357 6.258466 5.811170
v -3.548718 6.258466 5.896941
v -3.626282 6.258467 7.833956
v -3.634853 6.258466 5.811171
v -2.006128 6.258466 5.896941
v -3.634853 6.258466 5.811171
v -1.920357 6.258466 5.811170
v -2.006128 6.258466 5.896941
v -3.548718 6.258466 5.896941
v -3.634853 6.258466 5.811171
v -1.920357 6.344237 7.838276
v -2.006128 6.344237 5.896940
v -2.006128 6.344237 7.752288
v -1.920357 6.344237 7.838276
v -1.920357 6.344237 5.811170
v -2.006128 6.344237 5.896940
v -3.626282 6.344238 7.833956
v -1.920357 6.344237 7.838276
v -2.006128 6.344237 7.752288
v -1.920357 6.344237 5.811170
v -3.548718 6.344237 5.896940
v -2.006128 6.344237 5.896940
v -3.626282 6.344238 7.833956
v -2.006128 6.344237 7.752288
v -3.540873 6.344238 7.748400
v -1.920357 6.344237 5.811170
v -3.634853 6.344237 5.811171
v -3.548718 6.344237 5.896940
v -3.634853 6.344237 5.811171
v -3.626282 6.344238 7.833956
v -3.540873 6.344238 7.748400
v -3.634853 6.344237 5.811171
v -3.540873 6.344238 7.748400
v -3.548718 6.344237 5.896940
v -1.840495 6.258465 7.833955
v -0.134570 6.344235 7.838275
v -1.840495 6.344236 7.833955
v -1.840495 6.258465 7.833955
v -0.134570 6.258464 7.838275
v -0.134570 6.344235 7.838275
v -1.755086 6.344236 7.748400
v -0.220341 6.258464 7.752287
v -1.755086 6.258465 7.748400
v -1.755086 6.344236 7.748400
v -0.220341 6.344235 7.752287
v -0.220341 6.258464 7.752287
v -0.134570 6.258464 7.838275
v -0.134571 6.344235 5.811170
v -0.134570 6.344235 7.838275
v -0.134570 6.258464 7.838275
v -0.134571 6.258464 5.811170
v -0.134571 6.344235 5.811170
v -0.220341 6.344235 7.752287
v -0.220342 6.258464 5.896940
v -0.220341 6.258464 7.752287
v -0.220341 6.344235 7.752287
v -0.220342 6.344235 5.896940
v -0.220342 6.258464 5.896940
v -0.134571 6.258464 5.811170
v -1.849066 6.344236 5.811170
v -0.134571 6.344235 5.811170
v -0.134571 6.258464 5.811170
v -1.849066 6.258465 5.811170
v -1.849066 6.344236 5.811170
v -0.220342 6.344235 5.896940
v -1.762931 6.258465 5.896940
v -0.220342 6.258464 5.896940
v -0.220342 6.344235 5.896940
v -1.762931 6.344236 5.896940
v -1.762931 6.258465 5.896940
v -1.849066 6.258465 5.811170
v -1.840495 6.344236 7.833955
v -1.849066 6.344236 5.811170
v -1.849066 6.258465 5.811170
v -1.840495 6.258465 7.833955
v -1.840495 6.344236 7.833955
v -1.762931 6.344236 5.896940
v -1.755086 6.258465 7.748400
v -1.762931 6.258465 5.896940
v -1.762931 6.344236 5.896940
v -1.755086 6.344236 7.748400
v -1.755086 6.258465 7.748400
v -1.755086 6.258465 7.748400
v -0.220341 6.258464 7.752287
v -0.134570 6.258464 7.838275
v -1.755086 6.258465 7.748400
v -0.134570 6.258464 7.838275
v -1.840495 6.258465 7.833955
v -0.220341 6.258464 7.752287
v -0.134571 6.258464 5.811170
v -0.134570 6.258464 7.838275
v -1.762931 6.258465 5.896940
v -1.755086 6.258465 7.748400
v -1.840495 6.258465 7.833955
v -0.220341 6.258464 7.752287
v -0.220342 6.258464 5.896940
v -0.134571 6.258464 5.811170
v -1.762931 6.258465 5.896940
v -1.840495 6.258465 7.833955
v -1.849066 6.258465 5.811170
v -0.220342 6.258464 5.896940
v -1.849066 6.258465 5.811170
v -0.134571 6.258464 5.811170
v -0.220342 6.258464 5.896940
v -1.762931 6.258465 5.896940
v -1.849066 6.258465 5.811170
v -0.134570 6.344235 7.838275
v -0.220342 6.344235 5.896940
v -0.220341 6.344235 7.752287
v -0.134570 6.344235 7.838275
v -0.134571 6.344235 5.811170
v -0.220342 6.344235 5.896940
v -1.840495 6.344236 7.833955
v -0.134570 6.344235 7.838275
v -0.220341 6.344235 7.752287
v -0.134571 6.344235 5.811170
v -1.762931 6.344236 5.896940
v -0.220342 6.344235 5.896940
v -1.840495 6.344236 7.833955
v -0.220341 6.344235 7.752287
v -1.755086 6.344236 7.748400
v -0.134571 6.344235 5.811170
v -1.849066 6.344236 5.811170
v -1.762931 6.344236 5.896940
v -1.849066 6.344236 5.811170
v -1.840495 6.344236 7.833955
v -1.755086 6.344236 7.748400
v -1.849066 6.344236 5.811170
v -1.755086 6.344236 7.748400
v -1.762931 6.344236 5.896940
v -1.840368 6.232764 5.814128
v -0.134571 6.318534 5.818448
v -1.840368 6.318535 5.814128
v -1.840368 6.232764 5.814128
v -0.134571 6.232763 5.818449
v -0.134571 6.318534 5.818448
v -1.755214 6.318535 5.728572
v -0.220342 6.232763 5.732460
v -1.755214 6.232764 5.728573
v -1.755214 6.318535 5.728572
v -0.220342 6.318534 5.732460
v -0.220342 6.232763 5.732460
v -0.134571 6.232763 5.818449
v -0.134571 6.318534 4.593136
v -0.134571 6.318534 5.818448
v -0.134571 6.232763 5.818449
v -0.134571 6.232763 4.593135
v -0.134571 6.318534 4.593136
v -0.220342 6.318534 5.732460
v -0.220342 6.232763 4.678905
v -0.220342 6.232763 5.732460
v -0.220342 6.318534 5.732460
v -0.220342 6.318534 4.678906
v -0.220342 6.232763 4.678905
v -0.134571 6.232763 4.593135
v -1.849196 6.318535 4.593136
v -0.134571 6.318534 4.593136
v -0.134571 6.232763 4.593135
v -1.849196 6.232764 4.593135
v -1.849196 6.318535 4.593136
v -0.220342 6.318534 4.678906
v -1.762803 6.232763 4.678905
v -0.220342 6.232763 4.678905
v -0.220342 6.318534 4.678906
v -1.762802 6.318534 4.678906
v -1.762803 6.232763 4.678905
v -1.849196 6.232764 4.593135
v -1.840368 6.318535 5.814128
v -1.849196 6.318535 4.593136
v -1.849196 6.232764 4.593135
v -1.840368 6.232764 5.814128
v -1.840368 6.318535 5.814128
v -1.762802 6.318534 4.678906
v -1.755214 6.232764 5.728573
v -1.762803 6.232763 4.678905
v -1.762802 6.318534 4.678906
v -1.755214 6.318535 5.728572
v -1.755214 6.232764 5.728573
v -1.755214 6.232764 5.728573
v -0.220342 6.232763 5.732460
v -0.134571 6.232763 5.818449
v -1.755214 6.232764 5.728573
v -0.134571 6.232763 5.818449
v -1.840368 6.232764 5.814128
v -0.220342 6.232763 5.732460
v -0.134571 6.232763 4.593135
v -0.134571 6.232763 5.818449
v -1.762803 6.232763 4.678905
v -1.755214 6.232764 5.728573
v -1.840368 6.232764 5.814128
v -0.220342 6.232763 5.732460
v -0.220342 6.232763 4.678905
v -0.134571 6.232763 4.593135
v -1.762803 6.232763 4.678905
v -1.840368 6.232764 5.814128
v -1.849196 6.232764 4.593135
v -0.220342 6.232763 4.678905
v -1.849196 6.232764 4.593135
v -0.134571 6.232763 4.593135
v -0.220342 6.232763 4.678905
v -1.762803 6.232763 4.678905
v -1.849196 6.232764 4.593135
v -0.134571 6.318534 5.818448
v -0.220342 6.318534 4.678906
v -0.220342 6.318534 5.732460
v -0.134571 6.318534 5.818448
v -0.134571 6.318534 4.593136
v -0.220342 6.318534 4.678906
v -1.840368 6.318535 5.814128
v -0.134571 6.318534 5.818448
v -0.220342 6.318534 5.732460
v -0.134571 6.318534 4.593136
v -1.762802 6.318534 4.678906
v -0.220342 6.318534 4.678906
v -1.840368 6.318535 5.814128
v -0.220342 6.318534 5.732460
v -1.755214 6.318535 5.728572
v -0.134571 6.318534 4.593136
v -1.849196 6.318535 4.593136
v -1.762802 6.318534 4.678906
v -1.849196 6.318535 4.593136
v -1.840368 6.318535 5.814128
v -1.755214 6.318535 5.728572
v -1.849196 6.318535 4.593136
v -1.755214 6.318535 5.728572
v -1.762802 6.318534 4.678906
v -3.630312 6.232765 5.814129
v -1.924514 6.318535 5.818449
v -3.630312 6.318536 5.814128
v -3.630312 6.232765 5.814129
v -1.924514 6.232765 5.818449
v -1.924514 6.318535 5.818449
v -3.545158 6.318536 5.728572
v -2.010285 6.232765 5.732460
v -3.545158 6.232765 5.728573
v -3.545158 6.318536 5.728572
v -2.010285 6.318535 5.732460
v -2.010285 6.232765 5.732460
v -1.924514 6.232765 5.818449
v -1.924514 6.318535 4.593136
v -1.924514 6.318535 5.818449
v -1.924514 6.232765 5.818449
v -1.924515 6.232765 4.593135
v -1.924514 6.318535 4.593136
v -2.010285 6.318535 5.732460
v -2.010285 6.232765 4.678905
v -2.010285 6.232765 5.732460
v -2.010285 6.318535 5.732460
v -2.010285 6.318535 4.678906
v -2.010285 6.232765 4.678905
v -1.924515 6.232765 4.593135
v -3.639139 6.318536 4.593137
v -1.924514 6.318535 4.593136
v -1.924515 6.232765 4.593135
v -3.639139 6.232765 4.593136
v -3.639139 6.318536 4.593137
v -2.010285 6.318535 4.678906
v -3.552746 6.232765 4.678905
v -2.010285 6.232765 4.678905
v -2.010285 6.318535 4.678906
v -3.552746 6.318536 4.678906
v -3.552746 6.232765 4.678905
v -3.639139 6.232765 4.593136
v -3.630312 6.318536 5.814128
v -3.639139 6.318536 4.593137
v -3.639139 6.232765 4.593136
v -3.630312 6.232765 5.814129
v -3.630312 6.318536 5.814128
v -3.552746 6.318536 4.678906
v -3.545158 6.232765 5.728573
v -3.552746 6.232765 4.678905
v -3.552746 6.318536 4.678906
v -3.545158 6.318536 5.728572
v -3.545158 6.232765 5.728573
v -3.545158 6.232765 5.728573
v -2.010285 6.232765 5.732460
v -1.924514 6.232765 5.818449
v -3.545158 6.232765 5.728573
v -1.924514 6.232765 5.818449
v -3.630312 6.232765 5.814129
v -2.010285 6.232765 5.732460
v -1.924515 6.232765 4.593135
v -1.924514 6.232765 5.818449
v -3.552746 6.232765 4.678905
v -3.545158 6.232765 5.728573
v -3.630312 6.232765 5.814129
v -2.010285 6.232765 5.732460
v -2.010285 6.232765 4.678905
v -1.924515 6.232765 4.593135
v -3.552746 6.232765 4.678905
v -3.630312 6.232765 5.814129
v -3.639139 6.232765 4.593136
v -2.010285 6.232765 4.678905
v -3.639139 6.232765 4.593136
v -1.924515 6.232765 4.593135
v -2.010285 6.232765 4.678905
v -3.552746 6.232765 4.678905
v -3.639139 6.232765 4.593136
v -1.924514 6.318535 5.818449
v -2.010285 6.318535 4.678906
v -2.010285 6.318535 5.732460
v -1.924514 6.318535 5.818449
v -1.924514 6.318535 4.593136
v -2.010285 6.318535 4.678906
v -3.630312 6.318536 5.814128
v -1.924514 6.318535 5.818449
v -2.010285 6.318535 5.732460
v -1.924514 6.318535 4.593136
v -3.552746 6.318536 4.678906
v -2.010285 6.318535 4.678906
v -3.630312 6.318536 5.814128
v -2.010285 6.318535 5.732460
v -3.545158 6.318536 5.728572
v -1.924514 6.318535 4.593136
v -3.639139 6.318536 4.593137
v -3.552746 6.318536 4.678906
v -3.639139 6.318536 4.593137
v -3.630312 6.318536 5.814128
v -3.545158 6.318536 5.728572
v -3.639139 6.318536 4.593137
v -3.545158 6.318536 5.728572
v -3.552746 6.318536 4.678906
v -8.145550 1.311463 7.833958
v -8.231321 3.017388 7.838277
v -8.231321 1.311463 7.833958
v -8.145550 1.311463 7.833958
v -8.145550 3.017388 7.838277
v -8.231321 3.017388 7.838277
v -8.231321 1.396871 7.748403
v -8.145550 2.931617 7.752291
v -8.145550 1.396871 7.748403
v -8.231321 1.396871 7.748403
v -8.231321 2.931617 7.752291
v -8.145550 2.931617 7.752291
v -8.145550 3.017388 7.838277
v -8.231321 3.017388 5.811172
v -8.231321 3.017388 7.838277
v -8.145550 3.017388 7.838277
v -8.145551 3.017388 5.811172
v -8.231321 3.017388 5.811172
v -8.231321 2.931617 7.752291
v -8.145551 2.931617 5.896943
v -8.145550 2.931617 7.752291
v -8.231321 2.931617 7.752291
v -8.231321 2.931617 5.896943
v -8.145551 2.931617 5.896943
v -8.145551 3.017388 5.811172
v -8.231321 1.302892 5.811173
v -8.231321 3.017388 5.811172
v -8.145551 3.017388 5.811172
v -8.145551 1.302892 5.811173
v -8.231321 1.302892 5.811173
v -8.231321 2.931617 5.896943
v -8.145551 1.389027 5.896943
v -8.145551 2.931617 5.896943
v -8.231321 2.931617 5.896943
v -8.231321 1.389027 5.896943
v -8.145551 1.389027 5.896943
v -8.145551 1.302892 5.811173
v -8.231321 1.311463 7.833958
v -8.231321 1.302892 5.811173
v -8.145551 1.302892 5.811173
v -8.145550 1.311463 7.833958
v -8.231321 1.311463 7.833958
v -8.231321 1.389027 5.896943
v -8.145550 1.396871 7.748403
v -8.145551 1.389027 5.896943
v -8.231321 1.389027 5.896943
v -8.231321 1.396871 7.748403
v -8.145550 1.396871 7.748403
v -8.145550 1.396871 7.748403
v -8.145550 2.931617 7.752291
v -8.145550 3.017388 7.838277
v -8.145550 1.396871 7.748403
v -8.145550 3.017388 7.838277
v -8.145550 1.311463 7.833958
v -8.145550 2.931617 7.752291
v -8.145551 3.017388 5.811172
v -8.145550 3.017388 7.838277
v -8.145551 1.389027 5.896943
v -8.145550 1.396871 7.748403
v -8.145550 1.311463 7.833958
v -8.145550 2.931617 7.752291
v -8.145551 2.931617 5.896943
v -8.145551 3.017388 5.811172
v -8.145551 1.389027 5.896943
v -8.145550 1.311463 7.833958
v -8.145551 1.302892 5.811173
v -8.145551 2.931617 5.896943
v -8.145551 1.302892 5.811173
v -8.145551 3.017388 5.811172
v -8.145551 2.931617 5.896943
v -8.145551 1.389027 5.896943
v -8.145551 1.302892 5.811173
v -8.231321 3.017388 7.838277
v -8.231321 2.931617 5.896943
v -8.231321 2.931617 7.752291
v -8.231321 3.017388 7.838277
v -8.231321 3.017388 5.811172
v -8.231321 2.931617 5.896943
v -8.231321 1.311463 7.833958
v -8.231321 3.017388 7.838277
v -8.231321 2.931617 7.752291
v -8.231321 3.017388 5.811172
v -8.231321 1.389027 5.896943
v -8.231321 2.931617 5.896943
v -8.231321 1.311463 7.833958
v -8.231321 2.931617 7.752291
v -8.231321 1.396871 7.748403
v -8.231321 3.017388 5.811172
v -8.231321 1.302892 5.811173
v -8.231321 1.389027 5.896943
v -8.231321 1.302892 5.811173
v -8.231321 1.311463 7.833958
v -8.231321 1.396871 7.748403
v -8.231321 1.302892 5.811173
v -8.231321 1.396871 7.748403
v -8.231321 1.389027 5.896943
v -8.145550 3.097250 7.833958
v -8.231320 4.803175 7.838278
v -8.231321 3.097250 7.833958
v -8.145550 3.097250 7.833958
v -8.145549 4.803175 7.838278
v -8.231320 4.803175 7.838278
v -8.231321 3.182659 7.748403
v -8.145549 4.717404 7.752291
v -8.145550 3.182659 7.748403
v -8.231321 3.182659 7.748403
v -8.231320 4.717404 7.752291
v -8.145549 4.717404 7.752291
v -8.145549 4.803175 7.838278
v -8.231320 4.803175 5.811172
v -8.231320 4.803175 7.838278
v -8.145549 4.803175 7.838278
v -8.145550 4.803175 5.811172
v -8.231320 4.803175 5.811172
v -8.231320 4.717404 7.752291
v -8.145550 4.717404 5.896944
v -8.145549 4.717404 7.752291
v -8.231320 4.717404 7.752291
v -8.231320 4.717404 5.896944
v -8.145550 4.717404 5.896944
v -8.145550 4.803175 5.811172
v -8.231321 3.088679 5.811173
v -8.231320 4.803175 5.811172
v -8.145550 4.803175 5.811172
v -8.145551 3.088679 5.811173
v -8.231321 3.088679 5.811173
v -8.231320 4.717404 5.896944
v -8.145551 3.174813 5.896943
v -8.145550 4.717404 5.896944
v -8.231320 4.717404 5.896944
v -8.231321 3.174813 5.896943
v -8.145551 3.174813 5.896943
v -8.145551 3.088679 5.811173
v -8.231321 3.097250 7.833958
v -8.231321 3.088679 5.811173
v -8.145551 3.088679 5.811173
v -8.145550 3.097250 7.833958
v -8.231321 3.097250 7.833958
v -8.231321 3.174813 5.896943
v -8.145550 3.182659 7.748403
v -8.145551 3.174813 5.896943
v -8.231321 3.174813 5.896943
v -8.231321 3.182659 7.748403
v -8.145550 3.182659 7.748403
v -8.145550 3.182659 7.748403
v -8.145549 4.717404 7.752291
v -8.145549 4.803175 7.838278
v -8.145550 3.182659 7.748403
v -8.145549 4.803175 7.838278
v -8.145550 3.097250 7.833958
v -8.145549 4.717404 7.752291
v -8.145550 4.803175 5.811172
v -8.145549 4.803175 7.838278
v -8.145551 3.174813 5.896943
v -8.145550 3.182659 7.748403
v -8.145550 3.097250 7.833958
v -8.145549 4.717404 7.752291
v -8.145550 4.717404 5.896944
v -8.145550 4.803175 5.811172
v -8.145551 3.174813 5.896943
v -8.145550 3.097250 7.833958
v -8.145551 3.088679 5.811173
v -8.145550 4.717404 5.896944
v -8.145551 3.088679 5.811173
v -8.145550 4.803175 5.811172
v -8.145550 4.717404 5.896944
v -8.145551 3.174813 5.896943
v -8.145551 3.088679 5.811173
v -8.231320 4.803175 7.838278
v -8.231320 4.717404 5.896944
v -8.231320 4.717404 7.752291
v -8.231320 4.803175 7.838278
v -8.231320 4.803175 5.811172
v -8.231320 4.717404 5.896944
v -8.231321 3.097250 7.833958
v -8.231320 4.803175 7.838278
v -8.231320 4.717404 7.752291
v -8.231320 4.803175 5.811172
v -8.231321 3.174813 5.896943
v -8.231320 4.717404 5.896944
v -8.231321 3.097250 7.833958
v -8.231320 4.717404 7.752291
v -8.231321 3.182659 7.748403
v -8.231320 4.803175 5.811172
v -8.231321 3.088679 5.811173
v -8.231321 3.174813 5.896943
v -8.231321 3.088679 5.811173
v -8.231321 3.097250 7.833958
v -8.231321 3.182659 7.748403
v -8.231321 3.088679 5.811173
v -8.231321 3.182659 7.748403
v -8.231321 3.174813 5.896943
v -8.119849 3.097377 5.814130
v -8.205619 4.803175 5.818449
v -8.205620 3.097377 5.814130
v -8.119849 3.097377 5.814130
v -8.119848 4.803175 5.818449
v -8.205619 4.803175 5.818449
v -8.205620 3.182531 5.728575
v -8.119848 4.717404 5.732462
v -8.119849 3.182531 5.728575
v -8.205620 3.182531 5.728575
v -8.205619 4.717404 5.732462
v -8.119848 4.717404 5.732462
v -8.119848 4.803175 5.818449
v -8.205619 4.803175 4.593136
v -8.205619 4.803175 5.818449
v -8.119848 4.803175 5.818449
v -8.119848 4.803175 4.593136
v -8.205619 4.803175 4.593136
v -8.205619 4.717404 5.732462
v -8.119848 4.717404 4.678908
v -8.119848 4.717404 5.732462
v -8.205619 4.717404 5.732462
v -8.205619 4.717404 4.678908
v -8.119848 4.717404 4.678908
v -8.119848 4.803175 4.593136
v -8.205620 3.088550 4.593137
v -8.205619 4.803175 4.593136
v -8.119848 4.803175 4.593136
v -8.119849 3.088550 4.593137
v -8.205620 3.088550 4.593137
v -8.205619 4.717404 4.678908
v -8.119849 3.174943 4.678908
v -8.119848 4.717404 4.678908
v -8.205619 4.717404 4.678908
v -8.205620 3.174943 4.678908
v -8.119849 3.174943 4.678908
v -8.119849 3.088550 4.593137
v -8.205620 3.097377 5.814130
v -8.205620 3.088550 4.593137
v -8.119849 3.088550 4.593137
v -8.119849 3.097377 5.814130
v -8.205620 3.097377 5.814130
v -8.205620 3.174943 4.678908
v -8.119849 3.182531 5.728575
v -8.119849 3.174943 4.678908
v -8.205620 3.174943 4.678908
v -8.205620 3.182531 5.728575
v -8.119849 3.182531 5.728575
v -8.119849 3.182531 5.728575
v -8.119848 4.717404 5.732462
v -8.119848 4.803175 5.818449
v -8.119849 3.182531 5.728575
v -8.119848 4.803175 5.818449
v -8.119849 3.097377 5.814130
v -8.119848 4.717404 5.732462
v -8.119848 4.803175 4.593136
v -8.119848 4.803175 5.818449
v -8.119849 3.174943 4.678908
v -8.119849 3.182531 5.728575
v -8.119849 3.097377 5.814130
v -8.119848 4.717404 5.732462
v -8.119848 4.717404 4.678908
v -8.119848 4.803175 4.593136
v -8.119849 3.174943 4.678908
v -8.119849 3.097377 5.814130
v -8.119849 3.088550 4.593137
v -8.119848 4.717404 4.678908
v -8.119849 3.088550 4.593137
v -8.119848 4.803175 4.593136
v -8.119848 4.717404 4.678908
v -8.119849 3.174943 4.678908
v -8.119849 3.088550 4.593137
v -8.205619 4.803175 5.818449
v -8.205619 4.717404 4.678908
v -8.205619 4.717404 5.732462
v -8.205619 4.803175 5.818449
v -8.205619 4.803175 4.593136
v -8.205619 4.717404 4.678908
v -8.205620 3.097377 5.814130
v -8.205619 4.803175 5.818449
v -8.205619 4.717404 5.732462
v -8.205619 4.803175 4.593136
v -8.205620 3.174943 4.678908
v -8.205619 4.717404 4.678908
v -8.205620 3.097377 5.814130
v -8.205619 4.717404 5.732462
v -8.205620 3.182531 5.728575
v -8.205619 4.803175 4.593136
v -8.205620 3.088550 4.593137
v -8.205620 3.174943 4.678908
v -8.205620 3.088550 4.593137
v -8.205620 3.097377 5.814130
v -8.205620 3.182531 5.728575
v -8.205620 3.088550 4.593137
v -8.205620 3.182531 5.728575
v -8.205620 3.174943 4.678908
v -8.119847 1.307433 5.814130
v -8.205619 3.013231 5.818450
v -8.205619 1.307433 5.814130
v -8.119847 1.307433 5.814130
v -8.119847 3.013231 5.818450
v -8.205619 3.013231 5.818450
v -8.205619 1.392587 5.728575
v -8.119847 2.927460 5.732462
v -8.119847 1.392587 5.728575
v -8.205619 1.392587 5.728575
v -8.205619 2.927460 5.732462
v -8.119847 2.927460 5.732462
v -8.119847 3.013231 5.818450
v -8.205620 3.013231 4.593137
v -8.205619 3.013231 5.818450
v -8.119847 3.013231 5.818450
v -8.119848 3.013231 4.593137
v -8.205620 3.013231 4.593137
v -8.205619 2.927460 5.732462
v -8.119848 2.927460 4.678908
v -8.119847 2.927460 5.732462
v -8.205619 2.927460 5.732462
v -8.205620 2.927460 4.678908
v -8.119848 2.927460 4.678908
v -8.119848 3.013231 4.593137
v -8.205619 1.298606 4.593137
v -8.205620 3.013231 4.593137
v -8.119848 3.013231 4.593137
v -8.119847 1.298605 4.593137
v -8.205619 1.298606 4.593137
v -8.205620 2.927460 4.678908
v -8.119847 1.384998 4.678907
v -8.119848 2.927460 4.678908
v -8.205620 2.927460 4.678908
v -8.205619 1.384998 4.678907
v -8.119847 1.384998 4.678907
v -8.119847 1.298605 4.593137
v -8.205619 1.307433 5.814130
v -8.205619 1.298606 4.593137
v -8.119847 1.298605 4.593137
v -8.119847 1.307433 5.814130
v -8.205619 1.307433 5.814130
v -8.205619 1.384998 4.678907
v -8.119847 1.392587 5.728575
v -8.119847 1.384998 4.678907
v -8.205619 1.384998 4.678907
v -8.205619 1.392587 5.728575
v -8.119847 1.392587 5.728575
v -8.119847 1.392587 5.728575
v -8.119847 2.927460 5.732462
v -8.119847 3.013231 5.818450
v -8.119847 1.392587 5.728575
v -8.119847 3.013231 5.818450
v -8.119847 1.307433 5.814130
v -8.119847 2.927460 5.732462
v -8.119848 3.013231 4.593137
v -8.119847 3.013231 5.818450
v -8.119847 1.384998 4.678907
v -8.119847 1.392587 5.728575
v -8.119847 1.307433 5.814130
v -8.119847 2.927460 5.732462
v -8.119848 2.927460 4.678908
v -8.119848 3.013231 4.593137
v -8.119847 1.384998 4.678907
v -8.119847 1.307433 5.814130
v -8.119847 1.298605 4.593137
v -8.119848 2.927460 4.678908
v -8.119847 1.298605 4.593137
v -8.119848 3.013231 4.593137
v -8.119848 2.927460 4.678908
v -8.119847 1.384998 4.678907
v -8.119847 1.298605 4.593137
v -8.205619 3.013231 5.818450
v -8.205620 2.927460 4.678908
v -8.205619 2.927460 5.732462
v -8.205619 3.013231 5.818450
v -8.205620 3.013231 4.593137
v -8.205620 2.927460 4.678908
v -8.205619 1.307433 5.814130
v -8.205619 3.013231 5.818450
v -8.205619 2.927460 5.732462
v -8.205620 3.013231 4.593137
v -8.205619 1.384998 4.678907
v -8.205620 2.927460 4.678908
v -8.205619 1.307433 5.814130
v -8.205619 2.927460 5.732462
v -8.205619 1.392587 5.728575
v -8.205620 3.013231 4.593137
v -8.205619 1.298606 4.593137
v -8.205619 1.384998 4.678907
v -8.205619 1.298606 4.593137
v -8.205619 1.307433 5.814130
v -8.205619 1.392587 5.728575
v -8.205619 1.298606 4.593137
v -8.205619 1.392587 5.728575
v -8.205619 1.384998 4.678907
v -8.145552 -2.647785 7.833959
v -8.231321 -0.941860 7.838279
v -8.231322 -2.647785 7.833959
v -8.145552 -2.647785 7.833959
v -8.145551 -0.941860 7.838279
v -8.231321 -0.941860 7.838279
v -8.231322 -2.562377 7.748404
v -8.145551 -1.027630 7.752292
v -8.145552 -2.562377 7.748404
v -8.231322 -2.562377 7.748404
v -8.231321 -1.027630 7.752292
v -8.145551 -1.027630 7.752292
v -8.145551 -0.941860 7.838279
v -8.231322 -0.941860 5.811173
v -8.231321 -0.941860 7.838279
v -8.145551 -0.941860 7.838279
v -8.145551 -0.941860 5.811173
v -8.231322 -0.941860 5.811173
v -8.231321 -1.027630 7.752292
v -8.145551 -1.027631 5.896945
v -8.145551 -1.027630 7.752292
v -8.231321 -1.027630 7.752292
v -8.231322 -1.027631 5.896945
v -8.145551 -1.027631 5.896945
v -8.145551 -0.941860 5.811173
v -8.231322 -2.656357 5.811174
v -8.231322 -0.941860 5.811173
v -8.145551 -0.941860 5.811173
v -8.145552 -2.656357 5.811174
v -8.231322 -2.656357 5.811174
v -8.231322 -1.027631 5.896945
v -8.145552 -2.570221 5.896945
v -8.145551 -1.027631 5.896945
v -8.231322 -1.027631 5.896945
v -8.231322 -2.570221 5.896945
v -8.145552 -2.570221 5.896945
v -8.145552 -2.656357 5.811174
v -8.231322 -2.647785 7.833959
v -8.231322 -2.656357 5.811174
v -8.145552 -2.656357 5.811174
v -8.145552 -2.647785 7.833959
v -8.231322 -2.647785 7.833959
v -8.231322 -2.570221 5.896945
v -8.145552 -2.562377 7.748404
v -8.145552 -2.570221 5.896945
v -8.231322 -2.570221 5.896945
v -8.231322 -2.562377 7.748404
v -8.145552 -2.562377 7.748404
v -8.145552 -2.562377 7.748404
v -8.145551 -1.027630 7.752292
v -8.145551 -0.941860 7.838279
v -8.145552 -2.562377 7.748404
v -8.145551 -0.941860 7.838279
v -8.145552 -2.647785 7.833959
v -8.145551 -1.027630 7.752292
v -8.145551 -0.941860 5.811173
v -8.145551 -0.941860 7.838279
v -8.145552 -2.570221 5.896945
v -8.145552 -2.562377 7.748404
v -8.145552 -2.647785 7.833959
v -8.145551 -1.027630 7.752292
v -8.145551 -1.027631 5.896945
v -8.145551 -0.941860 5.811173
v -8.145552 -2.570221 5.896945
v -8.145552 -2.647785 7.833959
v -8.145552 -2.656357 5.811174
v -8.145551 -1.027631 5.896945
v -8.145552 -2.656357 5.811174
v -8.145551 -0.941860 5.811173
v -8.145551 -1.027631 5.896945
v -8.145552 -2.570221 5.896945
v -8.145552 -2.656357 5.811174
v -8.231321 -0.941860 7.838279
v -8.231322 -1.027631 5.896945
v -8.231321 -1.027630 7.752292
v -8.231321 -0.941860 7.838279
v -8.231322 -0.941860 5.811173
v -8.231322 -1.027631 5.896945
v -8.231322 -2.647785 7.833959
v -8.231321 -0.941860 7.838279
v -8.231321 -1.027630 7.752292
v -8.231322 -0.941860 5.811173
v -8.231322 -2.570221 5.896945
v -8.231322 -1.027631 5.896945
v -8.231322 -2.647785 7.833959
v -8.231321 -1.027630 7.752292
v -8.231322 -2.562377 7.748404
v -8.231322 -0.941860 5.811173
v -8.231322 -2.656357 5.811174
v -8.231322 -2.570221 5.896945
v -8.231322 -2.656357 5.811174
v -8.231322 -2.647785 7.833959
v -8.231322 -2.562377 7.748404
v -8.231322 -2.656357 5.811174
v -8.231322 -2.562377 7.748404
v -8.231322 -2.570221 5.896945
v -8.145551 -0.861998 7.833959
v -8.231321 0.843927 7.838279
v -8.231321 -0.861998 7.833959
v -8.145551 -0.861998 7.833959
v -8.145551 0.843927 7.838279
v -8.231321 0.843927 7.838279
v -8.231321 -0.776590 7.748403
v -8.145551 0.758156 7.752291
v -8.145551 -0.776590 7.748403
v -8.231321 -0.776590 7.748403
v -8.231321 0.758156 7.752291
v -8.145551 0.758156 7.752291
v -8.145551 0.843927 7.838279
v -8.231322 0.843927 5.811173
v -8.231321 0.843927 7.838279
v -8.145551 0.843927 7.838279
v -8.145551 0.843927 5.811173
v -8.231322 0.843927 5.811173
v -8.231321 0.758156 7.752291
v -8.145551 0.758156 5.896944
v -8.145551 0.758156 7.752291
v -8.231321 0.758156 7.752291
v -8.231322 0.758156 5.896944
v -8.145551 0.758156 5.896944
v -8.145551 0.843927 5.811173
v -8.231321 -0.870569 5.811172
v -8.231322 0.843927 5.811173
v -8.145551 0.843927 5.811173
v -8.145551 -0.870569 5.811172
v -8.231321 -0.870569 5.811172
v -8.231322 0.758156 5.896944
v -8.145551 -0.784434 5.896944
v -8.145551 0.758156 5.896944
v -8.231322 0.758156 5.896944
v -8.231321 -0.784434 5.896944
v -8.145551 -0.784434 5.896944
v -8.145551 -0.870569 5.811172
v -8.231321 -0.861998 7.833959
v -8.231321 -0.870569 5.811172
v -8.145551 -0.870569 5.811172
v -8.145551 -0.861998 7.833959
v -8.231321 -0.861998 7.833959
v -8.231321 -0.784434 5.896944
v -8.145551 -0.776590 7.748403
v -8.145551 -0.784434 5.896944
v -8.231321 -0.784434 5.896944
v -8.231321 -0.776590 7.748403
v -8.145551 -0.776590 7.748403
v -8.145551 -0.776590 7.748403
v -8.145551 0.758156 7.752291
v -8.145551 0.843927 7.838279
v -8.145551 -0.776590 7.748403
v -8.145551 0.843927 7.838279
v -8.145551 -0.861998 7.833959
v -8.145551 0.758156 7.752291
v -8.145551 0.843927 5.811173
v -8.145551 0.843927 7.838279
v -8.145551 -0.784434 5.896944
v -8.145551 -0.776590 7.748403
v -8.145551 -0.861998 7.833959
v -8.145551 0.758156 7.752291
v -8.145551 0.758156 5.896944
v -8.145551 0.843927 5.811173
v -8.145551 -0.784434 5.896944
v -8.145551 -0.861998 7.833959
v -8.145551 -0.870569 5.811172
v -8.145551 0.758156 5.896944
v -8.145551 -0.870569 5.811172
v -8.145551 0.843927 5.811173
v -8.145551 0.758156 5.896944
v -8.145551 -0.784434 5.896944
v -8.145551 -0.870569 5.811172
v -8.231321 0.843927 7.838279
v -8.231322 0.758156 5.896944
v -8.231321 0.758156 7.752291
v -8.231321 0.843927 7.838279
v -8.231322 0.843927 5.811173
v -8.231322 0.758156 5.896944
v -8.231321 -0.861998 7.833959
v -8.231321 0.843927 7.838279
v -8.231321 0.758156 7.752291
v -8.231322 0.843927 5.811173
v -8.231321 -0.784434 5.896944
v -8.231322 0.758156 5.896944
v -8.231321 -0.861998 7.833959
v -8.231321 0.758156 7.752291
v -8.231321 -0.776590 7.748403
v -8.231322 0.843927 5.811173
v -8.231321 -0.870569 5.811172
v -8.231321 -0.784434 5.896944
v -8.231321 -0.870569 5.811172
v -8.231321 -0.861998 7.833959
v -8.231321 -0.776590 7.748403
v -8.231321 -0.870569 5.811172
v -8.231321 -0.776590 7.748403
v -8.231321 -0.784434 5.896944
v -8.119850 -0.861872 5.814131
v -8.205621 0.843926 5.818451
v -8.205621 -0.861871 5.814131
v -8.119850 -0.861872 5.814131
v -8.119850 0.843926 5.818451
v -8.205621 0.843926 5.818451
v -8.205621 -0.776717 5.728576
v -8.119850 0.758155 5.732464
v -8.119850 -0.776717 5.728576
v -8.205621 -0.776717 5.728576
v -8.205621 0.758155 5.732464
v -8.119850 0.758155 5.732464
v -8.119850 0.843926 5.818451
v -8.205622 0.843926 4.593139
v -8.205621 0.843926 5.818451
v -8.119850 0.843926 5.818451
v -8.119851 0.843926 4.593139
v -8.205622 0.843926 4.593139
v -8.205621 0.758155 5.732464
v -8.119851 0.758156 4.678910
v -8.119850 0.758155 5.732464
v -8.205621 0.758155 5.732464
v -8.205622 0.758156 4.678910
v -8.119851 0.758156 4.678910
v -8.119851 0.843926 4.593139
v -8.205621 -0.870699 4.593138
v -8.205622 0.843926 4.593139
v -8.119851 0.843926 4.593139
v -8.119850 -0.870699 4.593138
v -8.205621 -0.870699 4.593138
v -8.205622 0.758156 4.678910
v -8.119850 -0.784306 4.678909
v -8.119851 0.758156 4.678910
v -8.205622 0.758156 4.678910
v -8.205621 -0.784306 4.678909
v -8.119850 -0.784306 4.678909
v -8.119850 -0.870699 4.593138
v -8.205621 -0.861871 5.814131
v -8.205621 -0.870699 4.593138
v -8.119850 -0.870699 4.593138
v -8.119850 -0.861872 5.814131
v -8.205621 -0.861871 5.814131
v -8.205621 -0.784306 4.678909
v -8.119850 -0.776717 5.728576
v -8.119850 -0.784306 4.678909
v -8.205621 -0.784306 4.678909
v -8.205621 -0.776717 5.728576
v -8.119850 -0.776717 5.728576
v -8.119850 -0.776717 5.728576
v -8.119850 0.758155 5.732464
v -8.119850 0.843926 5.818451
v -8.119850 -0.776717 5.728576
v -8.119850 0.843926 5.818451
v -8.119850 -0.861872 5.814131
v -8.119850 0.758155 5.732464
v -8.119851 0.843926 4.593139
v -8.119850 0.843926 5.818451
v -8.119850 -0.784306 4.678909
v -8.119850 -0.776717 5.728576
v -8.119850 -0.861872 5.814131
v -8.119850 0.758155 5.732464
v -8.119851 0.758156 4.678910
v -8.119851 0.843926 4.593139
v -8.119850 -0.784306 4.678909
v -8.119850 -0.861872 5.814131
v -8.119850 -0.870699 4.593138
v -8.119851 0.758156 4.678910
v -8.119850 -0.870699 4.593138
v -8.119851 0.843926 4.593139
v -8.119851 0.758156 4.678910
v -8.119850 -0.784306 4.678909
v -8.119850 -0.870699 4.593138
v -8.205621 0.843926 5.818451
v -8.205622 0.758156 4.678910
v -8.205621 0.758155 5.732464
v -8.205621 0.843926 5.818451
v -8.205622 0.843926 4.593139
v -8.205622 0.758156 4.678910
v -8.205621 -0.861871 5.814131
v -8.205621 0.843926 5.818451
v -8.205621 0.758155 5.732464
v -8.205622 0.843926 4.593139
v -8.205621 -0.784306 4.678909
v -8.205622 0.758156 4.678910
v -8.205621 -0.861871 5.814131
v -8.205621 0.758155 5.732464
v -8.205621 -0.776717 5.728576
v -8.205622 0.843926 4.593139
v -8.205621 -0.870699 4.593138
v -8.205621 -0.784306 4.678909
v -8.205621 -0.870699 4.593138
v -8.205621 -0.861871 5.814131
v -8.205621 -0.776717 5.728576
v -8.205621 -0.870699 4.593138
v -8.205621 -0.776717 5.728576
v -8.205621 -0.784306 4.678909
v -8.119850 -2.651815 5.814132
v -8.205621 -0.946018 5.818451
v -8.205622 -2.651815 5.814132
v -8.119850 -2.651815 5.814132
v -8.119849 -0.946018 5.818451
v -8.205621 -0.946018 5.818451
v -8.205622 -2.566661 5.728576
v -8.119849 -1.031788 5.732464
v -8.119850 -2.566662 5.728576
v -8.205622 -2.566661 5.728576
v -8.205621 -1.031788 5.732464
v -8.119849 -1.031788 5.732464
v -8.119849 -0.946018 5.818451
v -8.205621 -0.946017 4.593138
v -8.205621 -0.946018 5.818451
v -8.119849 -0.946018 5.818451
v -8.119850 -0.946017 4.593138
v -8.205621 -0.946017 4.593138
v -8.205621 -1.031788 5.732464
v -8.119850 -1.031788 4.678909
v -8.119849 -1.031788 5.732464
v -8.205621 -1.031788 5.732464
v -8.205621 -1.031788 4.678909
v -8.119850 -1.031788 4.678909
v -8.119850 -0.946017 4.593138
v -8.205622 -2.660643 4.593139
v -8.205621 -0.946017 4.593138
v -8.119850 -0.946017 4.593138
v -8.119850 -2.660643 4.593139
v -8.205622 -2.660643 4.593139
v -8.205621 -1.031788 4.678909
v -8.119850 -2.574250 4.678910
v -8.119850 -1.031788 4.678909
v -8.205621 -1.031788 4.678909
v -8.205622 -2.574250 4.678910
v -8.119850 -2.574250 4.678910
v -8.119850 -2.660643 4.593139
v -8.205622 -2.651815 5.814132
v -8.205622 -2.660643 4.593139
v -8.119850 -2.660643 4.593139
v -8.119850 -2.651815 5.814132
v -8.205622 -2.651815 5.814132
v -8.205622 -2.574250 4.678910
v -8.119850 -2.566662 5.728576
v -8.119850 -2.574250 4.678910
v -8.205622 -2.574250 4.678910
v -8.205622 -2.566661 5.728576
v -8.119850 -2.566662 5.728576
v -8.119850 -2.566662 5.728576
v -8.119849 -1.031788 5.732464
v -8.119849 -0.946018 5.818451
v -8.119850 -2.566662 5.728576
v -8.119849 -0.946018 5.818451
v -8.119850 -2.651815 5.814132
v -8.119849 -1.031788 5.732464
v -8.119850 -0.946017 4.593138
v -8.119849 -0.946018 5.818451
v -8.119850 -2.574250 4.678910
v -8.119850 -2.566662 5.728576
v -8.119850 -2.651815 5.814132
v -8.119849 -1.031788 5.732464
v -8.119850 -1.031788 4.678909
v -8.119850 -0.946017 4.593138
v -8.119850 -2.574250 4.678910
v -8.119850 -2.651815 5.814132
v -8.119850 -2.660643 4.593139
v -8.119850 -1.031788 4.678909
v -8.119850 -2.660643 4.593139
v -8.119850 -0.946017 4.593138
v -8.119850 -1.031788 4.678909
v -8.119850 -2.574250 4.678910
v -8.119850 -2.660643 4.593139
v -8.205621 -0.946018 5.818451
v -8.205621 -1.031788 4.678909
v -8.205621 -1.031788 5.732464
v -8.205621 -0.946018 5.818451
v -8.205621 -0.946017 4.593138
v -8.205621 -1.031788 4.678909
v -8.205622 -2.651815 5.814132
v -8.205621 -0.946018 5.818451
v -8.205621 -1.031788 5.732464
v -8.205621 -0.946017 4.593138
v -8.205622 -2.574250 4.678910
v -8.205621 -1.031788 4.678909
v -8.205622 -2.651815 5.814132
v -8.205621 -1.031788 5.732464
v -8.205622 -2.566661 5.728576
v -8.205621 -0.946017 4.593138
v -8.205622 -2.660643 4.593139
v -8.205622 -2.574250 4.678910
v -8.205622 -2.660643 4.593139
v -8.205622 -2.651815 5.814132
v -8.205622 -2.566661 5.728576
v -8.205622 -2.660643 4.593139
v -8.205622 -2.566661 5.728576
v -8.205622 -2.574250 4.678910
v -8.145550 1.242561 3.681255
v -8.231320 2.996678 3.685576
v -8.231320 1.242561 3.681255
v -8.145550 1.242561 3.681255
v -8.145550 2.996678 3.685576
v -8.231320 2.996678 3.685576
v -8.231320 1.330383 3.595700
v -8.145550 2.908484 3.599587
v -8.145550 1.330383 3.595700
v -8.231320 1.330383 3.595700
v -8.231320 2.908483 3.599587
v -8.145550 2.908484 3.599587
v -8.145550 2.996678 3.685576
v -8.231322 2.996677 1.658470
v -8.231320 2.996678 3.685576
v -8.145550 2.996678 3.685576
v -8.145551 2.996677 1.658470
v -8.231322 2.996677 1.658470
v -8.231320 2.908483 3.599587
v -8.145551 2.908483 1.744241
v -8.145550 2.908484 3.599587
v -8.231320 2.908483 3.599587
v -8.231322 2.908483 1.744241
v -8.145551 2.908483 1.744241
v -8.145551 2.996677 1.658470
v -8.231321 1.233748 1.658470
v -8.231322 2.996677 1.658470
v -8.145551 2.996677 1.658470
v -8.145551 1.233748 1.658470
v -8.231321 1.233748 1.658470
v -8.231322 2.908483 1.744241
v -8.145551 1.322317 1.744239
v -8.145551 2.908483 1.744241
v -8.231322 2.908483 1.744241
v -8.231321 1.322317 1.744239
v -8.145551 1.322317 1.744239
v -8.145551 1.233748 1.658470
v -8.231320 1.242561 3.681255
v -8.231321 1.233748 1.658470
v -8.145551 1.233748 1.658470
v -8.145550 1.242561 3.681255
v -8.231320 1.242561 3.681255
v -8.231321 1.322317 1.744239
v -8.145550 1.330383 3.595700
v -8.145551 1.322317 1.744239
v -8.231321 1.322317 1.744239
v -8.231320 1.330383 3.595700
v -8.145550 1.330383 3.595700
v -8.145550 1.330383 3.595700
v -8.145550 2.908484 3.599587
v -8.145550 2.996678 3.685576
v -8.145550 1.330383 3.595700
v -8.145550 2.996678 3.685576
v -8.145550 1.242561 3.681255
v -8.145550 2.908484 3.599587
v -8.145551 2.996677 1.658470
v -8.145550 2.996678 3.685576
v -8.145551 1.322317 1.744239
v -8.145550 1.330383 3.595700
v -8.145550 1.242561 3.681255
v -8.145550 2.908484 3.599587
v -8.145551 2.908483 1.744241
v -8.145551 2.996677 1.658470
v -8.145551 1.322317 1.744239
v -8.145550 1.242561 3.681255
v -8.145551 1.233748 1.658470
v -8.145551 2.908483 1.744241
v -8.145551 1.233748 1.658470
v -8.145551 2.996677 1.658470
v -8.145551 2.908483 1.744241
v -8.145551 1.322317 1.744239
v -8.145551 1.233748 1.658470
v -8.231320 2.996678 3.685576
v -8.231322 2.908483 1.744241
v -8.231320 2.908483 3.599587
v -8.231320 2.996678 3.685576
v -8.231322 2.996677 1.658470
v -8.231322 2.908483 1.744241
v -8.231320 1.242561 3.681255
v -8.231320 2.996678 3.685576
v -8.231320 2.908483 3.599587
v -8.231322 2.996677 1.658470
v -8.231321 1.322317 1.744239
v -8.231322 2.908483 1.744241
v -8.231320 1.242561 3.681255
v -8.231320 2.908483 3.599587
v -8.231320 1.330383 3.595700
v -8.231322 2.996677 1.658470
v -8.231321 1.233748 1.658470
v -8.231321 1.322317 1.744239
v -8.231321 1.233748 1.658470
v -8.231320 1.242561 3.681255
v -8.231320 1.330383 3.595700
v -8.231321 1.233748 1.658470
v -8.231320 1.330383 3.595700
v -8.231321 1.322317 1.744239
v -8.145551 3.078794 3.681254
v -8.231320 4.832910 3.685575
v -8.231321 3.078794 3.681254
v -8.145551 3.078794 3.681254
v -8.145550 4.832910 3.685575
v -8.231320 4.832910 3.685575
v -8.231321 3.166616 3.595699
v -8.145550 4.744716 3.599586
v -8.145551 3.166616 3.595699
v -8.231321 3.166616 3.595699
v -8.231320 4.744716 3.599586
v -8.145550 4.744716 3.599586
v -8.145550 4.832910 3.685575
v -8.231321 4.832910 1.658469
v -8.231320 4.832910 3.685575
v -8.145550 4.832910 3.685575
v -8.145552 4.832910 1.658469
v -8.231321 4.832910 1.658469
v -8.231320 4.744716 3.599586
v -8.145552 4.744716 1.744238
v -8.145550 4.744716 3.599586
v -8.231320 4.744716 3.599586
v -8.231321 4.744716 1.744238
v -8.145552 4.744716 1.744238
v -8.145552 4.832910 1.658469
v -8.231322 3.069980 1.658468
v -8.231321 4.832910 1.658469
v -8.145552 4.832910 1.658469
v -8.145553 3.069980 1.658468
v -8.231322 3.069980 1.658468
v -8.231321 4.744716 1.744238
v -8.145553 3.158549 1.744239
v -8.145552 4.744716 1.744238
v -8.231321 4.744716 1.744238
v -8.231322 3.158549 1.744239
v -8.145553 3.158549 1.744239
v -8.145553 3.069980 1.658468
v -8.231321 3.078794 3.681254
v -8.231322 3.069980 1.658468
v -8.145553 3.069980 1.658468
v -8.145551 3.078794 3.681254
v -8.231321 3.078794 3.681254
v -8.231322 3.158549 1.744239
v -8.145551 3.166616 3.595699
v -8.145553 3.158549 1.744239
v -8.231322 3.158549 1.744239
v -8.231321 3.166616 3.595699
v -8.145551 3.166616 3.595699
v -8.145551 3.166616 3.595699
v -8.145550 4.744716 3.599586
v -8.145550 4.832910 3.685575
v -8.145551 3.166616 3.595699
v -8.145550 4.832910 3.685575
v -8.145551 3.078794 3.681254
v -8.145550 4.744716 3.599586
v -8.145552 4.832910 1.658469
v -8.145550 4.832910 3.685575
v -8.145553 3.158549 1.744239
v -8.145551 3.166616 3.595699
v -8.145551 3.078794 3.681254
v -8.145550 4.744716 3.599586
v -8.145552 4.744716 1.744238
v -8.145552 4.832910 1.658469
v -8.145553 3.158549 1.744239
v -8.145551 3.078794 3.681254
v -8.145553 3.069980 1.658468
v -8.145552 4.744716 1.744238
v -8.145553 3.069980 1.658468
v -8.145552 4.832910 1.658469
v -8.145552 4.744716 1.744238
v -8.145553 3.158549 1.744239
v -8.145553 3.069980 1.658468
v -8.231320 4.832910 3.685575
v -8.231321 4.744716 1.744238
v -8.231320 4.744716 3.599586
v -8.231320 4.832910 3.685575
v -8.231321 4.832910 1.658469
v -8.231321 4.744716 1.744238
v -8.231321 3.078794 3.681254
v -8.231320 4.832910 3.685575
v -8.231320 4.744716 3.599586
v -8.231321 4.832910 1.658469
v -8.231322 3.158549 1.744239
v -8.231321 4.744716 1.744238
v -8.231321 3.078794 3.681254
v -8.231320 4.744716 3.599586
v -8.231321 3.166616 3.595699
v -8.231321 4.832910 1.658469
v -8.231322 3.069980 1.658468
v -8.231322 3.158549 1.744239
v -8.231322 3.069980 1.658468
v -8.231321 3.078794 3.681254
v -8.231321 3.166616 3.595699
v -8.231322 3.069980 1.658468
v -8.231321 3.166616 3.595699
v -8.231322 3.158549 1.744239
v -8.119849 3.078926 1.661426
v -8.205620 4.832911 1.665747
v -8.205621 3.078926 1.661426
v -8.119849 3.078926 1.661426
v -8.119848 4.832911 1.665747
v -8.205620 4.832911 1.665747
v -8.205621 3.166485 1.575871
v -8.119848 4.744717 1.579759
v -8.119849 3.166485 1.575871
v -8.205621 3.166485 1.575871
v -8.205620 4.744717 1.579759
v -8.119848 4.744717 1.579759
v -8.119848 4.832911 1.665747
v -8.205620 4.832911 0.440433
v -8.205620 4.832911 1.665747
v -8.119848 4.832911 1.665747
v -8.119849 4.832911 0.440433
v -8.205620 4.832911 0.440433
v -8.205620 4.744717 1.579759
v -8.119849 4.744717 0.526204
v -8.119848 4.744717 1.579759
v -8.205620 4.744717 1.579759
v -8.205620 4.744717 0.526204
v -8.119849 4.744717 0.526204
v -8.119849 4.832911 0.440433
v -8.205621 3.069849 0.440434
v -8.205620 4.832911 0.440433
v -8.119849 4.832911 0.440433
v -8.119849 3.069849 0.440434
v -8.205621 3.069849 0.440434
v -8.205620 4.744717 0.526204
v -8.119849 3.158682 0.526205
v -8.119849 4.744717 0.526204
v -8.205620 4.744717 0.526204
v -8.205621 3.158682 0.526205
v -8.119849 3.158682 0.526205
v -8.119849 3.069849 0.440434
v -8.205621 3.078926 1.661426
v -8.205621 3.069849 0.440434
v -8.119849 3.069849 0.440434
v -8.119849 3.078926 1.661426
v -8.205621 3.078926 1.661426
v -8.205621 3.158682 0.526205
v -8.119849 3.166485 1.575871
v -8.119849 3.158682 0.526205
v -8.205621 3.158682 0.526205
v -8.205621 3.166485 1.575871
v -8.119849 3.166485 1.575871
v -8.119849 3.166485 1.575871
v -8.119848 4.744717 1.579759
v -8.119848 4.832911 1.665747
v -8.119849 3.166485 1.575871
v -8.119848 4.832911 1.665747
v -8.119849 3.078926 1.661426
v -8.119848 4.744717 1.579759
v -8.119849 4.832911 0.440433
v -8.119848 4.832911 1.665747
v -8.119849 3.158682 0.526205
v -8.119849 3.166485 1.575871
v -8.119849 3.078926 1.661426
v -8.119848 4.744717 1.579759
v -8.119849 4.744717 0.526204
v -8.119849 4.832911 0.440433
v -8.119849 3.158682 0.526205
v -8.119849 3.078926 1.661426
v -8.119849 3.069849 0.440434
v -8.119849 4.744717 0.526204
v -8.119849 3.069849 0.440434
v -8.119849 4.832911 0.440433
v -8.119849 4.744717 0.526204
v -8.119849 3.158682 0.526205
v -8.119849 3.069849 0.440434
v -8.205620 4.832911 1.665747
v -8.205620 4.744717 0.526204
v -8.205620 4.744717 1.579759
v -8.205620 4.832911 1.665747
v -8.205620 4.832911 0.440433
v -8.205620 4.744717 0.526204
v -8.205621 3.078926 1.661426
v -8.205620 4.832911 1.665747
v -8.205620 4.744717 1.579759
v -8.205620 4.832911 0.440433
v -8.205621 3.158682 0.526205
v -8.205620 4.744717 0.526204
v -8.205621 3.078926 1.661426
v -8.205620 4.744717 1.579759
v -8.205621 3.166485 1.575871
v -8.205620 4.832911 0.440433
v -8.205621 3.069849 0.440434
v -8.205621 3.158682 0.526205
v -8.205621 3.069849 0.440434
v -8.205621 3.078926 1.661426
v -8.205621 3.166485 1.575871
v -8.205621 3.069849 0.440434
v -8.205621 3.166485 1.575871
v -8.205621 3.158682 0.526205
v -8.119849 1.238417 1.661426
v -8.205621 2.992403 1.665746
v -8.205621 1.238417 1.661426
v -8.119849 1.238417 1.661426
v -8.119849 2.992403 1.665746
v -8.205621 2.992403 1.665746
v -8.205621 1.325977 1.575870
v -8.119849 2.904209 1.579759
v -8.119849 1.325977 1.575870
v -8.205621 1.325977 1.575870
v -8.205621 2.904208 1.579759
v -8.119849 2.904209 1.579759
v -8.119849 2.992403 1.665746
v -8.205621 2.992403 0.440432
v -8.205621 2.992403 1.665746
v -8.119849 2.992403 1.665746
v -8.119850 2.992403 0.440432
v -8.205621 2.992403 0.440432
v -8.205621 2.904208 1.579759
v -8.119850 2.904209 0.526205
v -8.119849 2.904209 1.579759
v -8.205621 2.904208 1.579759
v -8.205621 2.904209 0.526205
v -8.119850 2.904209 0.526205
v -8.119850 2.992403 0.440432
v -8.205622 1.229340 0.440434
v -8.205621 2.992403 0.440432
v -8.119850 2.992403 0.440432
v -8.119850 1.229340 0.440434
v -8.205622 1.229340 0.440434
v -8.205621 2.904209 0.526205
v -8.119849 1.318174 0.526203
v -8.119850 2.904209 0.526205
v -8.205621 2.904209 0.526205
v -8.205621 1.318174 0.526203
v -8.119849 1.318174 0.526203
v -8.119850 1.229340 0.440434
v -8.205621 1.238417 1.661426
v -8.205622 1.229340 0.440434
v -8.119850 1.229340 0.440434
v -8.119849 1.238417 1.661426
v -8.205621 1.238417 1.661426
v -8.205621 1.318174 0.526203
v -8.119849 1.325977 1.575870
v -8.119849 1.318174 0.526203
v -8.205621 1.318174 0.526203
v -8.205621 1.325977 1.575870
v -8.119849 1.325977 1.575870
v -8.119849 1.325977 1.575870
v -8.119849 2.904209 1.579759
v -8.119849 2.992403 1.665746
v -8.119849 1.325977 1.575870
v -8.119849 2.992403 1.665746
v -8.119849 1.238417 1.661426
v -8.119849 2.904209 1.579759
v -8.119850 2.992403 0.440432
v -8.119849 2.992403 1.665746
v -8.119849 1.318174 0.526203
v -8.119849 1.325977 1.575870
v -8.119849 1.238417 1.661426
v -8.119849 2.904209 1.579759
v -8.119850 2.904209 0.526205
v -8.119850 2.992403 0.440432
v -8.119849 1.318174 0.526203
v -8.119849 1.238417 1.661426
v -8.119850 1.229340 0.440434
v -8.119850 2.904209 0.526205
v -8.119850 1.229340 0.440434
v -8.119850 2.992403 0.440432
v -8.119850 2.904209 0.526205
v -8.119849 1.318174 0.526203
v -8.119850 1.229340 0.440434
v -8.205621 2.992403 1.665746
v -8.205621 2.904209 0.526205
v -8.205621 2.904208 1.579759
v -8.205621 2.992403 1.665746
v -8.205621 2.992403 0.440432
v -8.205621 2.904209 0.526205
v -8.205621 1.238417 1.661426
v -8.205621 2.992403 1.665746
v -8.205621 2.904208 1.579759
v -8.205621 2.992403 0.440432
v -8.205621 1.318174 0.526203
v -8.205621 2.904209 0.526205
v -8.205621 1.238417 1.661426
v -8.205621 2.904208 1.579759
v -8.205621 1.325977 1.575870
v -8.205621 2.992403 0.440432
v -8.205622 1.229340 0.440434
v -8.205621 1.318174 0.526203
v -8.205622 1.229340 0.440434
v -8.205621 1.238417 1.661426
v -8.205621 1.325977 1.575870
v -8.205622 1.229340 0.440434
v -8.205621 1.325977 1.575870
v -8.205621 1.318174 0.526203
vn 0.0025 -0.0000 -1.0000
vn -0.0025 -0.0000 1.0000
vn -1.0000 -0.0000 -0.0000
vn 1.0000 -0.0000 -0.0000
vn -0.0000 -0.0000 1.0000
vn -0.0000 -0.0000 -1.0000
vn 1.0000 -0.0000 -0.0042
vn -1.0000 -0.0000 0.0042
vn -0.0000 1.0000 -0.0000
vn -0.0000 -1.0000 -0.0000
vn 1.0000 -0.0000 -0.0072
vn -1.0000 -0.0000 0.0072
vn -0.0000 0.0025 -1.0000
vn -0.0000 -0.0025 1.0000
vn -0.0000 1.0000 -0.0042
vn -0.0000 -1.0000 0.0042
vn -0.0000 1.0000 -0.0072
vn -0.0000 -1.0000 0.0072
vn -0.0000 1.0000 -0.0044
vn -0.0000 -1.0000 0.0044
vn -0.0000 1.0000 -0.0074
vn -0.0000 -1.0000 0.0074
vt 0.000000 0.000000
s 0
f 1/1/1 3/1/1 2/1/1
f 4/1/1 6/1/1 5/1/1
f 7/1/2 9/1/2 8/1/2
f 10/1/2 12/1/2 11/1/2
f 13/1/3 15/1/3 14/1/3
f 16/1/3 18/1/3 17/1/3
f 19/1/4 21/1/4 20/1/4
f 22/1/4 24/1/4 23/1/4
f 25/1/5 27/1/5 26/1/5
f 28/1/5 30/1/5 29/1/5
f 31/1/6 33/1/6 32/1/6
f 34/1/6 36/1/6 35/1/6
f 37/1/7 39/1/7 38/1/7
f 40/1/7 42/1/7 41/1/7
f 43/1/8 45/1/8 44/1/8
f 46/1/8 48/1/8 47/1/8
f 49/1/9 51/1/9 50/1/9
f 52/1/9 54/1/9 53/1/9
f 55/1/9 57/1/9 56/1/9
f 58/1/9 60/1/9 59/1/9
f 61/1/9 63/1/9 62/1/9
f 64/1/9 66/1/9 65/1/9
f 67/1/9 69/1/9 68/1/9
f 70/1/9 72/1/9 71/1/9
f 73/1/10 75/1/10 74/1/10
f 76/1/10 78/1/10 77/1/10
f 79/1/10 81/1/10 80/1/10
f 82/1/10 84/1/10 83/1/10
f 85/1/10 87/1/10 86/1/10
f 88/1/10 90/1/10 89/1/10
f 91/1/10 93/1/10 92/1/10
f 94/1/10 96/1/10 95/1/10
f 97/1/1 99/1/1 98/1/1
f 100/1/1 102/1/1 101/1/1
f 103/1/2 105/1/2 104/1/2
f 106/1/2 108/1/2 107/1/2
f 109/1/3 111/1/3 110/1/3
f 112/1/3 114/1/3 113/1/3
f 115/1/4 117/1/4 116/1/4
f 118/1/4 120/1/4 119/1/4
f 121/1/5 123/1/5 122/1/5
f 124/1/5 126/1/5 125/1/5
f 127/1/6 129/1/6 128/1/6
f 130/1/6 132/1/6 131/1/6
f 133/1/7 135/1/7 134/1/7
f 136/1/7 138/1/7 137/1/7
f 139/1/8 141/1/8 140/1/8
f 142/1/8 144/1/8 143/1/8
f 145/1/9 147/1/9 146/1/9
f 148/1/9 150/1/9 149/1/9
f 151/1/9 153/1/9 152/1/9
f 154/1/9 156/1/9 155/1/9
f 157/1/9 159/1/9 158/1/9
f 160/1/9 162/1/9 161/1/9
f 163/1/9 165/1/9 164/1/9
f 166/1/9 168/1/9 167/1/9
f 169/1/10 171/1/10 170/1/10
f 172/1/10 174/1/10 173/1/10
f 175/1/10 177/1/10 176/1/10
f 178/1/10 180/1/10 179/1/10
f 181/1/10 183/1/10 182/1/10
f 184/1/10 186/1/10 185/1/10
f 187/1/10 189/1/10 188/1/10
f 190/1/10 192/1/10 191/1/10
f 193/1/1 195/1/1 194/1/1
f 196/1/1 198/1/1 197/1/1
f 199/1/2 201/1/2 200/1/2
f 202/1/2 204/1/2 203/1/2
f 205/1/3 207/1/3 206/1/3
f 208/1/3 210/1/3 209/1/3
f 211/1/4 213/1/4 212/1/4
f 214/1/4 216/1/4 215/1/4
f 217/1/5 219/1/5 218/1/5
f 220/1/5 222/1/5 221/1/5
f 223/1/6 225/1/6 224/1/6
f 226/1/6 228/1/6 227/1/6
f 229/1/11 231/1/11 230/1/11
f 232/1/11 234/1/11 233/1/11
f 235/1/12 237/1/12 236/1/12
f 238/1/12 240/1/12 239/1/12
f 241/1/9 243/1/9 242/1/9
f 244/1/9 246/1/9 245/1/9
f 247/1/9 249/1/9 248/1/9
f 250/1/9 252/1/9 251/1/9
f 253/1/9 255/1/9 254/1/9
f 256/1/9 258/1/9 257/1/9
f 259/1/9 261/1/9 260/1/9
f 262/1/9 264/1/9 263/1/9
f 265/1/10 267/1/10 266/1/10
f 268/1/10 270/1/10 269/1/10
f 271/1/10 273/1/10 272/1/10
f 274/1/10 276/1/10 275/1/10
f 277/1/10 279/1/10 278/1/10
f 280/1/10 282/1/10 281/1/10
f 283/1/10 285/1/10 284/1/10
f 286/1/10 288/1/10 287/1/10
f 289/1/1 291/1/1 290/1/1
f 292/1/1 294/1/1 293/1/1
f 295/1/2 297/1/2 296/1/2
f 298/1/2 300/1/2 299/1/2
f 301/1/3 303/1/3 302/1/3
f 304/1/3 306/1/3 305/1/3
f 307/1/4 309/1/4 308/1/4
f 310/1/4 312/1/4 311/1/4
f 313/1/5 315/1/5 314/1/5
f 316/1/5 318/1/5 317/1/5
f 319/1/6 321/1/6 320/1/6
f 322/1/6 324/1/6 323/1/6
f 325/1/11 327/1/11 326/1/11
f 328/1/11 330/1/11 329/1/11
f 331/1/12 333/1/12 332/1/12
f 334/1/12 336/1/12 335/1/12
f 337/1/9 339/1/9 338/1/9
f 340/1/9 342/1/9 341/1/9
f 343/1/9 345/1/9 344/1/9
f 346/1/9 348/1/9 347/1/9
f 349/1/9 351/1/9 350/1/9
f 352/1/9 354/1/9 353/1/9
f 355/1/9 357/1/9 356/1/9
f 358/1/9 360/1/9 359/1/9
f 361/1/10 363/1/10 362/1/10
f 364/1/10 366/1/10 365/1/10
f 367/1/10 369/1/10 368/1/10
f 370/1/10 372/1/10 371/1/10
f 373/1/10 375/1/10 374/1/10
f 376/1/10 378/1/10 377/1/10
f 379/1/10 381/1/10 380/1/10
f 382/1/10 384/1/10 383/1/10
f 385/1/1 387/1/1 386/1/1
f 388/1/1 390/1/1 389/1/1
f 391/1/2 393/1/2 392/1/2
f 394/1/2 396/1/2 395/1/2
f 397/1/3 399/1/3 398/1/3
f 400/1/3 402/1/3 401/1/3
f 403/1/4 405/1/4 404/1/4
f 406/1/4 408/1/4 407/1/4
f 409/1/5 411/1/5 410/1/5
f 412/1/5 414/1/5 413/1/5
f 415/1/6 417/1/6 416/1/6
f 418/1/6 420/1/6 419/1/6
f 421/1/7 423/1/7 422/1/7
f 424/1/7 426/1/7 425/1/7
f 427/1/8 429/1/8 428/1/8
f 430/1/8 432/1/8 431/1/8
f 433/1/9 435/1/9 434/1/9
f 436/1/9 438/1/9 437/1/9
f 439/1/9 441/1/9 440/1/9
f 442/1/9 444/1/9 443/1/9
f 445/1/9 447/1/9 446/1/9
f 448/1/9 450/1/9 449/1/9
f 451/1/9 453/1/9 452/1/9
f 454/1/9 456/1/9 455/1/9
f 457/1/10 459/1/10 458/1/10
f 460/1/10 462/1/10 461/1/10
f 463/1/10 465/1/10 464/1/10
f 466/1/10 468/1/10 467/1/10
f 469/1/10 471/1/10 470/1/10
f 472/1/10 474/1/10 473/1/10
f 475/1/10 477/1/10 476/1/10
f 478/1/10 480/1/10 479/1/10
f 481/1/1 483/1/1 482/1/1
f 484/1/1 486/1/1 485/1/1
f 487/1/2 489/1/2 488/1/2
f 490/1/2 492/1/2 491/1/2
f 493/1/3 495/1/3 494/1/3
f 496/1/3 498/1/3 497/1/3
f 499/1/4 501/1/4 500/1/4
f 502/1/4 504/1/4 503/1/4
f 505/1/5 507/1/5 506/1/5
f 508/1/5 510/1/5 509/1/5
f 511/1/6 513/1/6 512/1/6
f 514/1/6 516/1/6 515/1/6
f 517/1/7 519/1/7 518/1/7
f 520/1/7 522/1/7 521/1/7
f 523/1/8 525/1/8 524/1/8
f 526/1/8 528/1/8 527/1/8
f 529/1/9 531/1/9 530/1/9
f 532/1/9 534/1/9 533/1/9
f 535/1/9 537/1/9 536/1/9
f 538/1/9 540/1/9 539/1/9
f 541/1/9 543/1/9 542/1/9
f 544/1/9 546/1/9 545/1/9
f 547/1/9 549/1/9 548/1/9
f 550/1/9 552/1/9 551/1/9
f 553/1/10 555/1/10 554/1/10
f 556/1/10 558/1/10 557/1/10
f 559/1/10 561/1/10 560/1/10
f 562/1/10 564/1/10 563/1/10
f 565/1/10 567/1/10 566/1/10
f 568/1/10 570/1/10 569/1/10
f 571/1/10 573/1/10 572/1/10
f 574/1/10 576/1/10 575/1/10
f 577/1/1 579/1/1 578/1/1
f 580/1/1 582/1/1 581/1/1
f 583/1/2 585/1/2 584/1/2
f 586/1/2 588/1/2 587/1/2
f 589/1/3 591/1/3 590/1/3
f 592/1/3 594/1/3 593/1/3
f 595/1/4 597/1/4 596/1/4
f 598/1/4 600/1/4 599/1/4
f 601/1/5 603/1/5 602/1/5
f 604/1/5 606/1/5 605/1/5
f 607/1/6 609/1/6 608/1/6
f 610/1/6 612/1/6 611/1/6
f 613/1/11 615/1/11 614/1/11
f 616/1/11 618/1/11 617/1/11
f 619/1/12 621/1/12 620/1/12
f 622/1/12 624/1/12 623/1/12
f 625/1/9 627/1/9 626/1/9
f 628/1/9 630/1/9 629/1/9
f 631/1/9 633/1/9 632/1/9
f 634/1/9 636/1/9 635/1/9
f 637/1/9 639/1/9 638/1/9
f 640/1/9 642/1/9 641/1/9
f 643/1/9 645/1/9 644/1/9
f 646/1/9 648/1/9 647/1/9
f 649/1/10 651/1/10 650/1/10
f 652/1/10 654/1/10 653/1/10
f 655/1/10 657/1/10 656/1/10
f 658/1/10 660/1/10 659/1/10
f 661/1/10 663/1/10 662/1/10
f 664/1/10 666/1/10 665/1/10
f 667/1/10 669/1/10 668/1/10
f 670/1/10 672/1/10 671/1/10
f 673/1/1 675/1/1 674/1/1
f 676/1/1 678/1/1 677/1/1
f 679/1/2 681/1/2 680/1/2
f 682/1/2 684/1/2 683/1/2
f 685/1/3 687/1/3 686/1/3
f 688/1/3 690/1/3 689/1/3
f 691/1/4 693/1/4 692/1/4
f 694/1/4 696/1/4 695/1/4
f 697/1/5 699/1/5 698/1/5
f 700/1/5 702/1/5 701/1/5
f 703/1/6 705/1/6 704/1/6
f 706/1/6 708/1/6 707/1/6
f 709/1/11 711/1/11 710/1/11
f 712/1/11 714/1/11 713/1/11
f 715/1/12 717/1/12 716/1/12
f 718/1/12 720/1/12 719/1/12
f 721/1/9 723/1/9 722/1/9
f 724/1/9 726/1/9 725/1/9
f 727/1/9 729/1/9 728/1/9
f 730/1/9 732/1/9 731/1/9
f 733/1/9 735/1/9 734/1/9
f 736/1/9 738/1/9 737/1/9
f 739/1/9 741/1/9 740/1/9
f 742/1/9 744/1/9 743/1/9
f 745/1/10 747/1/10 746/1/10
f 748/1/10 750/1/10 749/1/10
f 751/1/10 753/1/10 752/1/10
f 754/1/10 756/1/10 755/1/10
f 757/1/10 759/1/10 758/1/10
f 760/1/10 762/1/10 761/1/10
f 763/1/10 765/1/10 764/1/10
f 766/1/10 768/1/10 767/1/10
f 769/1/1 771/1/1 770/1/1
f 772/1/1 774/1/1 773/1/1
f 775/1/2 777/1/2 776/1/2
f 778/1/2 780/1/2 779/1/2
f 781/1/3 783/1/3 782/1/3
f 784/1/3 786/1/3 785/1/3
f 787/1/4 789/1/4 788/1/4
f 790/1/4 792/1/4 791/1/4
f 793/1/5 795/1/5 794/1/5
f 796/1/5 798/1/5 797/1/5
f 799/1/6 801/1/6 800/1/6
f 802/1/6 804/1/6 803/1/6
f 805/1/7 807/1/7 806/1/7
f 808/1/7 810/1/7 809/1/7
f 811/1/8 813/1/8 812/1/8
f 814/1/8 816/1/8 815/1/8
f 817/1/9 819/1/9 818/1/9
f 820/1/9 822/1/9 821/1/9
f 823/1/9 825/1/9 824/1/9
f 826/1/9 828/1/9 827/1/9
f 829/1/9 831/1/9 830/1/9
f 832/1/9 834/1/9 833/1/9
f 835/1/9 837/1/9 836/1/9
f 838/1/9 840/1/9 839/1/9
f 841/1/10 843/1/10 842/1/10
f 844/1/10 846/1/10 845/1/10
f 847/1/10 849/1/10 848/1/10
f 850/1/10 852/1/10 851/1/10
f 853/1/10 855/1/10 854/1/10
f 856/1/10 858/1/10 857/1/10
f 859/1/10 861/1/10 860/1/10
f 862/1/10 864/1/10 863/1/10
f 865/1/1 867/1/1 866/1/1
f 868/1/1 870/1/1 869/1/1
f 871/1/2 873/1/2 872/1/2
f 874/1/2 876/1/2 875/1/2
f 877/1/3 879/1/3 878/1/3
f 880/1/3 882/1/3 881/1/3
f 883/1/4 885/1/4 884/1/4
f 886/1/4 888/1/4 887/1/4
f 889/1/5 891/1/5 890/1/5
f 892/1/5 894/1/5 893/1/5
f 895/1/6 897/1/6 896/1/6
f 898/1/6 900/1/6 899/1/6
f 901/1/7 903/1/7 902/1/7
f 904/1/7 906/1/7 905/1/7
f 907/1/8 909/1/8 908/1/8
f 910/1/8 912/1/8 911/1/8
f 913/1/9 915/1/9 914/1/9
f 916/1/9 918/1/9 917/1/9
f 919/1/9 921/1/9 920/1/9
f 922/1/9 924/1/9 923/1/9
f 925/1/9 927/1/9 926/1/9
f 928/1/9 930/1/9 929/1/9
f 931/1/9 933/1/9 932/1/9
f 934/1/9 936/1/9 935/1/9
f 937/1/10 939/1/10 938/1/10
f 940/1/10 942/1/10 941/1/10
f 943/1/10 945/1/10 944/1/10
f 946/1/10 948/1/10 947/1/10
f 949/1/10 951/1/10 950/1/10
f 952/1/10 954/1/10 953/1/10
f 955/1/10 957/1/10 956/1/10
f 958/1/10 960/1/10 959/1/10
f 961/1/1 963/1/1 962/1/1
f 964/1/1 966/1/1 965/1/1
f 967/1/2 969/1/2 968/1/2
f 970/1/2 972/1/2 971/1/2
f 973/1/3 975/1/3 974/1/3
f 976/1/3 978/1/3 977/1/3
f 979/1/4 981/1/4 980/1/4
f 982/1/4 984/1/4 983/1/4
f 985/1/5 987/1/5 986/1/5
f 988/1/5 990/1/5 989/1/5
f 991/1/6 993/1/6 992/1/6
f 994/1/6 996/1/6 995/1/6
f 997/1/11 999/1/11 998/1/11
f 1000/1/11 1002/1/11 1001/1/11
f 1003/1/12 1005/1/12 1004/1/12
f 1006/1/12 1008/1/12 1007/1/12
f 1009/1/9 1011/1/9 1010/1/9
f 1012/1/9 1014/1/9 1013/1/9
f 1015/1/9 1017/1/9 1016/1/9
f 1018/1/9 1020/1/9 1019/1/9
f 1021/1/9 1023/1/9 1022/1/9
f 1024/1/9 1026/1/9 1025/1/9
f 1027/1/9 1029/1/9 1028/1/9
f 1030/1/9 1032/1/9 1031/1/9
f 1033/1/10 1035/1/10 1034/1/10
f 1036/1/10 1038/1/10 1037/1/10
f 1039/1/10 1041/1/10 1040/1/10
f 1042/1/10 1044/1/10 1043/1/10
f 1045/1/10 1047/1/10 1046/1/10
f 1048/1/10 1050/1/10 1049/1/10
f 1051/1/10 1053/1/10 1052/1/10
f 1054/1/10 1056/1/10 1055/1/10
f 1057/1/1 1059/1/1 1058/1/1
f 1060/1/1 1062/1/1 1061/1/1
f 1063/1/2 1065/1/2 1064/1/2
f 1066/1/2 1068/1/2 1067/1/2
f 1069/1/3 1071/1/3 1070/1/3
f 1072/1/3 1074/1/3 1073/1/3
f 1075/1/4 1077/1/4 1076/1/4
f 1078/1/4 1080/1/4 1079/1/4
f 1081/1/5 1083/1/5 1082/1/5
f 1084/1/5 1086/1/5 1085/1/5
f 1087/1/6 1089/1/6 1088/1/6
f 1090/1/6 1092/1/6 1091/1/6
f 1093/1/11 1095/1/11 1094/1/11
f 1096/1/11 1098/1/11 1097/1/11
f 1099/1/12 1101/1/12 1100/1/12
f 1102/1/12 1104/1/12 1103/1/12
f 1105/1/9 1107/1/9 1106/1/9
f 1108/1/9 1110/1/9 1109/1/9
f 1111/1/9 1113/1/9 1112/1/9
f 1114/1/9 1116/1/9 1115/1/9
f 1117/1/9 1119/1/9 1118/1/9
f 1120/1/9 1122/1/9 1121/1/9
f 1123/1/9 1125/1/9 1124/1/9
f 1126/1/9 1128/1/9 1127/1/9
f 1129/1/10 1131/1/10 1130/1/10
f 1132/1/10 1134/1/10 1133/1/10
f 1135/1/10 1137/1/10 1136/1/10
f 1138/1/10 1140/1/10 1139/1/10
f 1141/1/10 1143/1/10 1142/1/10
f 1144/1/10 1146/1/10 1145/1/10
f 1147/1/10 1149/1/10 1148/1/10
f 1150/1/10 1152/1/10 1151/1/10
f 1153/1/1 1155/1/1 1154/1/1
f 1156/1/1 1158/1/1 1157/1/1
f 1159/1/2 1161/1/2 1160/1/2
f 1162/1/2 1164/1/2 1163/1/2
f 1165/1/3 1167/1/3 1166/1/3
f 1168/1/3 1170/1/3 1169/1/3
f 1171/1/4 1173/1/4 1172/1/4
f 1174/1/4 1176/1/4 1175/1/4
f 1177/1/5 1179/1/5 1178/1/5
f 1180/1/5 1182/1/5 1181/1/5
f 1183/1/6 1185/1/6 1184/1/6
f 1186/1/6 1188/1/6 1187/1/6
f 1189/1/7 1191/1/7 1190/1/7
f 1192/1/7 1194/1/7 1193/1/7
f 1195/1/8 1197/1/8 1196/1/8
f 1198/1/8 1200/1/8 1199/1/8
f 1201/1/9 1203/1/9 1202/1/9
f 1204/1/9 1206/1/9 1205/1/9
f 1207/1/9 1209/1/9 1208/1/9
f 1210/1/9 1212/1/9 1211/1/9
f 1213/1/9 1215/1/9 1214/1/9
f 1216/1/9 1218/1/9 1217/1/9
f 1219/1/9 1221/1/9 1220/1/9
f 1222/1/9 1224/1/9 1223/1/9
f 1225/1/10 1227/1/10 1226/1/10
f 1228/1/10 1230/1/10 1229/1/10
f 1231/1/10 1233/1/10 1232/1/10
f 1234/1/10 1236/1/10 1235/1/10
f 1237/1/10 1239/1/10 1238/1/10
f 1240/1/10 1242/1/10 1241/1/10
f 1243/1/10 1245/1/10 1244/1/10
f 1246/1/10 1248/1/10 1247/1/10
f 1249/1/1 1251/1/1 1250/1/1
f 1252/1/1 1254/1/1 1253/1/1
f 1255/1/2 1257/1/2 1256/1/2
f 1258/1/2 1260/1/2 1259/1/2
f 1261/1/3 1263/1/3 1262/1/3
f 1264/1/3 1266/1/3 1265/1/3
f 1267/1/4 1269/1/4 1268/1/4
f 1270/1/4 1272/1/4 1271/1/4
f 1273/1/5 1275/1/5 1274/1/5
f 1276/1/5 1278/1/5 1277/1/5
f 1279/1/6 1281/1/6 1280/1/6
f 1282/1/6 1284/1/6 1283/1/6
f 1285/1/7 1287/1/7 1286/1/7
f 1288/1/7 1290/1/7 1289/1/7
f 1291/1/8 1293/1/8 1292/1/8
f 1294/1/8 1296/1/8 1295/1/8
f 1297/1/9 1299/1/9 1298/1/9
f 1300/1/9 1302/1/9 1301/1/9
f 1303/1/9 1305/1/9 1304/1/9
f 1306/1/9 1308/1/9 1307/1/9
f 1309/1/9 1311/1/9 1310/1/9
f 1312/1/9 1314/1/9 1313/1/9
f 1315/1/9 1317/1/9 1316/1/9
f 1318/1/9 1320/1/9 1319/1/9
f 1321/1/10 1323/1/10 1322/1/10
f 1324/1/10 1326/1/10 1325/1/10
f 1327/1/10 1329/1/10 1328/1/10
f 1330/1/10 1332/1/10 1331/1/10
f 1333/1/10 1335/1/10 1334/1/10
f 1336/1/10 1338/1/10 1337/1/10
f 1339/1/10 1341/1/10 1340/1/10
f 1342/1/10 1344/1/10 1343/1/10
f 1345/1/1 1347/1/1 1346/1/1
f 1348/1/1 1350/1/1 1349/1/1
f 1351/1/2 1353/1/2 1352/1/2
f 1354/1/2 1356/1/2 1355/1/2
f 1357/1/3 1359/1/3 1358/1/3
f 1360/1/3 1362/1/3 1361/1/3
f 1363/1/4 1365/1/4 1364/1/4
f 1366/1/4 1368/1/4 1367/1/4
f 1369/1/5 1371/1/5 1370/1/5
f 1372/1/5 1374/1/5 1373/1/5
f 1375/1/6 1377/1/6 1376/1/6
f 1378/1/6 1380/1/6 1379/1/6
f 1381/1/11 1383/1/11 1382/1/11
f 1384/1/11 1386/1/11 1385/1/11
f 1387/1/12 1389/1/12 1388/1/12
f 1390/1/12 1392/1/12 1391/1/12
f 1393/1/9 1395/1/9 1394/1/9
f 1396/1/9 1398/1/9 1397/1/9
f 1399/1/9 1401/1/9 1400/1/9
f 1402/1/9 1404/1/9 1403/1/9
f 1405/1/9 1407/1/9 1406/1/9
f 1408/1/9 1410/1/9 1409/1/9
f 1411/1/9 1413/1/9 1412/1/9
f 1414/1/9 1416/1/9 1415/1/9
f 1417/1/10 1419/1/10 1418/1/10
f 1420/1/10 1422/1/10 1421/1/10
f 1423/1/10 1425/1/10 1424/1/10
f 1426/1/10 1428/1/10 1427/1/10
f 1429/1/10 1431/1/10 1430/1/10
f 1432/1/10 1434/1/10 1433/1/10
f 1435/1/10 1437/1/10 1436/1/10
f 1438/1/10 1440/1/10 1439/1/10
f 1441/1/1 1443/1/1 1442/1/1
f 1444/1/1 1446/1/1 1445/1/1
f 1447/1/2 1449/1/2 1448/1/2
f 1450/1/2 1452/1/2 1451/1/2
f 1453/1/3 1455/1/3 1454/1/3
f 1456/1/3 1458/1/3 1457/1/3
f 1459/1/4 1461/1/4 1460/1/4
f 1462/1/4 1464/1/4 1463/1/4
f 1465/1/5 1467/1/5 1466/1/5
f 1468/1/5 1470/1/5 1469/1/5
f 1471/1/6 1473/1/6 1472/1/6
f 1474/1/6 1476/1/6 1475/1/6
f 1477/1/11 1479/1/11 1478/1/11
f 1480/1/11 1482/1/11 1481/1/11
f 1483/1/12 1485/1/12 1484/1/12
f 1486/1/12 1488/1/12 1487/1/12
f 1489/1/9 1491/1/9 1490/1/9
f 1492/1/9 1494/1/9 1493/1/9
f 1495/1/9 1497/1/9 1496/1/9
f 1498/1/9 1500/1/9 1499/1/9
f 1501/1/9 1503/1/9 1502/1/9
f 1504/1/9 1506/1/9 1505/1/9
f 1507/1/9 1509/1/9 1508/1/9
f 1510/1/9 1512/1/9 1511/1/9
f 1513/1/10 1515/1/10 1514/1/10
f 1516/1/10 1518/1/10 1517/1/10
f 1519/1/10 1521/1/10 1520/1/10
f 1522/1/10 1524/1/10 1523/1/10
f 1525/1/10 1527/1/10 1526/1/10
f 1528/1/10 1530/1/10 1529/1/10
f 1531/1/10 1533/1/10 1532/1/10
f 1534/1/10 1536/1/10 1535/1/10
f 1537/1/1 1539/1/1 1538/1/1
f 1540/1/1 1542/1/1 1541/1/1
f 1543/1/2 1545/1/2 1544/1/2
f 1546/1/2 1548/1/2 1547/1/2
f 1549/1/3 1551/1/3 1550/1/3
f 1552/1/3 1554/1/3 1553/1/3
f 1555/1/4 1557/1/4 1556/1/4
f 1558/1/4 1560/1/4 1559/1/4
f 1561/1/5 1563/1/5 1562/1/5
f 1564/1/5 1566/1/5 1565/1/5
f 1567/1/6 1569/1/6 1568/1/6
f 1570/1/6 1572/1/6 1571/1/6
f 1573/1/7 1575/1/7 1574/1/7
f 1576/1/7 1578/1/7 1577/1/7
f 1579/1/8 1581/1/8 1580/1/8
f 1582/1/8 1584/1/8 1583/1/8
f 1585/1/9 1587/1/9 1586/1/9
f 1588/1/9 1590/1/9 1589/1/9
f 1591/1/9 1593/1/9 1592/1/9
f 1594/1/9 1596/1/9 1595/1/9
f 1597/1/9 1599/1/9 1598/1/9
f 1600/1/9 1602/1/9 1601/1/9
f 1603/1/9 1605/1/9 1604/1/9
f 1606/1/9 1608/1/9 1607/1/9
f 1609/1/10 1611/1/10 1610/1/10
f 1612/1/10 1614/1/10 1613/1/10
f 1615/1/10 1617/1/10 1616/1/10
f 1618/1/10 1620/1/10 1619/1/10
f 1621/1/10 1623/1/10 1622/1/10
f 1624/1/10 1626/1/10 1625/1/10
f 1627/1/10 1629/1/10 1628/1/10
f 1630/1/10 1632/1/10 1631/1/10
f 1633/1/1 1635/1/1 1634/1/1
f 1636/1/1 1638/1/1 1637/1/1
f 1639/1/2 1641/1/2 1640/1/2
f 1642/1/2 1644/1/2 1643/1/2
f 1645/1/3 1647/1/3 1646/1/3
f 1648/1/3 1650/1/3 1649/1/3
f 1651/1/4 1653/1/4 1652/1/4
f 1654/1/4 1656/1/4 1655/1/4
f 1657/1/5 1659/1/5 1658/1/5
f 1660/1/5 1662/1/5 1661/1/5
f 1663/1/6 1665/1/6 1664/1/6
f 1666/1/6 1668/1/6 1667/1/6
f 1669/1/7 1671/1/7 1670/1/7
f 1672/1/7 1674/1/7 1673/1/7
f 1675/1/8 1677/1/8 1676/1/8
f 1678/1/8 1680/1/8 1679/1/8
f 1681/1/9 1683/1/9 1682/1/9
f 1684/1/9 1686/1/9 1685/1/9
f 1687/1/9 1689/1/9 1688/1/9
f 1690/1/9 1692/1/9 1691/1/9
f 1693/1/9 1695/1/9 1694/1/9
f 1696/1/9 1698/1/9 1697/1/9
f 1699/1/9 1701/1/9 1700/1/9
f 1702/1/9 1704/1/9 1703/1/9
f 1705/1/10 1707/1/10 1706/1/10
f 1708/1/10 1710/1/10 1709/1/10
f 1711/1/10 1713/1/10 1712/1/10
f 1714/1/10 1716/1/10 1715/1/10
f 1717/1/10 1719/1/10 1718/1/10
f 1720/1/10 1722/1/10 1721/1/10
f 1723/1/10 1725/1/10 1724/1/10
f 1726/1/10 1728/1/10 1727/1/10
f 1729/1/1 1731/1/1 1730/1/1
f 1732/1/1 1734/1/1 1733/1/1
f 1735/1/2 1737/1/2 1736/1/2
f 1738/1/2 1740/1/2 1739/1/2
f 1741/1/3 1743/1/3 1742/1/3
f 1744/1/3 1746/1/3 1745/1/3
f 1747/1/4 1749/1/4 1748/1/4
f 1750/1/4 1752/1/4 1751/1/4
f 1753/1/5 1755/1/5 1754/1/5
f 1756/1/5 1758/1/5 1757/1/5
f 1759/1/6 1761/1/6 1760/1/6
f 1762/1/6 1764/1/6 1763/1/6
f 1765/1/11 1767/1/11 1766/1/11
f 1768/1/11 1770/1/11 1769/1/11
f 1771/1/12 1773/1/12 1772/1/12
f 1774/1/12 1776/1/12 1775/1/12
f 1777/1/9 1779/1/9 1778/1/9
f 1780/1/9 1782/1/9 1781/1/9
f 1783/1/9 1785/1/9 1784/1/9
f 1786/1/9 1788/1/9 1787/1/9
f 1789/1/9 1791/1/9 1790/1/9
f 1792/1/9 1794/1/9 1793/1/9
f 1795/1/9 1797/1/9 1796/1/9
f 1798/1/9 1800/1/9 1799/1/9
f 1801/1/10 1803/1/10 1802/1/10
f 1804/1/10 1806/1/10 1805/1/10
f 1807/1/10 1809/1/10 1808/1/10
f 1810/1/10 1812/1/10 1811/1/10
f 1813/1/10 1815/1/10 1814/1/10
f 1816/1/10 1818/1/10 1817/1/10
f 1819/1/10 1821/1/10 1820/1/10
f 1822/1/10 1824/1/10 1823/1/10
f 1825/1/1 1827/1/1 1826/1/1
f 1828/1/1 1830/1/1 1829/1/1
f 1831/1/2 1833/1/2 1832/1/2
f 1834/1/2 1836/1/2 1835/1/2
f 1837/1/3 1839/1/3 1838/1/3
f 1840/1/3 1842/1/3 1841/1/3
f 1843/1/4 1845/1/4 1844/1/4
f 1846/1/4 1848/1/4 1847/1/4
f 1849/1/5 1851/1/5 1850/1/5
f 1852/1/5 1854/1/5 1853/1/5
f 1855/1/6 1857/1/6 1856/1/6
f 1858/1/6 1860/1/6 1859/1/6
f 1861/1/11 1863/1/11 1862/1/11
f 1864/1/11 1866/1/11 1865/1/11
f 1867/1/12 1869/1/12 1868/1/12
f 1870/1/12 1872/1/12 1871/1/12
f 1873/1/9 1875/1/9 1874/1/9
f 1876/1/9 1878/1/9 1877/1/9
f 1879/1/9 1881/1/9 1880/1/9
f 1882/1/9 1884/1/9 1883/1/9
f 1885/1/9 1887/1/9 1886/1/9
f 1888/1/9 1890/1/9 1889/1/9
f 1891/1/9 1893/1/9 1892/1/9
f 1894/1/9 1896/1/9 1895/1/9
f 1897/1/10 1899/1/10 1898/1/10
f 1900/1/10 1902/1/10 1901/1/10
f 1903/1/10 1905/1/10 1904/1/10
f 1906/1/10 1908/1/10 1907/1/10
f 1909/1/10 1911/1/10 1910/1/10
f 1912/1/10 1914/1/10 1913/1/10
f 1915/1/10 1917/1/10 1916/1/10
f 1918/1/10 1920/1/10 1919/1/10
f 1921/1/1 1923/1/1 1922/1/1
f 1924/1/1 1926/1/1 1925/1/1
f 1927/1/2 1929/1/2 1928/1/2
f 1930/1/2 1932/1/2 1931/1/2
f 1933/1/3 1935/1/3 1934/1/3
f 1936/1/3 1938/1/3 1937/1/3
f 1939/1/4 1941/1/4 1940/1/4
f 1942/1/4 1944/1/4 1943/1/4
f 1945/1/5 1947/1/5 1946/1/5
f 1948/1/5 1950/1/5 1949/1/5
f 1951/1/6 1953/1/6 1952/1/6
f 1954/1/6 1956/1/6 1955/1/6
f 1957/1/7 1959/1/7 1958/1/7
f 1960/1/7 1962/1/7 1961/1/7
f 1963/1/8 1965/1/8 1964/1/8
f 1966/1/8 1968/1/8 1967/1/8
f 1969/1/9 1971/1/9 1970/1/9
f 1972/1/9 1974/1/9 1973/1/9
f 1975/1/9 1977/1/9 1976/1/9
f 1978/1/9 1980/1/9 1979/1/9
f 1981/1/9 1983/1/9 1982/1/9
f 1984/1/9 1986/1/9 1985/1/9
f 1987/1/9 1989/1/9 1988/1/9
f 1990/1/9 1992/1/9 1991/1/9
f 1993/1/10 1995/1/10 1994/1/10
f 1996/1/10 1998/1/10 1997/1/10
f 1999/1/10 2001/1/10 2000/1/10
f 2002/1/10 2004/1/10 2003/1/10
f 2005/1/10 2007/1/10 2006/1/10
f 2008/1/10 2010/1/10 2009/1/10
f 2011/1/10 2013/1/10 2012/1/10
f 2014/1/10 2016/1/10 2015/1/10
f 2017/1/1 2019/1/1 2018/1/1
f 2020/1/1 2022/1/1 2021/1/1
f 2023/1/2 2025/1/2 2024/1/2
f 2026/1/2 2028/1/2 2027/1/2
f 2029/1/3 2031/1/3 2030/1/3
f 2032/1/3 2034/1/3 2033/1/3
f 2035/1/4 2037/1/4 2036/1/4
f 2038/1/4 2040/1/4 2039/1/4
f 2041/1/5 2043/1/5 2042/1/5
f 2044/1/5 2046/1/5 2045/1/5
f 2047/1/6 2049/1/6 2048/1/6
f 2050/1/6 2052/1/6 2051/1/6
f 2053/1/7 2055/1/7 2054/1/7
f 2056/1/7 2058/1/7 2057/1/7
f 2059/1/8 2061/1/8 2060/1/8
f 2062/1/8 2064/1/8 2063/1/8
f 2065/1/9 2067/1/9 2066/1/9
f 2068/1/9 2070/1/9 2069/1/9
f 2071/1/9 2073/1/9 2072/1/9
f 2074/1/9 2076/1/9 2075/1/9
f 2077/1/9 2079/1/9 2078/1/9
f 2080/1/9 2082/1/9 2081/1/9
f 2083/1/9 2085/1/9 2084/1/9
f 2086/1/9 2088/1/9 2087/1/9
f 2089/1/10 2091/1/10 2090/1/10
f 2092/1/10 2094/1/10 2093/1/10
f 2095/1/10 2097/1/10 2096/1/10
f 2098/1/10 2100/1/10 2099/1/10
f 2101/1/10 2103/1/10 2102/1/10
f 2104/1/10 2106/1/10 2105/1/10
f 2107/1/10 2109/1/10 2108/1/10
f 2110/1/10 2112/1/10 2111/1/10
f 2113/1/1 2115/1/1 2114/1/1
f 2116/1/1 2118/1/1 2117/1/1
f 2119/1/2 2121/1/2 2120/1/2
f 2122/1/2 2124/1/2 2123/1/2
f 2125/1/3 2127/1/3 2126/1/3
f 2128/1/3 2130/1/3 2129/1/3
f 2131/1/4 2133/1/4 2132/1/4
f 2134/1/4 2136/1/4 2135/1/4
f 2137/1/5 2139/1/5 2138/1/5
f 2140/1/5 2142/1/5 2141/1/5
f 2143/1/6 2145/1/6 2144/1/6
f 2146/1/6 2148/1/6 2147/1/6
f 2149/1/11 2151/1/11 2150/1/11
f 2152/1/11 2154/1/11 2153/1/11
f 2155/1/12 2157/1/12 2156/1/12
f 2158/1/12 2160/1/12 2159/1/12
f 2161/1/9 2163/1/9 2162/1/9
f 2164/1/9 2166/1/9 2165/1/9
f 2167/1/9 2169/1/9 2168/1/9
f 2170/1/9 2172/1/9 2171/1/9
f 2173/1/9 2175/1/9 2174/1/9
f 2176/1/9 2178/1/9 2177/1/9
f 2179/1/9 2181/1/9 2180/1/9
f 2182/1/9 2184/1/9 2183/1/9
f 2185/1/10 2187/1/10 2186/1/10
f 2188/1/10 2190/1/10 2189/1/10
f 2191/1/10 2193/1/10 2192/1/10
f 2194/1/10 2196/1/10 2195/1/10
f 2197/1/10 2199/1/10 2198/1/10
f 2200/1/10 2202/1/10 2201/1/10
f 2203/1/10 2205/1/10 2204/1/10
f 2206/1/10 2208/1/10 2207/1/10
f 2209/1/1 2211/1/1 2210/1/1
f 2212/1/1 2214/1/1 2213/1/1
f 2215/1/2 2217/1/2 2216/1/2
f 2218/1/2 2220/1/2 2219/1/2
f 2221/1/3 2223/1/3 2222/1/3
f 2224/1/3 2226/1/3 2225/1/3
f 2227/1/4 2229/1/4 2228/1/4
f 2230/1/4 2232/1/4 2231/1/4
f 2233/1/5 2235/1/5 2234/1/5
f 2236/1/5 2238/1/5 2237/1/5
f 2239/1/6 2241/1/6 2240/1/6
f 2242/1/6 2244/1/6 2243/1/6
f 2245/1/11 2247/1/11 2246/1/11
f 2248/1/11 2250/1/11 2249/1/11
f 2251/1/12 2253/1/12 2252/1/12
f 2254/1/12 2256/1/12 2255/1/12
f 2257/1/9 2259/1/9 2258/1/9
f 2260/1/9 2262/1/9 2261/1/9
f 2263/1/9 2265/1/9 2264/1/9
f 2266/1/9 2268/1/9 2267/1/9
f 2269/1/9 2271/1/9 2270/1/9
f 2272/1/9 2274/1/9 2273/1/9
f 2275/1/9 2277/1/9 2276/1/9
f 2278/1/9 2280/1/9 2279/1/9
f 2281/1/10 2283/1/10 2282/1/10
f 2284/1/10 2286/1/10 2285/1/10
f 2287/1/10 2289/1/10 2288/1/10
f 2290/1/10 2292/1/10 2291/1/10
f 2293/1/10 2295/1/10 2294/1/10
f 2296/1/10 2298/1/10 2297/1/10
f 2299/1/10 2301/1/10 2300/1/10
f 2302/1/10 2304/1/10 2303/1/10
f 2305/1/13 2307/1/13 2306/1/13
f 2308/1/13 2310/1/13 2309/1/13
f 2311/1/14 2313/1/14 2312/1/14
f 2314/1/14 2316/1/14 2315/1/14
f 2317/1/10 2319/1/10 2318/1/10
f 2320/1/10 2322/1/10 2321/1/10
f 2323/1/9 2325/1/9 2324/1/9
f 2326/1/9 2328/1/9 2327/1/9
f 2329/1/5 2331/1/5 2330/1/5
f 2332/1/5 2334/1/5 2333/1/5
f 2335/1/6 2337/1/6 2336/1/6
f 2338/1/6 2340/1/6 2339/1/6
f 2341/1/15 2343/1/15 2342/1/15
f 2344/1/15 2346/1/15 2345/1/15
f 2347/1/16 2349/1/16 2348/1/16
f 2350/1/16 2352/1/16 2351/1/16
f 2353/1/3 2355/1/3 2354/1/3
f 2356/1/3 2358/1/3 2357/1/3
f 2359/1/3 2361/1/3 2360/1/3
f 2362/1/3 2364/1/3 2363/1/3
f 2365/1/3 2367/1/3 2366/1/3
f 2368/1/3 2370/1/3 2369/1/3
f 2371/1/3 2373/1/3 2372/1/3
f 2374/1/3 2376/1/3 2375/1/3
f 2377/1/4 2379/1/4 2378/1/4
f 2380/1/4 2382/1/4 2381/1/4
f 2383/1/4 2385/1/4 2384/1/4
f 2386/1/4 2388/1/4 2387/1/4
f 2389/1/4 2391/1/4 2390/1/4
f 2392/1/4 2394/1/4 2393/1/4
f 2395/1/4 2397/1/4 2396/1/4
f 2398/1/4 2400/1/4 2399/1/4
f 2401/1/13 2403/1/13 2402/1/13
f 2404/1/13 2406/1/13 2405/1/13
f 2407/1/14 2409/1/14 2408/1/14
f 2410/1/14 2412/1/14 2411/1/14
f 2413/1/10 2415/1/10 2414/1/10
f 2416/1/10 2418/1/10 2417/1/10
f 2419/1/9 2421/1/9 2420/1/9
f 2422/1/9 2424/1/9 2423/1/9
f 2425/1/5 2427/1/5 2426/1/5
f 2428/1/5 2430/1/5 2429/1/5
f 2431/1/6 2433/1/6 2432/1/6
f 2434/1/6 2436/1/6 2435/1/6
f 2437/1/15 2439/1/15 2438/1/15
f 2440/1/15 2442/1/15 2441/1/15
f 2443/1/16 2445/1/16 2444/1/16
f 2446/1/16 2448/1/16 2447/1/16
f 2449/1/3 2451/1/3 2450/1/3
f 2452/1/3 2454/1/3 2453/1/3
f 2455/1/3 2457/1/3 2456/1/3
f 2458/1/3 2460/1/3 2459/1/3
f 2461/1/3 2463/1/3 2462/1/3
f 2464/1/3 2466/1/3 2465/1/3
f 2467/1/3 2469/1/3 2468/1/3
f 2470/1/3 2472/1/3 2471/1/3
f 2473/1/4 2475/1/4 2474/1/4
f 2476/1/4 2478/1/4 2477/1/4
f 2479/1/4 2481/1/4 2480/1/4
f 2482/1/4 2484/1/4 2483/1/4
f 2485/1/4 2487/1/4 2486/1/4
f 2488/1/4 2490/1/4 2489/1/4
f 2491/1/4 2493/1/4 2492/1/4
f 2494/1/4 2496/1/4 2495/1/4
f 2497/1/13 2499/1/13 2498/1/13
f 2500/1/13 2502/1/13 2501/1/13
f 2503/1/14 2505/1/14 2504/1/14
f 2506/1/14 2508/1/14 2507/1/14
f 2509/1/10 2511/1/10 2510/1/10
f 2512/1/10 2514/1/10 2513/1/10
f 2515/1/9 2517/1/9 2516/1/9
f 2518/1/9 2520/1/9 2519/1/9
f 2521/1/5 2523/1/5 2522/1/5
f 2524/1/5 2526/1/5 2525/1/5
f 2527/1/6 2529/1/6 2528/1/6
f 2530/1/6 2532/1/6 2531/1/6
f 2533/1/17 2535/1/17 2534/1/17
f 2536/1/17 2538/1/17 2537/1/17
f 2539/1/18 2541/1/18 2540/1/18
f 2542/1/18 2544/1/18 2543/1/18
f 2545/1/3 2547/1/3 2546/1/3
f 2548/1/3 2550/1/3 2549/1/3
f 2551/1/3 2553/1/3 2552/1/3
f 2554/1/3 2556/1/3 2555/1/3
f 2557/1/3 2559/1/3 2558/1/3
f 2560/1/3 2562/1/3 2561/1/3
f 2563/1/3 2565/1/3 2564/1/3
f 2566/1/3 2568/1/3 2567/1/3
f 2569/1/4 2571/1/4 2570/1/4
f 2572/1/4 2574/1/4 2573/1/4
f 2575/1/4 2577/1/4 2576/1/4
f 2578/1/4 2580/1/4 2579/1/4
f 2581/1/4 2583/1/4 2582/1/4
f 2584/1/4 2586/1/4 2585/1/4
f 2587/1/4 2589/1/4 2588/1/4
f 2590/1/4 2592/1/4 2591/1/4
f 2593/1/13 2595/1/13 2594/1/13
f 2596/1/13 2598/1/13 2597/1/13
f 2599/1/14 2601/1/14 2600/1/14
f 2602/1/14 2604/1/14 2603/1/14
f 2605/1/10 2607/1/10 2606/1/10
f 2608/1/10 2610/1/10 2609/1/10
f 2611/1/9 2613/1/9 2612/1/9
f 2614/1/9 2616/1/9 2615/1/9
f 2617/1/5 2619/1/5 2618/1/5
f 2620/1/5 2622/1/5 2621/1/5
f 2623/1/6 2625/1/6 2624/1/6
f 2626/1/6 2628/1/6 2627/1/6
f 2629/1/17 2631/1/17 2630/1/17
f 2632/1/17 2634/1/17 2633/1/17
f 2635/1/18 2637/1/18 2636/1/18
f 2638/1/18 2640/1/18 2639/1/18
f 2641/1/3 2643/1/3 2642/1/3
f 2644/1/3 2646/1/3 2645/1/3
f 2647/1/3 2649/1/3 2648/1/3
f 2650/1/3 2652/1/3 2651/1/3
f 2653/1/3 2655/1/3 2654/1/3
f 2656/1/3 2658/1/3 2657/1/3
f 2659/1/3 2661/1/3 2660/1/3
f 2662/1/3 2664/1/3 2663/1/3
f 2665/1/4 2667/1/4 2666/1/4
f 2668/1/4 2670/1/4 2669/1/4
f 2671/1/4 2673/1/4 2672/1/4
f 2674/1/4 2676/1/4 2675/1/4
f 2677/1/4 2679/1/4 2678/1/4
f 2680/1/4 2682/1/4 2681/1/4
f 2683/1/4 2685/1/4 2684/1/4
f 2686/1/4 2688/1/4 2687/1/4
f 2689/1/13 2691/1/13 2690/1/13
f 2692/1/13 2694/1/13 2693/1/13
f 2695/1/14 2697/1/14 2696/1/14
f 2698/1/14 2700/1/14 2699/1/14
f 2701/1/10 2703/1/10 2702/1/10
f 2704/1/10 2706/1/10 2705/1/10
f 2707/1/9 2709/1/9 2708/1/9
f 2710/1/9 2712/1/9 2711/1/9
f 2713/1/5 2715/1/5 2714/1/5
f 2716/1/5 2718/1/5 2717/1/5
f 2719/1/6 2721/1/6 2720/1/6
f 2722/1/6 2724/1/6 2723/1/6
f 2725/1/15 2727/1/15 2726/1/15
f 2728/1/15 2730/1/15 2729/1/15
f 2731/1/16 2733/1/16 2732/1/16
f 2734/1/16 2736/1/16 2735/1/16
f 2737/1/3 2739/1/3 2738/1/3
f 2740/1/3 2742/1/3 2741/1/3
f 2743/1/3 2745/1/3 2744/1/3
f 2746/1/3 2748/1/3 2747/1/3
f 2749/1/3 2751/1/3 2750/1/3
f 2752/1/3 2754/1/3 2753/1/3
f 2755/1/3 2757/1/3 2756/1/3
f 2758/1/3 2760/1/3 2759/1/3
f 2761/1/4 2763/1/4 2762/1/4
f 2764/1/4 2766/1/4 2765/1/4
f 2767/1/4 2769/1/4 2768/1/4
f 2770/1/4 2772/1/4 2771/1/4
f 2773/1/4 2775/1/4 2774/1/4
f 2776/1/4 2778/1/4 2777/1/4
f 2779/1/4 2781/1/4 2780/1/4
f 2782/1/4 2784/1/4 2783/1/4
f 2785/1/13 2787/1/13 2786/1/13
f 2788/1/13 2790/1/13 2789/1/13
f 2791/1/14 2793/1/14 2792/1/14
f 2794/1/14 2796/1/14 2795/1/14
f 2797/1/10 2799/1/10 2798/1/10
f 2800/1/10 2802/1/10 2801/1/10
f 2803/1/9 2805/1/9 2804/1/9
f 2806/1/9 2808/1/9 2807/1/9
f 2809/1/5 2811/1/5 2810/1/5
f 2812/1/5 2814/1/5 2813/1/5
f 2815/1/6 2817/1/6 2816/1/6
f 2818/1/6 2820/1/6 2819/1/6
f 2821/1/15 2823/1/15 2822/1/15
f 2824/1/15 2826/1/15 2825/1/15
f 2827/1/16 2829/1/16 2828/1/16
f 2830/1/16 2832/1/16 2831/1/16
f 2833/1/3 2835/1/3 2834/1/3
f 2836/1/3 2838/1/3 2837/1/3
f 2839/1/3 2841/1/3 2840/1/3
f 2842/1/3 2844/1/3 2843/1/3
f 2845/1/3 2847/1/3 2846/1/3
f 2848/1/3 2850/1/3 2849/1/3
f 2851/1/3 2853/1/3 2852/1/3
f 2854/1/3 2856/1/3 2855/1/3
f 2857/1/4 2859/1/4 2858/1/4
f 2860/1/4 2862/1/4 2861/1/4
f 2863/1/4 2865/1/4 2864/1/4
f 2866/1/4 2868/1/4 2867/1/4
f 2869/1/4 2871/1/4 2870/1/4
f 2872/1/4 2874/1/4 2873/1/4
f 2875/1/4 2877/1/4 2876/1/4
f 2878/1/4 2880/1/4 2879/1/4
f 2881/1/13 2883/1/13 2882/1/13
f 2884/1/13 2886/1/13 2885/1/13
f 2887/1/14 2889/1/14 2888/1/14
f 2890/1/14 2892/1/14 2891/1/14
f 2893/1/10 2895/1/10 2894/1/10
f 2896/1/10 2898/1/10 2897/1/10
f 2899/1/9 2901/1/9 2900/1/9
f 2902/1/9 2904/1/9 2903/1/9
f 2905/1/5 2907/1/5 2906/1/5
f 2908/1/5 2910/1/5 2909/1/5
f 2911/1/6 2913/1/6 2912/1/6
f 2914/1/6 2916/1/6 2915/1/6
f 2917/1/17 2919/1/17 2918/1/17
f 2920/1/17 2922/1/17 2921/1/17
f 2923/1/18 2925/1/18 2924/1/18
f 2926/1/18 2928/1/18 2927/1/18
f 2929/1/3 2931/1/3 2930/1/3
f 2932/1/3 2934/1/3 2933/1/3
f 2935/1/3 2937/1/3 2936/1/3
f 2938/1/3 2940/1/3 2939/1/3
f 2941/1/3 2943/1/3 2942/1/3
f 2944/1/3 2946/1/3 2945/1/3
f 2947/1/3 2949/1/3 2948/1/3
f 2950/1/3 2952/1/3 2951/1/3
f 2953/1/4 2955/1/4 2954/1/4
f 2956/1/4 2958/1/4 2957/1/4
f 2959/1/4 2961/1/4 2960/1/4
f 2962/1/4 2964/1/4 2963/1/4
f 2965/1/4 2967/1/4 2966/1/4
f 2968/1/4 2970/1/4 2969/1/4
f 2971/1/4 2973/1/4 2972/1/4
f 2974/1/4 2976/1/4 2975/1/4
f 2977/1/13 2979/1/13 2978/1/13
f 2980/1/13 2982/1/13 2981/1/13
f 2983/1/14 2985/1/14 2984/1/14
f 2986/1/14 2988/1/14 2987/1/14
f 2989/1/10 2991/1/10 2990/1/10
f 2992/1/10 2994/1/10 2993/1/10
f 2995/1/9 2997/1/9 2996/1/9
f 2998/1/9 3000/1/9 2999/1/9
f 3001/1/5 3003/1/5 3002/1/5
f 3004/1/5 3006/1/5 3005/1/5
f 3007/1/6 3009/1/6 3008/1/6
f 3010/1/6 3012/1/6 3011/1/6
f 3013/1/17 3015/1/17 3014/1/17
f 3016/1/17 3018/1/17 3017/1/17
f 3019/1/18 3021/1/18 3020/1/18
f 3022/1/18 3024/1/18 3023/1/18
f 3025/1/3 3027/1/3 3026/1/3
f 3028/1/3 3030/1/3 3029/1/3
f 3031/1/3 3033/1/3 3032/1/3
f 3034/1/3 3036/1/3 3035/1/3
f 3037/1/3 3039/1/3 3038/1/3
f 3040/1/3 3042/1/3 3041/1/3
f 3043/1/3 3045/1/3 3044/1/3
f 3046/1/3 3048/1/3 3047/1/3
f 3049/1/4 3051/1/4 3050/1/4
f 3052/1/4 3054/1/4 3053/1/4
f 3055/1/4 3057/1/4 3056/1/4
f 3058/1/4 3060/1/4 3059/1/4
f 3061/1/4 3063/1/4 3062/1/4
f 3064/1/4 3066/1/4 3065/1/4
f 3067/1/4 3069/1/4 3068/1/4
f 3070/1/4 3072/1/4 3071/1/4
f 3073/1/13 3075/1/13 3074/1/13
f 3076/1/13 3078/1/13 3077/1/13
f 3079/1/14 3081/1/14 3080/1/14
f 3082/1/14 3084/1/14 3083/1/14
f 3085/1/10 3087/1/10 3086/1/10
f 3088/1/10 3090/1/10 3089/1/10
f 3091/1/9 3093/1/9 3092/1/9
f 3094/1/9 3096/1/9 3095/1/9
f 3097/1/5 3099/1/5 3098/1/5
f 3100/1/5 3102/1/5 3101/1/5
f 3103/1/6 3105/1/6 3104/1/6
f 3106/1/6 3108/1/6 3107/1/6
f 3109/1/19 3111/1/19 3110/1/19
f 3112/1/19 3114/1/19 3113/1/19
f 3115/1/20 3117/1/20 3116/1/20
f 3118/1/20 3120/1/20 3119/1/20
f 3121/1/3 3123/1/3 3122/1/3
f 3124/1/3 3126/1/3 3125/1/3
f 3127/1/3 3129/1/3 3128/1/3
f 3130/1/3 3132/1/3 3131/1/3
f 3133/1/3 3135/1/3 3134/1/3
f 3136/1/3 3138/1/3 3137/1/3
f 3139/1/3 3141/1/3 3140/1/3
f 3142/1/3 3144/1/3 3143/1/3
f 3145/1/4 3147/1/4 3146/1/4
f 3148/1/4 3150/1/4 3149/1/4
f 3151/1/4 3153/1/4 3152/1/4
f 3154/1/4 3156/1/4 3155/1/4
f 3157/1/4 3159/1/4 3158/1/4
f 3160/1/4 3162/1/4 3161/1/4
f 3163/1/4 3165/1/4 3164/1/4
f 3166/1/4 3168/1/4 3167/1/4
f 3169/1/13 3171/1/13 3170/1/13
f 3172/1/13 3174/1/13 3173/1/13
f 3175/1/14 3177/1/14 3176/1/14
f 3178/1/14 3180/1/14 3179/1/14
f 3181/1/10 3183/1/10 3182/1/10
f 3184/1/10 3186/1/10 3185/1/10
f 3187/1/9 3189/1/9 3188/1/9
f 3190/1/9 3192/1/9 3191/1/9
f 3193/1/5 3195/1/5 3194/1/5
f 3196/1/5 3198/1/5 3197/1/5
f 3199/1/6 3201/1/6 3200/1/6
f 3202/1/6 3204/1/6 3203/1/6
f 3205/1/19 3207/1/19 3206/1/19
f 3208/1/19 3210/1/19 3209/1/19
f 3211/1/20 3213/1/20 3212/1/20
f 3214/1/20 3216/1/20 3215/1/20
f 3217/1/3 3219/1/3 3218/1/3
f 3220/1/3 3222/1/3 3221/1/3
f 3223/1/3 3225/1/3 3224/1/3
f 3226/1/3 3228/1/3 3227/1/3
f 3229/1/3 3231/1/3 3230/1/3
f 3232/1/3 3234/1/3 3233/1/3
f 3235/1/3 3237/1/3 3236/1/3
f 3238/1/3 3240/1/3 3239/1/3
f 3241/1/4 3243/1/4 3242/1/4
f 3244/1/4 3246/1/4 3245/1/4
f 3247/1/4 3249/1/4 3248/1/4
f 3250/1/4 3252/1/4 3251/1/4
f 3253/1/4 3255/1/4 3254/1/4
f 3256/1/4 3258/1/4 3257/1/4
f 3259/1/4 3261/1/4 3260/1/4
f 3262/1/4 3264/1/4 3263/1/4
f 3265/1/13 3267/1/13 3266/1/13
f 3268/1/13 3270/1/13 3269/1/13
f 3271/1/14 3273/1/14 3272/1/14
f 3274/1/14 3276/1/14 3275/1/14
f 3277/1/10 3279/1/10 3278/1/10
f 3280/1/10 3282/1/10 3281/1/10
f 3283/1/9 3285/1/9 3284/1/9
f 3286/1/9 3288/1/9 3287/1/9
f 3289/1/5 3291/1/5 3290/1/5
f 3292/1/5 3294/1/5 3293/1/5
f 3295/1/6 3297/1/6 3296/1/6
f 3298/1/6 3300/1/6 3299/1/6
f 3301/1/21 3303/1/21 3302/1/21
f 3304/1/21 3306/1/21 3305/1/21
f 3307/1/22 3309/1/22 3308/1/22
f 3310/1/22 3312/1/22 3311/1/22
f 3313/1/3 3315/1/3 3314/1/3
f 3316/1/3 3318/1/3 3317/1/3
f 3319/1/3 3321/1/3 3320/1/3
f 3322/1/3 3324/1/3 3323/1/3
f 3325/1/3 3327/1/3 3326/1/3
f 3328/1/3 3330/1/3 3329/1/3
f 3331/1/3 3333/1/3 3332/1/3
f 3334/1/3 3336/1/3 3335/1/3
f 3337/1/4 3339/1/4 3338/1/4
f 3340/1/4 3342/1/4 3341/1/4
f 3343/1/4 3345/1/4 3344/1/4
f 3346/1/4 3348/1/4 3347/1/4
f 3349/1/4 3351/1/4 3350/1/4
f 3352/1/4 3354/1/4 3353/1/4
f 3355/1/4 3357/1/4 3356/1/4
f 3358/1/4 3360/1/4 3359/1/4
f 3361/1/13 3363/1/13 3362/1/13
f 3364/1/13 3366/1/13 3365/1/13
f 3367/1/14 3369/1/14 3368/1/14
f 3370/1/14 3372/1/14 3371/1/14
f 3373/1/10 3375/1/10 3374/1/10
f 3376/1/10 3378/1/10 3377/1/10
f 3379/1/9 3381/1/9 3380/1/9
f 3382/1/9 3384/1/9 3383/1/9
f 3385/1/5 3387/1/5 3386/1/5
f 3388/1/5 3390/1/5 3389/1/5
f 3391/1/6 3393/1/6 3392/1/6
f 3394/1/6 3396/1/6 3395/1/6
f 3397/1/21 3399/1/21 3398/1/21
f 3400/1/21 3402/1/21 3401/1/21
f 3403/1/22 3405/1/22 3404/1/22
f 3406/1/22 3408/1/22 3407/1/22
f 3409/1/3 3411/1/3 3410/1/3
f 3412/1/3 3414/1/3 3413/1/3
f 3415/1/3 3417/1/3 3416/1/3
f 3418/1/3 3420/1/3 3419/1/3
f 3421/1/3 3423/1/3 3422/1/3
f 3424/1/3 3426/1/3 3425/1/3
f 3427/1/3 3429/1/3 3428/1/3
f 3430/1/3 3432/1/3 3431/1/3
f 3433/1/4 3435/1/4 3434/1/4
f 3436/1/4 3438/1/4 3437/1/4
f 3439/1/4 3441/1/4 3440/1/4
f 3442/1/4 3444/1/4 3443/1/4
f 3445/1/4 3447/1/4 3446/1/4
f 3448/1/4 3450/1/4 3449/1/4
f 3451/1/4 3453/1/4 3452/1/4
f 3454/1/4 3456/1/4 3455/1/4
